timestamp,event_type,strategy,detail,git_rev,config_hash
2026-04-29T16:59:52Z,SIGNAL_COLLECT,daa,date=2026-04-29 | mode=offensive | targets=DBC:0.50|QQQ:0.50,5d3c401,857d1f4a
2026-04-29T16:59:53Z,NAV_UPDATE,daa,date=2026-04-29 | gross_nav=2.500645 | net_nav=2.495244 | daily_return=0.001904,5d3c401,857d1f4a
2026-04-29T17:00:12Z,SIGNAL_COLLECT,vaa,date=2026-04-29 | mode=offensive | targets=EEM:1.00,5d3c401,857d1f4a
2026-04-29T17:00:13Z,NAV_UPDATE,vaa,date=2026-04-29 | gross_nav=2.205019 | net_nav=2.200256 | daily_return=-0.000956,5d3c401,857d1f4a
2026-04-29T17:00:53Z,SIGNAL_COLLECT,paa,date=2026-04-29 | mode=offensive | targets=SHY:0.08|DBC:0.92,5d3c401,857d1f4a
2026-04-29T17:00:53Z,NAV_UPDATE,paa,date=2026-04-29 | gross_nav=2.094117 | net_nav=2.089593 | daily_return=0.004763,5d3c401,857d1f4a
2026-04-29T17:01:33Z,SIGNAL_COLLECT,baa_g12,date=2026-04-29 | mode=offensive | targets=DBC:1.00,5d3c401,857d1f4a
2026-04-29T17:01:33Z,NAV_UPDATE,baa_g12,date=2026-04-29 | gross_nav=2.048378 | net_nav=2.043953 | daily_return=0.004763,5d3c401,857d1f4a
2026-04-29T17:01:52Z,SIGNAL_COLLECT,baa_g4,date=2026-04-29 | mode=offensive | targets=EEM:1.00,5d3c401,857d1f4a
2026-04-29T17:01:52Z,NAV_UPDATE,baa_g4,date=2026-04-29 | gross_nav=2.247236 | net_nav=2.242382 | daily_return=-0.000956,5d3c401,857d1f4a
2026-04-29T17:02:01Z,SIGNAL_COLLECT,gem,date=2026-04-29 | mode=offensive | targets=SPY:1.00,5d3c401,857d1f4a
2026-04-29T17:02:01Z,NAV_UPDATE,gem,date=2026-04-29 | gross_nav=3.022676 | net_nav=3.016147 | daily_return=-0.000338,5d3c401,857d1f4a
2026-04-29T17:02:21Z,SIGNAL_COLLECT,haa,date=2026-04-29 | mode=offensive | targets=EEM:1.00,5d3c401,857d1f4a
2026-04-29T17:02:21Z,NAV_UPDATE,haa,date=2026-04-29 | gross_nav=2.247236 | net_nav=2.242382 | daily_return=-0.000956,5d3c401,857d1f4a
2026-04-29T17:02:32Z,SIGNAL_COLLECT,permanent,date=2026-04-29 | mode=offensive | targets=SPY:0.25|TLT:0.25|GLD:0.25|BIL:0.25,5d3c401,857d1f4a
2026-04-29T17:02:33Z,NAV_UPDATE,permanent,date=2026-04-29 | gross_nav=2.546733 | net_nav=2.541232 | daily_return=-0.003554,5d3c401,857d1f4a
2026-04-29T17:02:47Z,SIGNAL_COLLECT,all_weather,date=2026-04-29 | mode=offensive | targets=SPY:0.30|TLT:0.40|IEF:0.15|GLD:0.07|DBC:0.07,5d3c401,857d1f4a
2026-04-29T17:02:47Z,NAV_UPDATE,all_weather,date=2026-04-29 | gross_nav=2.295456 | net_nav=2.290498 | daily_return=-0.000805,5d3c401,857d1f4a
2026-04-29T17:03:01Z,SIGNAL_COLLECT,golden_butterfly,date=2026-04-29 | mode=offensive | targets=SPY:0.20|VBR:0.20|TLT:0.20|SHY:0.20|GLD:0.20,5d3c401,857d1f4a
2026-04-29T17:03:01Z,NAV_UPDATE,golden_butterfly,date=2026-04-29 | gross_nav=2.793423 | net_nav=2.787389 | daily_return=-0.004333,5d3c401,857d1f4a
2026-04-29T17:03:17Z,SIGNAL_COLLECT,gtaa,date=2026-04-29 | mode=offensive | targets=SPY:0.20|EFA:0.20|VNQ:0.20|IEF:0.20|DBC:0.20,5d3c401,857d1f4a
2026-04-29T17:03:17Z,NAV_UPDATE,gtaa,date=2026-04-29 | gross_nav=2.066757 | net_nav=2.062293 | daily_return=0.002390,5d3c401,857d1f4a
2026-04-29T17:03:34Z,SIGNAL_COLLECT,ivy,date=2026-04-29 | mode=offensive | targets=VTI:0.20|EFA:0.20|VNQ:0.20|IEF:0.20|DBC:0.20,5d3c401,857d1f4a
2026-04-29T17:03:34Z,NAV_UPDATE,ivy,date=2026-04-29 | gross_nav=2.047553 | net_nav=2.043130 | daily_return=0.002023,5d3c401,857d1f4a
2026-04-29T17:03:54Z,SIGNAL_COLLECT,faa,date=2026-04-29 | mode=offensive | targets=DBC:0.33|SPY:0.33|SHY:0.33,5d3c401,857d1f4a
2026-04-29T17:03:54Z,NAV_UPDATE,faa,date=2026-04-29 | gross_nav=1.932062 | net_nav=1.927888 | daily_return=0.008285,5d3c401,857d1f4a
2026-04-29T17:04:16Z,SIGNAL_COLLECT,eaa,date=2026-04-29 | mode=offensive | targets=DBC:0.45|SPY:0.29|VNQ:0.26,5d3c401,857d1f4a
2026-04-29T17:04:16Z,NAV_UPDATE,eaa,date=2026-04-29 | gross_nav=1.284728 | net_nav=1.281953 | daily_return=0.009989,5d3c401,857d1f4a
2026-04-29T17:04:33Z,SIGNAL_COLLECT,laa,date=2026-04-29 | mode=offensive | targets=QQQ:0.25|IWD:0.25|GLD:0.25|IEF:0.25,5d3c401,857d1f4a
2026-04-29T17:04:33Z,NAV_UPDATE,laa,date=2026-04-29 | gross_nav=3.673644 | net_nav=3.665709 | daily_return=-0.002286,5d3c401,857d1f4a
2026-04-29T17:10:09Z,ORDER_EXECUTE,portfolio,date=2026-04-29 | ticker=EEM | side=sell | qty=5.0 | price=0.00 | commission=0.0000,5d3c401,857d1f4a
2026-04-29T17:10:09Z,ORDER_EXECUTE,portfolio,date=2026-04-29 | ticker=DBC | side=buy | qty=10.0 | price=0.00 | commission=0.0000,5d3c401,857d1f4a
2026-04-30T16:55:42Z,SIGNAL_COLLECT,daa,date=2026-04-30 | mode=offensive | targets=DBC:0.50|QQQ:0.50,216ff11,857d1f4a
2026-04-30T16:55:43Z,NAV_UPDATE,daa,date=2026-04-30 | gross_nav=2.508738 | net_nav=2.503319 | daily_return=0.003236,216ff11,857d1f4a
2026-04-30T16:55:57Z,SIGNAL_COLLECT,vaa,date=2026-04-30 | mode=offensive | targets=EEM:1.00,216ff11,857d1f4a
2026-04-30T16:55:57Z,NAV_UPDATE,vaa,date=2026-04-30 | gross_nav=2.226471 | net_nav=2.221662 | daily_return=0.009729,216ff11,857d1f4a
2026-04-30T16:56:25Z,SIGNAL_COLLECT,paa,date=2026-04-30 | mode=offensive | targets=SHY:0.17|DBC:0.83,216ff11,857d1f4a
2026-04-30T16:56:26Z,NAV_UPDATE,paa,date=2026-04-30 | gross_nav=2.094223 | net_nav=2.089699 | daily_return=0.000051,216ff11,857d1f4a
2026-04-30T16:56:53Z,SIGNAL_COLLECT,baa_g12,date=2026-04-30 | mode=offensive | targets=DBC:1.00,216ff11,857d1f4a
2026-04-30T16:56:54Z,NAV_UPDATE,baa_g12,date=2026-04-30 | gross_nav=2.048378 | net_nav=2.043954 | daily_return=0.000000,216ff11,857d1f4a
2026-04-30T16:57:07Z,SIGNAL_COLLECT,baa_g4,date=2026-04-30 | mode=offensive | targets=EEM:1.00,216ff11,857d1f4a
2026-04-30T16:57:08Z,NAV_UPDATE,baa_g4,date=2026-04-30 | gross_nav=2.269099 | net_nav=2.264198 | daily_return=0.009729,216ff11,857d1f4a
2026-04-30T16:57:14Z,SIGNAL_COLLECT,gem,date=2026-04-30 | mode=offensive | targets=SPY:1.00,216ff11,857d1f4a
2026-04-30T16:57:14Z,NAV_UPDATE,gem,date=2026-04-30 | gross_nav=3.042657 | net_nav=3.036085 | daily_return=0.006610,216ff11,857d1f4a
2026-04-30T16:57:28Z,SIGNAL_COLLECT,haa,date=2026-04-30 | mode=offensive | targets=EEM:1.00,216ff11,857d1f4a
2026-04-30T16:57:28Z,NAV_UPDATE,haa,date=2026-04-30 | gross_nav=2.269099 | net_nav=2.264198 | daily_return=0.009729,216ff11,857d1f4a
2026-04-30T16:57:36Z,SIGNAL_COLLECT,permanent,date=2026-04-30 | mode=offensive | targets=SPY:0.25|TLT:0.25|GLD:0.25|BIL:0.25,216ff11,857d1f4a
2026-04-30T16:57:37Z,NAV_UPDATE,permanent,date=2026-04-30 | gross_nav=2.559547 | net_nav=2.554018 | daily_return=0.005031,216ff11,857d1f4a
2026-04-30T16:57:46Z,SIGNAL_COLLECT,all_weather,date=2026-04-30 | mode=offensive | targets=SPY:0.30|TLT:0.40|IEF:0.15|GLD:0.07|DBC:0.07,216ff11,857d1f4a
2026-04-30T16:57:47Z,NAV_UPDATE,all_weather,date=2026-04-30 | gross_nav=2.301190 | net_nav=2.296219 | daily_return=0.002498,216ff11,857d1f4a
2026-04-30T16:57:57Z,SIGNAL_COLLECT,golden_butterfly,date=2026-04-30 | mode=offensive | targets=SPY:0.20|VBR:0.20|TLT:0.20|SHY:0.20|GLD:0.20,216ff11,857d1f4a
2026-04-30T16:57:57Z,NAV_UPDATE,golden_butterfly,date=2026-04-30 | gross_nav=2.811325 | net_nav=2.805252 | daily_return=0.006409,216ff11,857d1f4a
2026-04-30T16:58:09Z,SIGNAL_COLLECT,gtaa,date=2026-04-30 | mode=offensive | targets=SPY:0.20|EFA:0.20|VNQ:0.20|IEF:0.20|DBC:0.20,216ff11,857d1f4a
2026-04-30T16:58:09Z,NAV_UPDATE,gtaa,date=2026-04-30 | gross_nav=2.081039 | net_nav=2.076544 | daily_return=0.006910,216ff11,857d1f4a
2026-04-30T16:58:21Z,SIGNAL_COLLECT,ivy,date=2026-04-30 | mode=offensive | targets=VTI:0.20|EFA:0.20|VNQ:0.20|IEF:0.20|DBC:0.20,216ff11,857d1f4a
2026-04-30T16:58:21Z,NAV_UPDATE,ivy,date=2026-04-30 | gross_nav=2.062291 | net_nav=2.057837 | daily_return=0.007198,216ff11,857d1f4a
2026-04-30T16:58:36Z,SIGNAL_COLLECT,faa,date=2026-04-30 | mode=offensive | targets=DBC:0.33|SPY:0.33|SHY:0.33,216ff11,857d1f4a
2026-04-30T16:58:36Z,NAV_UPDATE,faa,date=2026-04-30 | gross_nav=1.936710 | net_nav=1.932526 | daily_return=0.002405,216ff11,857d1f4a
2026-04-30T16:58:52Z,SIGNAL_COLLECT,eaa,date=2026-04-30 | mode=offensive | targets=DBC:0.49|SPY:0.27|VNQ:0.25,216ff11,857d1f4a
2026-04-30T16:58:53Z,NAV_UPDATE,eaa,date=2026-04-30 | gross_nav=1.289294 | net_nav=1.286509 | daily_return=0.003554,216ff11,857d1f4a
2026-04-30T16:59:05Z,SIGNAL_COLLECT,laa,date=2026-04-30 | mode=offensive | targets=QQQ:0.25|IWD:0.25|GLD:0.25|IEF:0.25,216ff11,857d1f4a
2026-04-30T16:59:06Z,NAV_UPDATE,laa,date=2026-04-30 | gross_nav=3.707403 | net_nav=3.699395 | daily_return=0.009189,216ff11,857d1f4a
2026-04-30T17:03:08Z,CIRCUIT_BREAKER,portfolio,date=2026-04-30 | state=defensive | current_dd=-0.2787 | threshold=-0.1800 | fallback=permanent,216ff11,857d1f4a
2026-04-30T17:03:11Z,ORDER_EXECUTE,portfolio,date=2026-04-30 | ticker=DBC | side=sell | qty=10.0 | price=0.00 | commission=0.0000,216ff11,857d1f4a
2026-04-30T17:03:11Z,ORDER_EXECUTE,portfolio,date=2026-04-30 | ticker=IEF | side=sell | qty=1.0 | price=0.00 | commission=0.0000,216ff11,857d1f4a
2026-04-30T17:03:11Z,ORDER_EXECUTE,portfolio,date=2026-04-30 | ticker=QQQM | side=sell | qty=1.0 | price=0.00 | commission=0.0000,216ff11,857d1f4a
2026-04-30T17:03:11Z,ORDER_EXECUTE,portfolio,date=2026-04-30 | ticker=BIL | side=buy | qty=3.0 | price=0.00 | commission=0.0000,216ff11,857d1f4a
2026-04-30T17:03:11Z,ORDER_EXECUTE,portfolio,date=2026-04-30 | ticker=GLDM | side=buy | qty=2.0 | price=0.00 | commission=0.0000,216ff11,857d1f4a
2026-04-30T17:03:11Z,ORDER_EXECUTE,portfolio,date=2026-04-30 | ticker=TLT | side=buy | qty=3.0 | price=0.00 | commission=0.0000,216ff11,857d1f4a
2026-05-01T16:30:40Z,SIGNAL_COLLECT,daa,date=2026-05-01 | mode=offensive | targets=DBC:0.50|QQQ:0.50,c0d839d,857d1f4a
2026-05-01T16:30:40Z,NAV_UPDATE,daa,date=2026-05-01 | gross_nav=2.525400 | net_nav=2.525400 | daily_return=0.006642,c0d839d,857d1f4a
2026-05-01T16:30:53Z,SIGNAL_COLLECT,vaa,date=2026-05-01 | mode=offensive | targets=EEM:1.00,c0d839d,857d1f4a
2026-05-01T16:30:54Z,NAV_UPDATE,vaa,date=2026-05-01 | gross_nav=2.256364 | net_nav=2.256364 | daily_return=0.013426,c0d839d,857d1f4a
2026-05-01T16:31:21Z,SIGNAL_COLLECT,paa,date=2026-05-01 | mode=offensive | targets=SHY:0.08|DBC:0.92,c0d839d,857d1f4a
2026-05-01T16:31:21Z,NAV_UPDATE,paa,date=2026-05-01 | gross_nav=2.085537 | net_nav=2.085537 | daily_return=-0.004147,c0d839d,857d1f4a
2026-05-01T16:31:47Z,SIGNAL_COLLECT,baa_g12,date=2026-05-01 | mode=offensive | targets=DBC:1.00,c0d839d,857d1f4a
2026-05-01T16:31:47Z,NAV_UPDATE,baa_g12,date=2026-05-01 | gross_nav=2.039127 | net_nav=2.039127 | daily_return=-0.004516,c0d839d,857d1f4a
2026-05-01T16:32:00Z,SIGNAL_COLLECT,baa_g4,date=2026-05-01 | mode=offensive | targets=EEM:1.00,c0d839d,857d1f4a
2026-05-01T16:32:01Z,NAV_UPDATE,baa_g4,date=2026-05-01 | gross_nav=2.299564 | net_nav=2.299564 | daily_return=0.013426,c0d839d,857d1f4a
2026-05-01T16:32:06Z,SIGNAL_COLLECT,gem,date=2026-05-01 | mode=offensive | targets=SPY:1.00,c0d839d,857d1f4a
2026-05-01T16:32:06Z,NAV_UPDATE,gem,date=2026-05-01 | gross_nav=3.076996 | net_nav=3.076996 | daily_return=0.011286,c0d839d,857d1f4a
2026-05-01T16:32:19Z,SIGNAL_COLLECT,haa,date=2026-05-01 | mode=offensive | targets=EEM:1.00,c0d839d,857d1f4a
2026-05-01T16:32:20Z,NAV_UPDATE,haa,date=2026-05-01 | gross_nav=2.299564 | net_nav=2.299564 | daily_return=0.013426,c0d839d,857d1f4a
2026-05-01T16:32:27Z,SIGNAL_COLLECT,permanent,date=2026-05-01 | mode=offensive | targets=SPY:0.25|TLT:0.25|GLD:0.25|BIL:0.25,c0d839d,857d1f4a
2026-05-01T16:32:28Z,NAV_UPDATE,permanent,date=2026-05-01 | gross_nav=2.568034 | net_nav=2.568034 | daily_return=0.003316,c0d839d,857d1f4a
2026-05-01T16:32:37Z,SIGNAL_COLLECT,all_weather,date=2026-05-01 | mode=offensive | targets=SPY:0.30|TLT:0.40|IEF:0.15|GLD:0.07|DBC:0.07,c0d839d,857d1f4a
2026-05-01T16:32:37Z,NAV_UPDATE,all_weather,date=2026-05-01 | gross_nav=2.308141 | net_nav=2.308141 | daily_return=0.003021,c0d839d,857d1f4a
2026-05-01T16:32:46Z,SIGNAL_COLLECT,golden_butterfly,date=2026-05-01 | mode=offensive | targets=SPY:0.20|VBR:0.20|TLT:0.20|SHY:0.20|GLD:0.20,c0d839d,857d1f4a
2026-05-01T16:32:47Z,NAV_UPDATE,golden_butterfly,date=2026-05-01 | gross_nav=2.819773 | net_nav=2.819773 | daily_return=0.003005,c0d839d,857d1f4a
2026-05-01T16:32:58Z,SIGNAL_COLLECT,gtaa,date=2026-05-01 | mode=offensive | targets=SPY:0.20|EFA:0.20|VNQ:0.20|IEF:0.20|DBC:0.20,c0d839d,857d1f4a
2026-05-01T16:32:58Z,NAV_UPDATE,gtaa,date=2026-05-01 | gross_nav=2.086648 | net_nav=2.086648 | daily_return=0.002695,c0d839d,857d1f4a
2026-05-01T16:33:10Z,SIGNAL_COLLECT,ivy,date=2026-05-01 | mode=offensive | targets=VTI:0.20|EFA:0.20|VNQ:0.20|IEF:0.20|DBC:0.20,c0d839d,857d1f4a
2026-05-01T16:33:10Z,NAV_UPDATE,ivy,date=2026-05-01 | gross_nav=2.067812 | net_nav=2.067812 | daily_return=0.002677,c0d839d,857d1f4a
2026-05-01T16:33:23Z,SIGNAL_COLLECT,faa,date=2026-05-01 | mode=offensive | targets=DBC:0.33|SPY:0.33|SHY:0.33,c0d839d,857d1f4a
2026-05-01T16:33:24Z,NAV_UPDATE,faa,date=2026-05-01 | gross_nav=1.939593 | net_nav=1.939593 | daily_return=0.001488,c0d839d,857d1f4a
2026-05-01T16:33:38Z,SIGNAL_COLLECT,eaa,date=2026-05-01 | mode=offensive | targets=DBC:0.49|SPY:0.27|VNQ:0.25,c0d839d,857d1f4a
2026-05-01T16:33:39Z,NAV_UPDATE,eaa,date=2026-05-01 | gross_nav=1.292018 | net_nav=1.292018 | daily_return=0.002113,c0d839d,857d1f4a
2026-05-01T16:33:51Z,SIGNAL_COLLECT,laa,date=2026-05-01 | mode=offensive | targets=QQQ:0.25|IWD:0.25|GLD:0.25|IEF:0.25,c0d839d,857d1f4a
2026-05-01T16:33:51Z,NAV_UPDATE,laa,date=2026-05-01 | gross_nav=3.731135 | net_nav=3.731135 | daily_return=0.006401,c0d839d,857d1f4a
2026-05-01T16:37:45Z,CIRCUIT_BREAKER,portfolio,date=2026-05-01 | state=defensive | current_dd=-0.5652 | threshold=-0.1800 | fallback=permanent,c0d839d,857d1f4a
2026-05-01T16:37:46Z,ORDER_EXECUTE,portfolio,date=2026-05-01 | ticker=GLDM | side=buy | qty=2.0 | price=0.00 | commission=0.0000,c0d839d,857d1f4a
2026-05-04T17:10:46Z,SIGNAL_COLLECT,daa,date=2026-05-04 | mode=defensive | targets=SHY:1.00,e6e3618,857d1f4a
2026-05-04T17:10:47Z,NAV_UPDATE,daa,date=2026-05-04 | gross_nav=2.543340 | net_nav=2.543340 | daily_return=0.007104,e6e3618,857d1f4a
2026-05-04T17:11:03Z,SIGNAL_COLLECT,vaa,date=2026-05-04 | mode=defensive | targets=SHY:1.00,e6e3618,857d1f4a
2026-05-04T17:11:04Z,NAV_UPDATE,vaa,date=2026-05-04 | gross_nav=2.252496 | net_nav=2.252496 | daily_return=-0.001714,e6e3618,857d1f4a
2026-05-04T17:11:37Z,SIGNAL_COLLECT,paa,date=2026-05-04 | mode=offensive | targets=SHY:0.17|DBC:0.83,e6e3618,857d1f4a
2026-05-04T17:11:37Z,NAV_UPDATE,paa,date=2026-05-04 | gross_nav=2.118097 | net_nav=2.118097 | daily_return=0.015612,e6e3618,857d1f4a
2026-05-04T17:12:10Z,SIGNAL_COLLECT,baa_g12,date=2026-05-04 | mode=offensive | targets=DBC:1.00,e6e3618,857d1f4a
2026-05-04T17:12:10Z,NAV_UPDATE,baa_g12,date=2026-05-04 | gross_nav=2.074148 | net_nav=2.074148 | daily_return=0.017174,e6e3618,857d1f4a
2026-05-04T17:12:26Z,SIGNAL_COLLECT,baa_g4,date=2026-05-04 | mode=offensive | targets=EEM:1.00,e6e3618,857d1f4a
2026-05-04T17:12:27Z,NAV_UPDATE,baa_g4,date=2026-05-04 | gross_nav=2.295621 | net_nav=2.295621 | daily_return=-0.001714,e6e3618,857d1f4a
2026-05-04T17:12:34Z,SIGNAL_COLLECT,gem,date=2026-05-04 | mode=offensive | targets=SPY:1.00,e6e3618,857d1f4a
2026-05-04T17:12:34Z,NAV_UPDATE,gem,date=2026-05-04 | gross_nav=3.056802 | net_nav=3.056802 | daily_return=-0.006563,e6e3618,857d1f4a
2026-05-04T17:12:50Z,SIGNAL_COLLECT,haa,date=2026-05-04 | mode=offensive | targets=EEM:1.00,e6e3618,857d1f4a
2026-05-04T17:12:51Z,NAV_UPDATE,haa,date=2026-05-04 | gross_nav=2.295621 | net_nav=2.295621 | daily_return=-0.001714,e6e3618,857d1f4a
2026-05-04T17:13:00Z,SIGNAL_COLLECT,permanent,date=2026-05-04 | mode=offensive | targets=SPY:0.25|TLT:0.25|GLD:0.25|BIL:0.25,e6e3618,857d1f4a
2026-05-04T17:13:01Z,NAV_UPDATE,permanent,date=2026-05-04 | gross_nav=2.542426 | net_nav=2.542426 | daily_return=-0.009972,e6e3618,857d1f4a
2026-05-04T17:13:13Z,SIGNAL_COLLECT,all_weather,date=2026-05-04 | mode=offensive | targets=SPY:0.30|TLT:0.40|IEF:0.15|GLD:0.07|DBC:0.07,e6e3618,857d1f4a
2026-05-04T17:13:13Z,NAV_UPDATE,all_weather,date=2026-05-04 | gross_nav=2.292126 | net_nav=2.292126 | daily_return=-0.006938,e6e3618,857d1f4a
2026-05-04T17:13:25Z,SIGNAL_COLLECT,golden_butterfly,date=2026-05-04 | mode=offensive | targets=SPY:0.20|VBR:0.20|TLT:0.20|SHY:0.20|GLD:0.20,e6e3618,857d1f4a
2026-05-04T17:13:25Z,NAV_UPDATE,golden_butterfly,date=2026-05-04 | gross_nav=2.789444 | net_nav=2.789444 | daily_return=-0.010756,e6e3618,857d1f4a
2026-05-04T17:13:39Z,SIGNAL_COLLECT,gtaa,date=2026-05-04 | mode=offensive | targets=SPY:0.25|EFA:0.25|VNQ:0.25|DBC:0.25,e6e3618,857d1f4a
2026-05-04T17:13:40Z,NAV_UPDATE,gtaa,date=2026-05-04 | gross_nav=2.077750 | net_nav=2.077750 | daily_return=-0.004264,e6e3618,857d1f4a
2026-05-04T17:13:53Z,SIGNAL_COLLECT,ivy,date=2026-05-04 | mode=offensive | targets=VTI:0.25|EFA:0.25|VNQ:0.25|DBC:0.25,e6e3618,857d1f4a
2026-05-04T17:13:53Z,NAV_UPDATE,ivy,date=2026-05-04 | gross_nav=2.059152 | net_nav=2.059152 | daily_return=-0.004188,e6e3618,857d1f4a
2026-05-04T17:14:11Z,SIGNAL_COLLECT,faa,date=2026-05-04 | mode=offensive | targets=DBC:0.33|SPY:0.33|SHY:0.33,e6e3618,857d1f4a
2026-05-04T17:14:11Z,NAV_UPDATE,faa,date=2026-05-04 | gross_nav=1.945431 | net_nav=1.945431 | daily_return=0.003010,e6e3618,857d1f4a
2026-05-04T17:14:30Z,SIGNAL_COLLECT,eaa,date=2026-05-04 | mode=offensive | targets=DBC:0.54|SPY:0.25|EEM:0.21,e6e3618,857d1f4a
2026-05-04T17:14:30Z,NAV_UPDATE,eaa,date=2026-05-04 | gross_nav=1.297558 | net_nav=1.297558 | daily_return=0.004288,e6e3618,857d1f4a
2026-05-04T17:14:45Z,SIGNAL_COLLECT,laa,date=2026-05-04 | mode=offensive | targets=QQQ:0.25|IWD:0.25|GLD:0.25|IEF:0.25,e6e3618,857d1f4a
2026-05-04T17:14:45Z,NAV_UPDATE,laa,date=2026-05-04 | gross_nav=3.695183 | net_nav=3.695183 | daily_return=-0.009636,e6e3618,857d1f4a
2026-05-04T17:19:34Z,CIRCUIT_BREAKER,portfolio,date=2026-05-04 | state=defensive | current_dd=-0.1862 | threshold=-0.1800 | fallback=permanent,e6e3618,857d1f4a
2026-05-05T17:04:10Z,SIGNAL_COLLECT,daa,date=2026-05-05 | mode=offensive | targets=DBC:0.50|EEM:0.50,d6ff2ce,857d1f4a
2026-05-05T17:04:10Z,NAV_UPDATE,daa,date=2026-05-05 | gross_nav=2.545198 | net_nav=2.545198 | daily_return=0.000730,d6ff2ce,857d1f4a
2026-05-05T17:04:27Z,SIGNAL_COLLECT,vaa,date=2026-05-05 | mode=offensive | targets=EEM:1.00,d6ff2ce,857d1f4a
2026-05-05T17:04:28Z,NAV_UPDATE,vaa,date=2026-05-05 | gross_nav=2.254141 | net_nav=2.254141 | daily_return=0.000730,d6ff2ce,857d1f4a
2026-05-05T17:05:02Z,SIGNAL_COLLECT,paa,date=2026-05-05 | mode=offensive | targets=SHY:0.08|DBC:0.92,d6ff2ce,857d1f4a
2026-05-05T17:05:03Z,NAV_UPDATE,paa,date=2026-05-05 | gross_nav=2.102611 | net_nav=2.102611 | daily_return=-0.007311,d6ff2ce,857d1f4a
2026-05-05T17:05:38Z,SIGNAL_COLLECT,baa_g12,date=2026-05-05 | mode=offensive | targets=DBC:1.00,d6ff2ce,857d1f4a
2026-05-05T17:05:38Z,NAV_UPDATE,baa_g12,date=2026-05-05 | gross_nav=2.055647 | net_nav=2.055647 | daily_return=-0.008920,d6ff2ce,857d1f4a
2026-05-05T17:05:55Z,SIGNAL_COLLECT,baa_g4,date=2026-05-05 | mode=offensive | targets=EEM:1.00,d6ff2ce,857d1f4a
2026-05-05T17:05:56Z,NAV_UPDATE,baa_g4,date=2026-05-05 | gross_nav=2.348666 | net_nav=2.348666 | daily_return=0.023107,d6ff2ce,857d1f4a
2026-05-05T17:06:03Z,SIGNAL_COLLECT,gem,date=2026-05-05 | mode=offensive | targets=SPY:1.00,d6ff2ce,857d1f4a
2026-05-05T17:06:03Z,NAV_UPDATE,gem,date=2026-05-05 | gross_nav=3.082492 | net_nav=3.082492 | daily_return=0.008404,d6ff2ce,857d1f4a
2026-05-05T17:06:21Z,SIGNAL_COLLECT,haa,date=2026-05-05 | mode=offensive | targets=EEM:1.00,d6ff2ce,857d1f4a
2026-05-05T17:06:21Z,NAV_UPDATE,haa,date=2026-05-05 | gross_nav=2.348666 | net_nav=2.348666 | daily_return=0.023107,d6ff2ce,857d1f4a
2026-05-05T17:06:32Z,SIGNAL_COLLECT,permanent,date=2026-05-05 | mode=offensive | targets=SPY:0.25|TLT:0.25|GLD:0.25|BIL:0.25,d6ff2ce,857d1f4a
2026-05-05T17:06:32Z,NAV_UPDATE,permanent,date=2026-05-05 | gross_nav=2.556509 | net_nav=2.556509 | daily_return=0.005539,d6ff2ce,857d1f4a
2026-05-05T17:06:44Z,SIGNAL_COLLECT,all_weather,date=2026-05-05 | mode=offensive | targets=SPY:0.30|TLT:0.40|IEF:0.15|GLD:0.07|DBC:0.07,d6ff2ce,857d1f4a
2026-05-05T17:06:45Z,NAV_UPDATE,all_weather,date=2026-05-05 | gross_nav=2.303892 | net_nav=2.303892 | daily_return=0.005133,d6ff2ce,857d1f4a
2026-05-05T17:06:57Z,SIGNAL_COLLECT,golden_butterfly,date=2026-05-05 | mode=offensive | targets=SPY:0.20|VBR:0.20|TLT:0.20|SHY:0.20|GLD:0.20,d6ff2ce,857d1f4a
2026-05-05T17:06:58Z,NAV_UPDATE,golden_butterfly,date=2026-05-05 | gross_nav=2.809310 | net_nav=2.809310 | daily_return=0.007122,d6ff2ce,857d1f4a
2026-05-05T17:07:12Z,SIGNAL_COLLECT,gtaa,date=2026-05-05 | mode=offensive | targets=SPY:0.20|EFA:0.20|VNQ:0.20|IEF:0.20|DBC:0.20,d6ff2ce,857d1f4a
2026-05-05T17:07:13Z,NAV_UPDATE,gtaa,date=2026-05-05 | gross_nav=2.086787 | net_nav=2.086787 | daily_return=0.004349,d6ff2ce,857d1f4a
2026-05-05T17:07:28Z,SIGNAL_COLLECT,ivy,date=2026-05-05 | mode=offensive | targets=VTI:0.20|EFA:0.20|VNQ:0.20|IEF:0.20|DBC:0.20,d6ff2ce,857d1f4a
2026-05-05T17:07:28Z,NAV_UPDATE,ivy,date=2026-05-05 | gross_nav=2.068294 | net_nav=2.068294 | daily_return=0.004440,d6ff2ce,857d1f4a
2026-05-05T17:07:46Z,SIGNAL_COLLECT,faa,date=2026-05-05 | mode=offensive | targets=DBC:0.33|SPY:0.33|SHY:0.33,d6ff2ce,857d1f4a
2026-05-05T17:07:46Z,NAV_UPDATE,faa,date=2026-05-05 | gross_nav=1.945570 | net_nav=1.945570 | daily_return=0.000072,d6ff2ce,857d1f4a
2026-05-05T17:08:06Z,SIGNAL_COLLECT,eaa,date=2026-05-05 | mode=offensive | targets=DBC:0.49|SPY:0.27|EEM:0.24,d6ff2ce,857d1f4a
2026-05-05T17:08:06Z,NAV_UPDATE,eaa,date=2026-05-05 | gross_nav=1.300313 | net_nav=1.300313 | daily_return=0.002123,d6ff2ce,857d1f4a
2026-05-05T17:08:22Z,SIGNAL_COLLECT,laa,date=2026-05-05 | mode=offensive | targets=QQQ:0.25|IWD:0.25|GLD:0.25|IEF:0.25,d6ff2ce,857d1f4a
2026-05-05T17:08:22Z,NAV_UPDATE,laa,date=2026-05-05 | gross_nav=3.727010 | net_nav=3.727010 | daily_return=0.008613,d6ff2ce,857d1f4a
2026-05-05T17:13:35Z,ORDER_EXECUTE,portfolio,date=2026-05-05 | ticker=BIL | side=sell | qty=3.0 | price=0.00 | commission=0.0000,d6ff2ce,857d1f4a
2026-05-05T17:13:35Z,ORDER_EXECUTE,portfolio,date=2026-05-05 | ticker=GLDM | side=sell | qty=2.0 | price=0.00 | commission=0.0000,d6ff2ce,857d1f4a
2026-05-05T17:13:35Z,ORDER_EXECUTE,portfolio,date=2026-05-05 | ticker=TLT | side=sell | qty=3.0 | price=0.00 | commission=0.0000,d6ff2ce,857d1f4a
2026-05-05T17:13:35Z,ORDER_EXECUTE,portfolio,date=2026-05-05 | ticker=EEM | side=buy | qty=9.0 | price=0.00 | commission=0.0000,d6ff2ce,857d1f4a
2026-05-05T17:13:35Z,ORDER_EXECUTE,portfolio,date=2026-05-05 | ticker=IEF | side=buy | qty=1.0 | price=0.00 | commission=0.0000,d6ff2ce,857d1f4a
2026-05-06T17:00:49Z,SIGNAL_COLLECT,daa,date=2026-05-06 | mode=offensive | targets=EEM:0.50|QQQ:0.50,0077e86,857d1f4a
2026-05-06T17:00:49Z,NAV_UPDATE,daa,date=2026-05-06 | gross_nav=2.544557 | net_nav=2.544557 | daily_return=-0.000252,0077e86,857d1f4a
2026-05-06T17:01:06Z,SIGNAL_COLLECT,vaa,date=2026-05-06 | mode=offensive | targets=EEM:1.00,0077e86,857d1f4a
2026-05-06T17:01:07Z,NAV_UPDATE,vaa,date=2026-05-06 | gross_nav=2.309523 | net_nav=2.309523 | daily_return=0.024569,0077e86,857d1f4a
2026-05-06T17:01:43Z,SIGNAL_COLLECT,paa,date=2026-05-06 | mode=offensive | targets=SHY:0.08|EEM:0.92,0077e86,857d1f4a
2026-05-06T17:01:43Z,NAV_UPDATE,paa,date=2026-05-06 | gross_nav=2.054498 | net_nav=2.054498 | daily_return=-0.022882,0077e86,857d1f4a
2026-05-06T17:02:19Z,SIGNAL_COLLECT,baa_g12,date=2026-05-06 | mode=offensive | targets=EEM:1.00,0077e86,857d1f4a
2026-05-06T17:02:19Z,NAV_UPDATE,baa_g12,date=2026-05-06 | gross_nav=2.004107 | net_nav=2.004107 | daily_return=-0.025072,0077e86,857d1f4a
2026-05-06T17:02:37Z,SIGNAL_COLLECT,baa_g4,date=2026-05-06 | mode=offensive | targets=EEM:1.00,0077e86,857d1f4a
2026-05-06T17:02:38Z,NAV_UPDATE,baa_g4,date=2026-05-06 | gross_nav=2.406370 | net_nav=2.406370 | daily_return=0.024569,0077e86,857d1f4a
2026-05-06T17:02:45Z,SIGNAL_COLLECT,gem,date=2026-05-06 | mode=offensive | targets=SPY:1.00,0077e86,857d1f4a
2026-05-06T17:02:45Z,NAV_UPDATE,gem,date=2026-05-06 | gross_nav=3.113721 | net_nav=3.113721 | daily_return=0.010131,0077e86,857d1f4a
2026-05-06T17:03:02Z,SIGNAL_COLLECT,haa,date=2026-05-06 | mode=offensive | targets=EEM:1.00,0077e86,857d1f4a
2026-05-06T17:03:03Z,NAV_UPDATE,haa,date=2026-05-06 | gross_nav=2.406370 | net_nav=2.406370 | daily_return=0.024569,0077e86,857d1f4a
2026-05-06T17:03:13Z,SIGNAL_COLLECT,permanent,date=2026-05-06 | mode=offensive | targets=SPY:0.25|TLT:0.25|GLD:0.25|BIL:0.25,0077e86,857d1f4a
2026-05-06T17:03:13Z,NAV_UPDATE,permanent,date=2026-05-06 | gross_nav=2.584546 | net_nav=2.584546 | daily_return=0.010967,0077e86,857d1f4a
2026-05-06T17:03:26Z,SIGNAL_COLLECT,all_weather,date=2026-05-06 | mode=offensive | targets=SPY:0.30|TLT:0.40|IEF:0.15|GLD:0.07|DBC:0.07,0077e86,857d1f4a
2026-05-06T17:03:26Z,NAV_UPDATE,all_weather,date=2026-05-06 | gross_nav=2.319162 | net_nav=2.319162 | daily_return=0.006628,0077e86,857d1f4a
2026-05-06T17:03:39Z,SIGNAL_COLLECT,golden_butterfly,date=2026-05-06 | mode=offensive | targets=SPY:0.20|VBR:0.20|TLT:0.20|SHY:0.20|GLD:0.20,0077e86,857d1f4a
2026-05-06T17:03:40Z,NAV_UPDATE,golden_butterfly,date=2026-05-06 | gross_nav=2.841141 | net_nav=2.841141 | daily_return=0.011331,0077e86,857d1f4a
2026-05-06T17:03:54Z,SIGNAL_COLLECT,gtaa,date=2026-05-06 | mode=offensive | targets=SPY:0.20|EFA:0.20|VNQ:0.20|IEF:0.20|DBC:0.20,0077e86,857d1f4a
2026-05-06T17:03:55Z,NAV_UPDATE,gtaa,date=2026-05-06 | gross_nav=2.098928 | net_nav=2.098928 | daily_return=0.005818,0077e86,857d1f4a
2026-05-06T17:04:10Z,SIGNAL_COLLECT,ivy,date=2026-05-06 | mode=offensive | targets=VTI:0.20|EFA:0.20|VNQ:0.20|IEF:0.20|DBC:0.20,0077e86,857d1f4a
2026-05-06T17:04:11Z,NAV_UPDATE,ivy,date=2026-05-06 | gross_nav=2.080589 | net_nav=2.080589 | daily_return=0.005945,0077e86,857d1f4a
2026-05-06T17:04:39Z,SIGNAL_COLLECT,faa,date=2026-05-06 | mode=offensive | targets=DBC:0.33|SPY:0.33|EEM:0.33,0077e86,857d1f4a
2026-05-06T17:04:39Z,NAV_UPDATE,faa,date=2026-05-06 | gross_nav=1.936670 | net_nav=1.936670 | daily_return=-0.004574,0077e86,857d1f4a
2026-05-06T17:04:59Z,SIGNAL_COLLECT,eaa,date=2026-05-06 | mode=offensive | targets=DBC:0.40|SPY:0.31|EEM:0.28,0077e86,857d1f4a
2026-05-06T17:04:59Z,NAV_UPDATE,eaa,date=2026-05-06 | gross_nav=1.295735 | net_nav=1.295735 | daily_return=-0.003520,0077e86,857d1f4a
2026-05-06T17:05:15Z,SIGNAL_COLLECT,laa,date=2026-05-06 | mode=offensive | targets=QQQ:0.25|IWD:0.25|GLD:0.25|IEF:0.25,0077e86,857d1f4a
2026-05-06T17:05:15Z,NAV_UPDATE,laa,date=2026-05-06 | gross_nav=3.776805 | net_nav=3.776805 | daily_return=0.013361,0077e86,857d1f4a
2026-05-07T17:16:03Z,SIGNAL_COLLECT,daa,date=2026-05-07 | mode=offensive | targets=QQQ:0.50|DBC:0.50,5abbe48,857d1f4a
2026-05-07T17:16:04Z,NAV_UPDATE,daa,date=2026-05-07 | gross_nav=2.543233 | net_nav=2.543233 | daily_return=-0.000520,5abbe48,857d1f4a
2026-05-07T17:16:17Z,SIGNAL_COLLECT,vaa,date=2026-05-07 | mode=offensive | targets=EEM:1.00,5abbe48,857d1f4a
2026-05-07T17:16:17Z,NAV_UPDATE,vaa,date=2026-05-07 | gross_nav=2.296796 | net_nav=2.296796 | daily_return=-0.005511,5abbe48,857d1f4a
2026-05-07T17:16:45Z,SIGNAL_COLLECT,paa,date=2026-05-07 | mode=offensive | targets=SHY:0.08|QQQ:0.92,5abbe48,857d1f4a
2026-05-07T17:16:45Z,NAV_UPDATE,paa,date=2026-05-07 | gross_nav=2.044015 | net_nav=2.044015 | daily_return=-0.005102,5abbe48,857d1f4a
2026-05-07T17:17:13Z,SIGNAL_COLLECT,baa_g12,date=2026-05-07 | mode=offensive | targets=QQQ:1.00,5abbe48,857d1f4a
2026-05-07T17:17:13Z,NAV_UPDATE,baa_g12,date=2026-05-07 | gross_nav=1.993063 | net_nav=1.993063 | daily_return=-0.005511,5abbe48,857d1f4a
2026-05-07T17:17:27Z,SIGNAL_COLLECT,baa_g4,date=2026-05-07 | mode=offensive | targets=EEM:1.00,5abbe48,857d1f4a
2026-05-07T17:17:28Z,NAV_UPDATE,baa_g4,date=2026-05-07 | gross_nav=2.393109 | net_nav=2.393109 | daily_return=-0.005511,5abbe48,857d1f4a
2026-05-07T17:17:33Z,SIGNAL_COLLECT,gem,date=2026-05-07 | mode=offensive | targets=SPY:1.00,5abbe48,857d1f4a
2026-05-07T17:17:34Z,NAV_UPDATE,gem,date=2026-05-07 | gross_nav=3.117854 | net_nav=3.117854 | daily_return=0.001327,5abbe48,857d1f4a
2026-05-07T17:17:48Z,SIGNAL_COLLECT,haa,date=2026-05-07 | mode=offensive | targets=EEM:1.00,5abbe48,857d1f4a
2026-05-07T17:17:48Z,NAV_UPDATE,haa,date=2026-05-07 | gross_nav=2.393109 | net_nav=2.393109 | daily_return=-0.005511,5abbe48,857d1f4a
2026-05-07T17:17:56Z,SIGNAL_COLLECT,permanent,date=2026-05-07 | mode=offensive | targets=SPY:0.25|TLT:0.25|GLD:0.25|BIL:0.25,5abbe48,857d1f4a
2026-05-07T17:17:56Z,NAV_UPDATE,permanent,date=2026-05-07 | gross_nav=2.588587 | net_nav=2.588587 | daily_return=0.001564,5abbe48,857d1f4a
2026-05-07T17:18:07Z,SIGNAL_COLLECT,all_weather,date=2026-05-07 | mode=offensive | targets=SPY:0.30|TLT:0.40|IEF:0.15|GLD:0.07|DBC:0.07,5abbe48,857d1f4a
2026-05-07T17:18:07Z,NAV_UPDATE,all_weather,date=2026-05-07 | gross_nav=2.317463 | net_nav=2.317463 | daily_return=-0.000733,5abbe48,857d1f4a
2026-05-07T17:18:17Z,SIGNAL_COLLECT,golden_butterfly,date=2026-05-07 | mode=offensive | targets=SPY:0.20|VBR:0.20|TLT:0.20|SHY:0.20|GLD:0.20,5abbe48,857d1f4a
2026-05-07T17:18:17Z,NAV_UPDATE,golden_butterfly,date=2026-05-07 | gross_nav=2.840729 | net_nav=2.840729 | daily_return=-0.000145,5abbe48,857d1f4a
2026-05-07T17:18:29Z,SIGNAL_COLLECT,gtaa,date=2026-05-07 | mode=offensive | targets=SPY:0.20|EFA:0.20|VNQ:0.20|IEF:0.20|DBC:0.20,5abbe48,857d1f4a
2026-05-07T17:18:29Z,NAV_UPDATE,gtaa,date=2026-05-07 | gross_nav=2.089350 | net_nav=2.089350 | daily_return=-0.004563,5abbe48,857d1f4a
2026-05-07T17:18:41Z,SIGNAL_COLLECT,ivy,date=2026-05-07 | mode=offensive | targets=VTI:0.20|EFA:0.20|VNQ:0.20|IEF:0.20|DBC:0.20,5abbe48,857d1f4a
2026-05-07T17:18:41Z,NAV_UPDATE,ivy,date=2026-05-07 | gross_nav=2.070207 | net_nav=2.070207 | daily_return=-0.004990,5abbe48,857d1f4a
2026-05-07T17:18:55Z,SIGNAL_COLLECT,faa,date=2026-05-07 | mode=offensive | targets=DBC:0.33|SPY:0.33|SHY:0.33,5abbe48,857d1f4a
2026-05-07T17:18:55Z,NAV_UPDATE,faa,date=2026-05-07 | gross_nav=1.929075 | net_nav=1.929075 | daily_return=-0.003922,5abbe48,857d1f4a
2026-05-07T17:19:11Z,SIGNAL_COLLECT,eaa,date=2026-05-07 | mode=offensive | targets=DBC:0.48|SPY:0.29|EEM:0.23,5abbe48,857d1f4a
2026-05-07T17:19:12Z,NAV_UPDATE,eaa,date=2026-05-07 | gross_nav=1.290296 | net_nav=1.290296 | daily_return=-0.004198,5abbe48,857d1f4a
2026-05-07T17:19:25Z,SIGNAL_COLLECT,laa,date=2026-05-07 | mode=offensive | targets=QQQ:0.25|IWD:0.25|GLD:0.25|IEF:0.25,5abbe48,857d1f4a
2026-05-07T17:19:25Z,NAV_UPDATE,laa,date=2026-05-07 | gross_nav=3.778903 | net_nav=3.778903 | daily_return=0.000555,5abbe48,857d1f4a
2026-05-08T16:50:36Z,SIGNAL_COLLECT,daa,date=2026-05-08 | mode=offensive | targets=QQQ:0.50|EEM:0.50,2e4c987,857d1f4a
2026-05-08T16:50:36Z,NAV_UPDATE,daa,date=2026-05-08 | gross_nav=2.579415 | net_nav=2.579415 | daily_return=0.014227,2e4c987,857d1f4a
2026-05-08T16:50:51Z,SIGNAL_COLLECT,vaa,date=2026-05-08 | mode=offensive | targets=EEM:1.00,2e4c987,857d1f4a
2026-05-08T16:50:52Z,NAV_UPDATE,vaa,date=2026-05-08 | gross_nav=2.331883 | net_nav=2.331883 | daily_return=0.015276,2e4c987,857d1f4a
2026-05-08T16:51:22Z,SIGNAL_COLLECT,paa,date=2026-05-08 | mode=offensive | targets=SHY:0.08|QQQ:0.92,2e4c987,857d1f4a
2026-05-08T16:51:23Z,NAV_UPDATE,paa,date=2026-05-08 | gross_nav=2.082493 | net_nav=2.082493 | daily_return=0.018825,2e4c987,857d1f4a
2026-05-08T16:51:53Z,SIGNAL_COLLECT,baa_g12,date=2026-05-08 | mode=offensive | targets=QQQ:1.00,2e4c987,857d1f4a
2026-05-08T16:51:53Z,NAV_UPDATE,baa_g12,date=2026-05-08 | gross_nav=2.033881 | net_nav=2.033881 | daily_return=0.020480,2e4c987,857d1f4a
2026-05-08T16:52:09Z,SIGNAL_COLLECT,baa_g4,date=2026-05-08 | mode=offensive | targets=EEM:1.00,2e4c987,857d1f4a
2026-05-08T16:52:09Z,NAV_UPDATE,baa_g4,date=2026-05-08 | gross_nav=2.429667 | net_nav=2.429667 | daily_return=0.015276,2e4c987,857d1f4a
2026-05-08T16:52:16Z,SIGNAL_COLLECT,gem,date=2026-05-08 | mode=offensive | targets=SPY:1.00,2e4c987,857d1f4a
2026-05-08T16:52:16Z,NAV_UPDATE,gem,date=2026-05-08 | gross_nav=3.140860 | net_nav=3.140860 | daily_return=0.007379,2e4c987,857d1f4a
2026-05-08T16:52:31Z,SIGNAL_COLLECT,haa,date=2026-05-08 | mode=offensive | targets=EEM:1.00,2e4c987,857d1f4a
2026-05-08T16:52:31Z,NAV_UPDATE,haa,date=2026-05-08 | gross_nav=2.429667 | net_nav=2.429667 | daily_return=0.015276,2e4c987,857d1f4a
2026-05-08T16:52:40Z,SIGNAL_COLLECT,permanent,date=2026-05-08 | mode=offensive | targets=SPY:0.25|TLT:0.25|GLD:0.25|BIL:0.25,2e4c987,857d1f4a
2026-05-08T16:52:40Z,NAV_UPDATE,permanent,date=2026-05-08 | gross_nav=2.595611 | net_nav=2.595611 | daily_return=0.002713,2e4c987,857d1f4a
2026-05-08T16:52:51Z,SIGNAL_COLLECT,all_weather,date=2026-05-08 | mode=offensive | targets=SPY:0.30|TLT:0.40|IEF:0.15|GLD:0.07|DBC:0.07,2e4c987,857d1f4a
2026-05-08T16:52:51Z,NAV_UPDATE,all_weather,date=2026-05-08 | gross_nav=2.327482 | net_nav=2.327482 | daily_return=0.004323,2e4c987,857d1f4a
2026-05-08T16:53:02Z,SIGNAL_COLLECT,golden_butterfly,date=2026-05-08 | mode=offensive | targets=SPY:0.20|VBR:0.20|TLT:0.20|SHY:0.20|GLD:0.20,2e4c987,857d1f4a
2026-05-08T16:53:02Z,NAV_UPDATE,golden_butterfly,date=2026-05-08 | gross_nav=2.848467 | net_nav=2.848467 | daily_return=0.002724,2e4c987,857d1f4a
2026-05-08T16:53:15Z,SIGNAL_COLLECT,gtaa,date=2026-05-08 | mode=offensive | targets=SPY:0.20|EFA:0.20|VNQ:0.20|IEF:0.20|DBC:0.20,2e4c987,857d1f4a
2026-05-08T16:53:16Z,NAV_UPDATE,gtaa,date=2026-05-08 | gross_nav=2.099034 | net_nav=2.099034 | daily_return=0.004635,2e4c987,857d1f4a
2026-05-08T16:53:29Z,SIGNAL_COLLECT,ivy,date=2026-05-08 | mode=offensive | targets=VTI:0.20|EFA:0.20|VNQ:0.20|IEF:0.20|DBC:0.20,2e4c987,857d1f4a
2026-05-08T16:53:29Z,NAV_UPDATE,ivy,date=2026-05-08 | gross_nav=2.079402 | net_nav=2.079402 | daily_return=0.004441,2e4c987,857d1f4a
2026-05-08T16:53:45Z,SIGNAL_COLLECT,faa,date=2026-05-08 | mode=offensive | targets=DBC:0.33|SPY:0.33|EEM:0.33,2e4c987,857d1f4a
2026-05-08T16:53:45Z,NAV_UPDATE,faa,date=2026-05-08 | gross_nav=1.939337 | net_nav=1.939337 | daily_return=0.005320,2e4c987,857d1f4a
2026-05-08T16:54:02Z,SIGNAL_COLLECT,eaa,date=2026-05-08 | mode=offensive | targets=DBC:0.48|SPY:0.28|EEM:0.24,2e4c987,857d1f4a
2026-05-08T16:54:02Z,NAV_UPDATE,eaa,date=2026-05-08 | gross_nav=1.302521 | net_nav=1.302521 | daily_return=0.009475,2e4c987,857d1f4a
2026-05-08T16:54:17Z,SIGNAL_COLLECT,laa,date=2026-05-08 | mode=offensive | targets=QQQ:0.25|IWD:0.25|GLD:0.25|IEF:0.25,2e4c987,857d1f4a
2026-05-08T16:54:17Z,NAV_UPDATE,laa,date=2026-05-08 | gross_nav=3.806397 | net_nav=3.806397 | daily_return=0.007276,2e4c987,857d1f4a
2026-05-11T17:33:17Z,SIGNAL_COLLECT,daa,date=2026-05-11 | mode=offensive | targets=DBC:0.50|QQQ:0.50,e8b24c7,857d1f4a
2026-05-11T17:33:18Z,NAV_UPDATE,daa,date=2026-05-11 | gross_nav=2.591941 | net_nav=2.591941 | daily_return=0.004856,e8b24c7,857d1f4a
2026-05-11T17:33:32Z,SIGNAL_COLLECT,vaa,date=2026-05-11 | mode=offensive | targets=EEM:1.00,e8b24c7,857d1f4a
2026-05-11T17:33:32Z,NAV_UPDATE,vaa,date=2026-05-11 | gross_nav=2.338075 | net_nav=2.338075 | daily_return=0.002655,e8b24c7,857d1f4a
2026-05-11T17:34:01Z,SIGNAL_COLLECT,paa,date=2026-05-11 | mode=offensive | targets=SHY:0.08|DBC:0.92,e8b24c7,857d1f4a
2026-05-11T17:34:01Z,NAV_UPDATE,paa,date=2026-05-11 | gross_nav=2.095859 | net_nav=2.095859 | daily_return=0.006418,e8b24c7,857d1f4a
2026-05-11T17:34:30Z,SIGNAL_COLLECT,baa_g12,date=2026-05-11 | mode=offensive | targets=DBC:1.00,e8b24c7,857d1f4a
2026-05-11T17:34:30Z,NAV_UPDATE,baa_g12,date=2026-05-11 | gross_nav=2.048233 | net_nav=2.048233 | daily_return=0.007057,e8b24c7,857d1f4a
2026-05-11T17:34:44Z,SIGNAL_COLLECT,baa_g4,date=2026-05-11 | mode=offensive | targets=EEM:1.00,e8b24c7,857d1f4a
2026-05-11T17:34:45Z,NAV_UPDATE,baa_g4,date=2026-05-11 | gross_nav=2.436118 | net_nav=2.436118 | daily_return=0.002655,e8b24c7,857d1f4a
2026-05-11T17:34:51Z,SIGNAL_COLLECT,gem,date=2026-05-11 | mode=offensive | targets=SPY:1.00,e8b24c7,857d1f4a
2026-05-11T17:34:51Z,NAV_UPDATE,gem,date=2026-05-11 | gross_nav=3.152448 | net_nav=3.152448 | daily_return=0.003690,e8b24c7,857d1f4a
2026-05-11T17:35:06Z,SIGNAL_COLLECT,haa,date=2026-05-11 | mode=offensive | targets=EEM:1.00,e8b24c7,857d1f4a
2026-05-11T17:35:06Z,NAV_UPDATE,haa,date=2026-05-11 | gross_nav=2.436118 | net_nav=2.436118 | daily_return=0.002655,e8b24c7,857d1f4a
2026-05-11T17:35:15Z,SIGNAL_COLLECT,permanent,date=2026-05-11 | mode=offensive | targets=SPY:0.25|TLT:0.25|GLD:0.25|BIL:0.25,e8b24c7,857d1f4a
2026-05-11T17:35:15Z,NAV_UPDATE,permanent,date=2026-05-11 | gross_nav=2.595827 | net_nav=2.595827 | daily_return=0.000083,e8b24c7,857d1f4a
2026-05-11T17:35:25Z,SIGNAL_COLLECT,all_weather,date=2026-05-11 | mode=offensive | targets=SPY:0.30|TLT:0.40|IEF:0.15|GLD:0.07|DBC:0.07,e8b24c7,857d1f4a
2026-05-11T17:35:26Z,NAV_UPDATE,all_weather,date=2026-05-11 | gross_nav=2.328522 | net_nav=2.328522 | daily_return=0.000447,e8b24c7,857d1f4a
2026-05-11T17:35:36Z,SIGNAL_COLLECT,golden_butterfly,date=2026-05-11 | mode=offensive | targets=SPY:0.20|VBR:0.20|TLT:0.20|SHY:0.20|GLD:0.20,e8b24c7,857d1f4a
2026-05-11T17:35:36Z,NAV_UPDATE,golden_butterfly,date=2026-05-11 | gross_nav=2.846118 | net_nav=2.846118 | daily_return=-0.000825,e8b24c7,857d1f4a
2026-05-11T17:35:48Z,SIGNAL_COLLECT,gtaa,date=2026-05-11 | mode=offensive | targets=SPY:0.20|EFA:0.20|VNQ:0.20|IEF:0.20|DBC:0.20,e8b24c7,857d1f4a
2026-05-11T17:35:48Z,NAV_UPDATE,gtaa,date=2026-05-11 | gross_nav=2.108226 | net_nav=2.108226 | daily_return=0.004379,e8b24c7,857d1f4a
2026-05-11T17:36:00Z,SIGNAL_COLLECT,ivy,date=2026-05-11 | mode=offensive | targets=VTI:0.20|EFA:0.20|VNQ:0.20|IEF:0.20|DBC:0.20,e8b24c7,857d1f4a
2026-05-11T17:36:01Z,NAV_UPDATE,ivy,date=2026-05-11 | gross_nav=2.088785 | net_nav=2.088785 | daily_return=0.004513,e8b24c7,857d1f4a
2026-05-11T17:36:15Z,SIGNAL_COLLECT,faa,date=2026-05-11 | mode=offensive | targets=DBC:0.33|SPY:0.33|SHY:0.33,e8b24c7,857d1f4a
2026-05-11T17:36:15Z,NAV_UPDATE,faa,date=2026-05-11 | gross_nav=1.958564 | net_nav=1.958564 | daily_return=0.009914,e8b24c7,857d1f4a
2026-05-11T17:36:32Z,SIGNAL_COLLECT,eaa,date=2026-05-11 | mode=offensive | targets=DBC:0.51|SPY:0.27|EEM:0.22,e8b24c7,857d1f4a
2026-05-11T17:36:32Z,NAV_UPDATE,eaa,date=2026-05-11 | gross_nav=1.319398 | net_nav=1.319398 | daily_return=0.012957,e8b24c7,857d1f4a
2026-05-11T17:36:45Z,SIGNAL_COLLECT,laa,date=2026-05-11 | mode=offensive | targets=QQQ:0.25|IWD:0.25|GLD:0.25|IEF:0.25,e8b24c7,857d1f4a
2026-05-11T17:36:45Z,NAV_UPDATE,laa,date=2026-05-11 | gross_nav=3.817264 | net_nav=3.817264 | daily_return=0.002855,e8b24c7,857d1f4a
2026-05-12T17:31:32Z,SIGNAL_COLLECT,daa,date=2026-05-12 | mode=defensive | targets=SHY:1.00,66dec91,857d1f4a
2026-05-12T17:31:33Z,NAV_UPDATE,daa,date=2026-05-12 | gross_nav=2.587911 | net_nav=2.587911 | daily_return=-0.001555,66dec91,857d1f4a
2026-05-12T17:31:53Z,SIGNAL_COLLECT,vaa,date=2026-05-12 | mode=defensive | targets=SHY:1.00,66dec91,857d1f4a
2026-05-12T17:31:53Z,NAV_UPDATE,vaa,date=2026-05-12 | gross_nav=2.248983 | net_nav=2.248983 | daily_return=-0.038105,66dec91,857d1f4a
2026-05-12T17:32:33Z,SIGNAL_COLLECT,paa,date=2026-05-12 | mode=offensive | targets=SHY:0.17|DBC:0.83,66dec91,857d1f4a
2026-05-12T17:32:33Z,NAV_UPDATE,paa,date=2026-05-12 | gross_nav=2.124771 | net_nav=2.124771 | daily_return=0.013795,66dec91,857d1f4a
2026-05-12T17:33:13Z,SIGNAL_COLLECT,baa_g12,date=2026-05-12 | mode=offensive | targets=DBC:1.00,66dec91,857d1f4a
2026-05-12T17:33:14Z,NAV_UPDATE,baa_g12,date=2026-05-12 | gross_nav=2.079237 | net_nav=2.079237 | daily_return=0.015137,66dec91,857d1f4a
2026-05-12T17:33:35Z,SIGNAL_COLLECT,baa_g4,date=2026-05-12 | mode=offensive | targets=EEM:1.00,66dec91,857d1f4a
2026-05-12T17:33:35Z,NAV_UPDATE,baa_g4,date=2026-05-12 | gross_nav=2.343290 | net_nav=2.343290 | daily_return=-0.038105,66dec91,857d1f4a
2026-05-12T17:33:43Z,SIGNAL_COLLECT,gem,date=2026-05-12 | mode=offensive | targets=SPY:1.00,66dec91,857d1f4a
2026-05-12T17:33:44Z,NAV_UPDATE,gem,date=2026-05-12 | gross_nav=3.129271 | net_nav=3.129271 | daily_return=-0.007352,66dec91,857d1f4a
2026-05-12T17:34:05Z,SIGNAL_COLLECT,haa,date=2026-05-12 | mode=offensive | targets=EEM:1.00,66dec91,857d1f4a
2026-05-12T17:34:05Z,NAV_UPDATE,haa,date=2026-05-12 | gross_nav=2.343290 | net_nav=2.343290 | daily_return=-0.038105,66dec91,857d1f4a
2026-05-12T17:34:17Z,SIGNAL_COLLECT,permanent,date=2026-05-12 | mode=offensive | targets=SPY:0.25|TLT:0.25|GLD:0.25|BIL:0.25,66dec91,857d1f4a
2026-05-12T17:34:18Z,NAV_UPDATE,permanent,date=2026-05-12 | gross_nav=2.580669 | net_nav=2.580669 | daily_return=-0.005839,66dec91,857d1f4a
2026-05-12T17:34:32Z,SIGNAL_COLLECT,all_weather,date=2026-05-12 | mode=offensive | targets=SPY:0.30|TLT:0.40|IEF:0.15|GLD:0.07|DBC:0.07,66dec91,857d1f4a
2026-05-12T17:34:32Z,NAV_UPDATE,all_weather,date=2026-05-12 | gross_nav=2.316710 | net_nav=2.316710 | daily_return=-0.005073,66dec91,857d1f4a
2026-05-12T17:34:47Z,SIGNAL_COLLECT,golden_butterfly,date=2026-05-12 | mode=offensive | targets=SPY:0.20|VBR:0.20|TLT:0.20|SHY:0.20|GLD:0.20,66dec91,857d1f4a
2026-05-12T17:34:47Z,NAV_UPDATE,golden_butterfly,date=2026-05-12 | gross_nav=2.826758 | net_nav=2.826758 | daily_return=-0.006802,66dec91,857d1f4a
2026-05-12T17:35:05Z,SIGNAL_COLLECT,gtaa,date=2026-05-12 | mode=offensive | targets=SPY:0.25|EFA:0.25|VNQ:0.25|DBC:0.25,66dec91,857d1f4a
2026-05-12T17:35:05Z,NAV_UPDATE,gtaa,date=2026-05-12 | gross_nav=2.105797 | net_nav=2.105797 | daily_return=-0.001152,66dec91,857d1f4a
2026-05-12T17:35:22Z,SIGNAL_COLLECT,ivy,date=2026-05-12 | mode=offensive | targets=VTI:0.25|EFA:0.25|VNQ:0.25|DBC:0.25,66dec91,857d1f4a
2026-05-12T17:35:22Z,NAV_UPDATE,ivy,date=2026-05-12 | gross_nav=2.086100 | net_nav=2.086100 | daily_return=-0.001285,66dec91,857d1f4a
2026-05-12T17:35:41Z,SIGNAL_COLLECT,faa,date=2026-05-12 | mode=offensive | targets=DBC:0.33|SPY:0.33|SHY:0.33,66dec91,857d1f4a
2026-05-12T17:35:42Z,NAV_UPDATE,faa,date=2026-05-12 | gross_nav=1.963011 | net_nav=1.963011 | daily_return=0.002271,66dec91,857d1f4a
2026-05-12T17:36:04Z,SIGNAL_COLLECT,eaa,date=2026-05-12 | mode=offensive | targets=DBC:0.59|SPY:0.25|EEM:0.16,66dec91,857d1f4a
2026-05-12T17:36:04Z,NAV_UPDATE,eaa,date=2026-05-12 | gross_nav=1.316049 | net_nav=1.316049 | daily_return=-0.002538,66dec91,857d1f4a
2026-05-12T17:36:22Z,SIGNAL_COLLECT,laa,date=2026-05-12 | mode=offensive | targets=QQQ:0.25|IWD:0.25|GLD:0.25|IEF:0.25,66dec91,857d1f4a
2026-05-12T17:36:22Z,NAV_UPDATE,laa,date=2026-05-12 | gross_nav=3.781104 | net_nav=3.781104 | daily_return=-0.009473,66dec91,857d1f4a
2026-05-12T17:42:04Z,ORDER_EXECUTE,portfolio,date=2026-05-12 | ticker=EEM | side=sell | qty=9.0 | price=0.00 | commission=0.0000,66dec91,857d1f4a
2026-05-13T17:33:56Z,SIGNAL_COLLECT,daa,date=2026-05-13 | mode=defensive | targets=SHY:1.00,824be70,857d1f4a
2026-05-13T17:33:56Z,NAV_UPDATE,daa,date=2026-05-13 | gross_nav=2.588226 | net_nav=2.588226 | daily_return=0.000122,824be70,857d1f4a
2026-05-13T17:34:11Z,SIGNAL_COLLECT,vaa,date=2026-05-13 | mode=defensive | targets=SHY:1.00,824be70,857d1f4a
2026-05-13T17:34:11Z,NAV_UPDATE,vaa,date=2026-05-13 | gross_nav=2.249257 | net_nav=2.249257 | daily_return=0.000122,824be70,857d1f4a
2026-05-13T17:34:39Z,SIGNAL_COLLECT,paa,date=2026-05-13 | mode=offensive | targets=SHY:0.17|DBC:0.83,824be70,857d1f4a
2026-05-13T17:34:40Z,NAV_UPDATE,paa,date=2026-05-13 | gross_nav=2.121444 | net_nav=2.121444 | daily_return=-0.001566,824be70,857d1f4a
2026-05-13T17:35:08Z,SIGNAL_COLLECT,baa_g12,date=2026-05-13 | mode=offensive | targets=DBC:1.00,824be70,857d1f4a
2026-05-13T17:35:08Z,NAV_UPDATE,baa_g12,date=2026-05-13 | gross_nav=2.075279 | net_nav=2.075279 | daily_return=-0.001904,824be70,857d1f4a
2026-05-13T17:35:23Z,SIGNAL_COLLECT,baa_g4,date=2026-05-13 | mode=offensive | targets=EEM:1.00,824be70,857d1f4a
2026-05-13T17:35:23Z,NAV_UPDATE,baa_g4,date=2026-05-13 | gross_nav=2.414972 | net_nav=2.414972 | daily_return=0.030590,824be70,857d1f4a
2026-05-13T17:35:29Z,SIGNAL_COLLECT,gem,date=2026-05-13 | mode=offensive | targets=SPY:1.00,824be70,857d1f4a
2026-05-13T17:35:29Z,NAV_UPDATE,gem,date=2026-05-13 | gross_nav=3.163056 | net_nav=3.163056 | daily_return=0.010796,824be70,857d1f4a
2026-05-13T17:35:44Z,SIGNAL_COLLECT,haa,date=2026-05-13 | mode=offensive | targets=EEM:1.00,824be70,857d1f4a
2026-05-13T17:35:44Z,NAV_UPDATE,haa,date=2026-05-13 | gross_nav=2.414972 | net_nav=2.414972 | daily_return=0.030590,824be70,857d1f4a
2026-05-13T17:35:52Z,SIGNAL_COLLECT,permanent,date=2026-05-13 | mode=offensive | targets=SPY:0.25|TLT:0.25|GLD:0.25|BIL:0.25,824be70,857d1f4a
2026-05-13T17:35:53Z,NAV_UPDATE,permanent,date=2026-05-13 | gross_nav=2.587939 | net_nav=2.587939 | daily_return=0.002817,824be70,857d1f4a
2026-05-13T17:36:03Z,SIGNAL_COLLECT,all_weather,date=2026-05-13 | mode=offensive | targets=SPY:0.30|TLT:0.40|IEF:0.15|GLD:0.07|DBC:0.07,824be70,857d1f4a
2026-05-13T17:36:03Z,NAV_UPDATE,all_weather,date=2026-05-13 | gross_nav=2.321297 | net_nav=2.321297 | daily_return=0.001980,824be70,857d1f4a
2026-05-13T17:36:13Z,SIGNAL_COLLECT,golden_butterfly,date=2026-05-13 | mode=offensive | targets=SPY:0.20|VBR:0.20|TLT:0.20|SHY:0.20|GLD:0.20,824be70,857d1f4a
2026-05-13T17:36:13Z,NAV_UPDATE,golden_butterfly,date=2026-05-13 | gross_nav=2.830612 | net_nav=2.830612 | daily_return=0.001363,824be70,857d1f4a
2026-05-13T17:36:25Z,SIGNAL_COLLECT,gtaa,date=2026-05-13 | mode=offensive | targets=SPY:0.25|EFA:0.25|VNQ:0.25|DBC:0.25,824be70,857d1f4a
2026-05-13T17:36:26Z,NAV_UPDATE,gtaa,date=2026-05-13 | gross_nav=2.111593 | net_nav=2.111593 | daily_return=0.002752,824be70,857d1f4a
2026-05-13T17:36:37Z,SIGNAL_COLLECT,ivy,date=2026-05-13 | mode=offensive | targets=VTI:0.25|EFA:0.25|VNQ:0.25|DBC:0.25,824be70,857d1f4a
2026-05-13T17:36:38Z,NAV_UPDATE,ivy,date=2026-05-13 | gross_nav=2.090902 | net_nav=2.090902 | daily_return=0.002302,824be70,857d1f4a
2026-05-13T17:36:52Z,SIGNAL_COLLECT,faa,date=2026-05-13 | mode=offensive | targets=DBC:0.33|SPY:0.33|SHY:0.33,824be70,857d1f4a
2026-05-13T17:36:52Z,NAV_UPDATE,faa,date=2026-05-13 | gross_nav=1.968909 | net_nav=1.968909 | daily_return=0.003005,824be70,857d1f4a
2026-05-13T17:37:08Z,SIGNAL_COLLECT,eaa,date=2026-05-13 | mode=offensive | targets=DBC:0.57|SPY:0.25|EEM:0.18,824be70,857d1f4a
2026-05-13T17:37:08Z,NAV_UPDATE,eaa,date=2026-05-13 | gross_nav=1.324660 | net_nav=1.324660 | daily_return=0.006543,824be70,857d1f4a
2026-05-13T17:37:21Z,SIGNAL_COLLECT,laa,date=2026-05-13 | mode=offensive | targets=QQQ:0.25|IWD:0.25|GLD:0.25|IEF:0.25,824be70,857d1f4a
2026-05-13T17:37:22Z,NAV_UPDATE,laa,date=2026-05-13 | gross_nav=3.807525 | net_nav=3.807525 | daily_return=0.006988,824be70,857d1f4a
2026-05-14T17:19:39Z,SIGNAL_COLLECT,daa,date=2026-05-14 | mode=defensive | targets=SHY:1.00,38bf009,857d1f4a
2026-05-14T17:19:39Z,NAV_UPDATE,daa,date=2026-05-14 | gross_nav=2.588856 | net_nav=2.588856 | daily_return=0.000243,38bf009,857d1f4a
2026-05-14T17:19:59Z,SIGNAL_COLLECT,vaa,date=2026-05-14 | mode=defensive | targets=SHY:1.00,38bf009,857d1f4a
2026-05-14T17:19:59Z,NAV_UPDATE,vaa,date=2026-05-14 | gross_nav=2.249804 | net_nav=2.249804 | daily_return=0.000243,38bf009,857d1f4a
2026-05-14T17:20:37Z,SIGNAL_COLLECT,paa,date=2026-05-14 | mode=offensive | targets=SHY:0.17|DBC:0.83,38bf009,857d1f4a
2026-05-14T17:20:37Z,NAV_UPDATE,paa,date=2026-05-14 | gross_nav=2.098491 | net_nav=2.098491 | daily_return=-0.010819,38bf009,857d1f4a
2026-05-14T17:21:16Z,SIGNAL_COLLECT,baa_g12,date=2026-05-14 | mode=offensive | targets=DBC:1.00,38bf009,857d1f4a
2026-05-14T17:21:16Z,NAV_UPDATE,baa_g12,date=2026-05-14 | gross_nav=2.048233 | net_nav=2.048233 | daily_return=-0.013032,38bf009,857d1f4a
2026-05-14T17:21:35Z,SIGNAL_COLLECT,baa_g4,date=2026-05-14 | mode=offensive | targets=EEM:1.00,38bf009,857d1f4a
2026-05-14T17:21:35Z,NAV_UPDATE,baa_g4,date=2026-05-14 | gross_nav=2.413180 | net_nav=2.413180 | daily_return=-0.000742,38bf009,857d1f4a
2026-05-14T17:21:43Z,SIGNAL_COLLECT,gem,date=2026-05-14 | mode=offensive | targets=SPY:1.00,38bf009,857d1f4a
2026-05-14T17:21:44Z,NAV_UPDATE,gem,date=2026-05-14 | gross_nav=3.180566 | net_nav=3.180566 | daily_return=0.005536,38bf009,857d1f4a
2026-05-14T17:22:03Z,SIGNAL_COLLECT,haa,date=2026-05-14 | mode=offensive | targets=EEM:1.00,38bf009,857d1f4a
2026-05-14T17:22:03Z,NAV_UPDATE,haa,date=2026-05-14 | gross_nav=2.413180 | net_nav=2.413180 | daily_return=-0.000742,38bf009,857d1f4a
2026-05-14T17:22:14Z,SIGNAL_COLLECT,permanent,date=2026-05-14 | mode=offensive | targets=SPY:0.25|TLT:0.25|GLD:0.25|BIL:0.25,38bf009,857d1f4a
2026-05-14T17:22:15Z,NAV_UPDATE,permanent,date=2026-05-14 | gross_nav=2.592985 | net_nav=2.592985 | daily_return=0.001950,38bf009,857d1f4a
2026-05-14T17:22:28Z,SIGNAL_COLLECT,all_weather,date=2026-05-14 | mode=offensive | targets=SPY:0.30|TLT:0.40|IEF:0.15|GLD:0.07|DBC:0.07,38bf009,857d1f4a
2026-05-14T17:22:28Z,NAV_UPDATE,all_weather,date=2026-05-14 | gross_nav=2.328213 | net_nav=2.328213 | daily_return=0.002979,38bf009,857d1f4a
2026-05-14T17:22:42Z,SIGNAL_COLLECT,golden_butterfly,date=2026-05-14 | mode=offensive | targets=SPY:0.20|VBR:0.20|TLT:0.20|SHY:0.20|GLD:0.20,38bf009,857d1f4a
2026-05-14T17:22:43Z,NAV_UPDATE,golden_butterfly,date=2026-05-14 | gross_nav=2.838935 | net_nav=2.838935 | daily_return=0.002940,38bf009,857d1f4a
2026-05-14T17:23:00Z,SIGNAL_COLLECT,gtaa,date=2026-05-14 | mode=offensive | targets=SPY:0.25|EFA:0.25|VNQ:0.25|DBC:0.25,38bf009,857d1f4a
2026-05-14T17:23:00Z,NAV_UPDATE,gtaa,date=2026-05-14 | gross_nav=2.105430 | net_nav=2.105430 | daily_return=-0.002919,38bf009,857d1f4a
2026-05-14T17:23:16Z,SIGNAL_COLLECT,ivy,date=2026-05-14 | mode=offensive | targets=VTI:0.25|EFA:0.25|VNQ:0.25|DBC:0.25,38bf009,857d1f4a
2026-05-14T17:23:16Z,NAV_UPDATE,ivy,date=2026-05-14 | gross_nav=2.085246 | net_nav=2.085246 | daily_return=-0.002705,38bf009,857d1f4a
2026-05-14T17:23:36Z,SIGNAL_COLLECT,faa,date=2026-05-14 | mode=offensive | targets=DBC:0.33|SPY:0.33|SHY:0.33,38bf009,857d1f4a
2026-05-14T17:23:36Z,NAV_UPDATE,faa,date=2026-05-14 | gross_nav=1.964149 | net_nav=1.964149 | daily_return=-0.002417,38bf009,857d1f4a
2026-05-14T17:23:58Z,SIGNAL_COLLECT,eaa,date=2026-05-14 | mode=offensive | targets=DBC:0.54|SPY:0.27|EEM:0.19,38bf009,857d1f4a
2026-05-14T17:23:58Z,NAV_UPDATE,eaa,date=2026-05-14 | gross_nav=1.316489 | net_nav=1.316489 | daily_return=-0.006168,38bf009,857d1f4a
2026-05-14T17:24:15Z,SIGNAL_COLLECT,laa,date=2026-05-14 | mode=offensive | targets=QQQ:0.25|IWD:0.25|GLD:0.25|IEF:0.25,38bf009,857d1f4a
2026-05-14T17:24:15Z,NAV_UPDATE,laa,date=2026-05-14 | gross_nav=3.812952 | net_nav=3.812952 | daily_return=0.001425,38bf009,857d1f4a
2026-05-14T17:29:55Z,CIRCUIT_BREAKER,portfolio,date=2026-05-14 | state=defensive | current_dd=-0.4693 | threshold=-0.1800 | fallback=permanent,38bf009,857d1f4a
2026-05-14T17:30:00Z,ORDER_EXECUTE,portfolio,date=2026-05-14 | ticker=IEF | side=sell | qty=1.0 | price=0.00 | commission=0.0000,38bf009,857d1f4a
2026-05-14T17:30:00Z,ORDER_EXECUTE,portfolio,date=2026-05-14 | ticker=SHY | side=sell | qty=7.0 | price=0.00 | commission=0.0000,38bf009,857d1f4a
2026-05-14T17:30:00Z,ORDER_EXECUTE,portfolio,date=2026-05-14 | ticker=BIL | side=buy | qty=3.0 | price=0.00 | commission=0.0000,38bf009,857d1f4a
2026-05-14T17:30:00Z,ORDER_EXECUTE,portfolio,date=2026-05-14 | ticker=GLDM | side=buy | qty=2.0 | price=0.00 | commission=0.0000,38bf009,857d1f4a
2026-05-14T17:30:00Z,ORDER_EXECUTE,portfolio,date=2026-05-14 | ticker=TLT | side=buy | qty=3.0 | price=0.00 | commission=0.0000,38bf009,857d1f4a
2026-05-15T17:08:28Z,SIGNAL_COLLECT,daa,date=2026-05-15 | mode=defensive | targets=SHY:1.00,dbef501,857d1f4a
2026-05-15T17:08:28Z,NAV_UPDATE,daa,date=2026-05-15 | gross_nav=2.585077 | net_nav=2.585077 | daily_return=-0.001460,dbef501,857d1f4a
2026-05-15T17:08:43Z,SIGNAL_COLLECT,vaa,date=2026-05-15 | mode=defensive | targets=SHY:1.00,dbef501,857d1f4a
2026-05-15T17:08:43Z,NAV_UPDATE,vaa,date=2026-05-15 | gross_nav=2.246520 | net_nav=2.246520 | daily_return=-0.001460,dbef501,857d1f4a
2026-05-15T17:09:11Z,SIGNAL_COLLECT,paa,date=2026-05-15 | mode=offensive | targets=SHY:0.33|DBC:0.67,dbef501,857d1f4a
2026-05-15T17:09:12Z,NAV_UPDATE,paa,date=2026-05-15 | gross_nav=2.103049 | net_nav=2.103049 | daily_return=0.002172,dbef501,857d1f4a
2026-05-15T17:09:40Z,SIGNAL_COLLECT,baa_g12,date=2026-05-15 | mode=offensive | targets=DBC:1.00,dbef501,857d1f4a
2026-05-15T17:09:41Z,NAV_UPDATE,baa_g12,date=2026-05-15 | gross_nav=2.054170 | net_nav=2.054170 | daily_return=0.002899,dbef501,857d1f4a
2026-05-15T17:09:55Z,SIGNAL_COLLECT,baa_g4,date=2026-05-15 | mode=offensive | targets=EEM:1.00,dbef501,857d1f4a
2026-05-15T17:09:55Z,NAV_UPDATE,baa_g4,date=2026-05-15 | gross_nav=2.337555 | net_nav=2.337555 | daily_return=-0.031338,dbef501,857d1f4a
2026-05-15T17:10:02Z,SIGNAL_COLLECT,gem,date=2026-05-15 | mode=offensive | targets=SPY:1.00,dbef501,857d1f4a
2026-05-15T17:10:02Z,NAV_UPDATE,gem,date=2026-05-15 | gross_nav=3.159008 | net_nav=3.159008 | daily_return=-0.006778,dbef501,857d1f4a
2026-05-15T17:10:16Z,SIGNAL_COLLECT,haa,date=2026-05-15 | mode=offensive | targets=EEM:1.00,dbef501,857d1f4a
2026-05-15T17:10:17Z,NAV_UPDATE,haa,date=2026-05-15 | gross_nav=2.337555 | net_nav=2.337555 | daily_return=-0.031338,dbef501,857d1f4a
2026-05-15T17:10:26Z,SIGNAL_COLLECT,permanent,date=2026-05-15 | mode=offensive | targets=SPY:0.25|TLT:0.25|GLD:0.25|BIL:0.25,dbef501,857d1f4a
2026-05-15T17:10:26Z,NAV_UPDATE,permanent,date=2026-05-15 | gross_nav=2.559823 | net_nav=2.559823 | daily_return=-0.012789,dbef501,857d1f4a
2026-05-15T17:10:37Z,SIGNAL_COLLECT,all_weather,date=2026-05-15 | mode=offensive | targets=SPY:0.30|TLT:0.40|IEF:0.15|GLD:0.07|DBC:0.07,dbef501,857d1f4a
2026-05-15T17:10:37Z,NAV_UPDATE,all_weather,date=2026-05-15 | gross_nav=2.299607 | net_nav=2.299607 | daily_return=-0.012287,dbef501,857d1f4a
2026-05-15T17:10:47Z,SIGNAL_COLLECT,golden_butterfly,date=2026-05-15 | mode=offensive | targets=SPY:0.20|VBR:0.20|TLT:0.20|SHY:0.20|GLD:0.20,dbef501,857d1f4a
2026-05-15T17:10:48Z,NAV_UPDATE,golden_butterfly,date=2026-05-15 | gross_nav=2.800835 | net_nav=2.800835 | daily_return=-0.013421,dbef501,857d1f4a
2026-05-15T17:11:00Z,SIGNAL_COLLECT,gtaa,date=2026-05-15 | mode=offensive | targets=SPY:0.25|EFA:0.25|VNQ:0.25|DBC:0.25,dbef501,857d1f4a
2026-05-15T17:11:00Z,NAV_UPDATE,gtaa,date=2026-05-15 | gross_nav=2.086507 | net_nav=2.086507 | daily_return=-0.008987,dbef501,857d1f4a
2026-05-15T17:11:12Z,SIGNAL_COLLECT,ivy,date=2026-05-15 | mode=offensive | targets=VTI:0.25|EFA:0.25|VNQ:0.25|DBC:0.25,dbef501,857d1f4a
2026-05-15T17:11:12Z,NAV_UPDATE,ivy,date=2026-05-15 | gross_nav=2.065946 | net_nav=2.065946 | daily_return=-0.009256,dbef501,857d1f4a
2026-05-15T17:11:26Z,SIGNAL_COLLECT,faa,date=2026-05-15 | mode=offensive | targets=DBC:0.33|SPY:0.33|SHY:0.33,dbef501,857d1f4a
2026-05-15T17:11:27Z,NAV_UPDATE,faa,date=2026-05-15 | gross_nav=1.960654 | net_nav=1.960654 | daily_return=-0.001780,dbef501,857d1f4a
2026-05-15T17:11:43Z,SIGNAL_COLLECT,eaa,date=2026-05-15 | mode=offensive | targets=DBC:0.60|SPY:0.26|EEM:0.14,dbef501,857d1f4a
2026-05-15T17:11:43Z,NAV_UPDATE,eaa,date=2026-05-15 | gross_nav=1.308296 | net_nav=1.308296 | daily_return=-0.006223,dbef501,857d1f4a
2026-05-15T17:11:56Z,SIGNAL_COLLECT,laa,date=2026-05-15 | mode=offensive | targets=QQQ:0.25|IWD:0.25|GLD:0.25|IEF:0.25,dbef501,857d1f4a
2026-05-15T17:11:57Z,NAV_UPDATE,laa,date=2026-05-15 | gross_nav=3.759096 | net_nav=3.759096 | daily_return=-0.014125,dbef501,857d1f4a
2026-05-15T17:16:09Z,CIRCUIT_BREAKER,portfolio,date=2026-05-15 | state=defensive | current_dd=-0.4399 | threshold=-0.1800 | fallback=permanent,dbef501,857d1f4a
2026-05-15T17:16:11Z,ORDER_EXECUTE,portfolio,date=2026-05-15 | ticker=IEF | side=sell | qty=1.0 | price=0.00 | commission=0.0000,dbef501,857d1f4a
2026-05-18T17:39:11Z,SIGNAL_COLLECT,daa,date=2026-05-18 | mode=defensive | targets=SHY:1.00,36227de,857d1f4a
2026-05-18T17:39:11Z,NAV_UPDATE,daa,date=2026-05-18 | gross_nav=2.585392 | net_nav=2.585392 | daily_return=0.000122,36227de,857d1f4a
2026-05-18T17:39:26Z,SIGNAL_COLLECT,vaa,date=2026-05-18 | mode=defensive | targets=SHY:1.00,36227de,857d1f4a
2026-05-18T17:39:26Z,NAV_UPDATE,vaa,date=2026-05-18 | gross_nav=2.246794 | net_nav=2.246794 | daily_return=0.000122,36227de,857d1f4a
2026-05-18T17:39:57Z,SIGNAL_COLLECT,paa,date=2026-05-18 | mode=offensive | targets=SHY:0.42|DBC:0.58,36227de,857d1f4a
2026-05-18T17:39:57Z,NAV_UPDATE,paa,date=2026-05-18 | gross_nav=2.122495 | net_nav=2.122495 | daily_return=0.009247,36227de,857d1f4a
2026-05-18T17:40:27Z,SIGNAL_COLLECT,baa_g12,date=2026-05-18 | mode=offensive | targets=DBC:1.00,36227de,857d1f4a
2026-05-18T17:40:27Z,NAV_UPDATE,baa_g12,date=2026-05-18 | gross_nav=2.082535 | net_nav=2.082535 | daily_return=0.013809,36227de,857d1f4a
2026-05-18T17:40:42Z,SIGNAL_COLLECT,baa_g4,date=2026-05-18 | mode=offensive | targets=EEM:1.00,36227de,857d1f4a
2026-05-18T17:40:42Z,NAV_UPDATE,baa_g4,date=2026-05-18 | gross_nav=2.321427 | net_nav=2.321427 | daily_return=-0.006900,36227de,857d1f4a
2026-05-18T17:40:49Z,SIGNAL_COLLECT,gem,date=2026-05-18 | mode=offensive | targets=SPY:1.00,36227de,857d1f4a
2026-05-18T17:40:49Z,NAV_UPDATE,gem,date=2026-05-18 | gross_nav=3.137663 | net_nav=3.137663 | daily_return=-0.006757,36227de,857d1f4a
2026-05-18T17:41:04Z,SIGNAL_COLLECT,haa,date=2026-05-18 | mode=offensive | targets=EEM:1.00,36227de,857d1f4a
2026-05-18T17:41:04Z,NAV_UPDATE,haa,date=2026-05-18 | gross_nav=2.321427 | net_nav=2.321427 | daily_return=-0.006900,36227de,857d1f4a
2026-05-18T17:41:13Z,SIGNAL_COLLECT,permanent,date=2026-05-18 | mode=offensive | targets=SPY:0.25|TLT:0.25|GLD:0.25|BIL:0.25,36227de,857d1f4a
2026-05-18T17:41:13Z,NAV_UPDATE,permanent,date=2026-05-18 | gross_nav=2.553664 | net_nav=2.553664 | daily_return=-0.002406,36227de,857d1f4a
2026-05-18T17:41:24Z,SIGNAL_COLLECT,all_weather,date=2026-05-18 | mode=offensive | targets=SPY:0.30|TLT:0.40|IEF:0.15|GLD:0.07|DBC:0.07,36227de,857d1f4a
2026-05-18T17:41:24Z,NAV_UPDATE,all_weather,date=2026-05-18 | gross_nav=2.295184 | net_nav=2.295184 | daily_return=-0.001924,36227de,857d1f4a
2026-05-18T17:41:35Z,SIGNAL_COLLECT,golden_butterfly,date=2026-05-18 | mode=offensive | targets=SPY:0.20|VBR:0.20|TLT:0.20|SHY:0.20|GLD:0.20,36227de,857d1f4a
2026-05-18T17:41:35Z,NAV_UPDATE,golden_butterfly,date=2026-05-18 | gross_nav=2.796962 | net_nav=2.796962 | daily_return=-0.001383,36227de,857d1f4a
2026-05-18T17:41:48Z,SIGNAL_COLLECT,gtaa,date=2026-05-18 | mode=offensive | targets=SPY:0.25|EFA:0.25|VNQ:0.25|DBC:0.25,36227de,857d1f4a
2026-05-18T17:41:48Z,NAV_UPDATE,gtaa,date=2026-05-18 | gross_nav=2.095344 | net_nav=2.095344 | daily_return=0.004235,36227de,857d1f4a
2026-05-18T17:42:01Z,SIGNAL_COLLECT,ivy,date=2026-05-18 | mode=offensive | targets=VTI:0.25|EFA:0.25|VNQ:0.25|DBC:0.25,36227de,857d1f4a
2026-05-18T17:42:01Z,NAV_UPDATE,ivy,date=2026-05-18 | gross_nav=2.074823 | net_nav=2.074823 | daily_return=0.004297,36227de,857d1f4a
2026-05-18T17:42:17Z,SIGNAL_COLLECT,faa,date=2026-05-18 | mode=offensive | targets=DBC:0.33|SPY:0.33|SHY:0.33,36227de,857d1f4a
2026-05-18T17:42:17Z,NAV_UPDATE,faa,date=2026-05-18 | gross_nav=1.965342 | net_nav=1.965342 | daily_return=0.002391,36227de,857d1f4a
2026-05-18T17:42:34Z,SIGNAL_COLLECT,eaa,date=2026-05-18 | mode=offensive | targets=DBC:0.69|SPY:0.20|EEM:0.11,36227de,857d1f4a
2026-05-18T17:42:34Z,NAV_UPDATE,eaa,date=2026-05-18 | gross_nav=1.315557 | net_nav=1.315557 | daily_return=0.005550,36227de,857d1f4a
2026-05-18T17:42:48Z,SIGNAL_COLLECT,laa,date=2026-05-18 | mode=offensive | targets=QQQ:0.25|IWD:0.25|GLD:0.25|IEF:0.25,36227de,857d1f4a
2026-05-18T17:42:48Z,NAV_UPDATE,laa,date=2026-05-18 | gross_nav=3.743883 | net_nav=3.743883 | daily_return=-0.004047,36227de,857d1f4a
2026-05-18T17:47:28Z,ORDER_EXECUTE,portfolio,date=2026-05-18 | ticker=GLDM | side=sell | qty=2.0 | price=0.00 | commission=0.0000,36227de,857d1f4a
2026-05-18T17:47:28Z,ORDER_EXECUTE,portfolio,date=2026-05-18 | ticker=TLT | side=sell | qty=3.0 | price=0.00 | commission=0.0000,36227de,857d1f4a
2026-05-18T17:47:28Z,ORDER_EXECUTE,portfolio,date=2026-05-18 | ticker=IEF | side=buy | qty=1.0 | price=0.00 | commission=0.0000,36227de,857d1f4a
2026-05-19T17:43:54Z,SIGNAL_COLLECT,daa,date=2026-05-19 | mode=defensive | targets=SHY:1.00,c80201b,857d1f4a
2026-05-19T17:43:54Z,NAV_UPDATE,daa,date=2026-05-19 | gross_nav=2.584447 | net_nav=2.584447 | daily_return=-0.000365,c80201b,857d1f4a
2026-05-19T17:44:13Z,SIGNAL_COLLECT,vaa,date=2026-05-19 | mode=defensive | targets=SHY:1.00,c80201b,857d1f4a
2026-05-19T17:44:14Z,NAV_UPDATE,vaa,date=2026-05-19 | gross_nav=2.245973 | net_nav=2.245973 | daily_return=-0.000365,c80201b,857d1f4a
2026-05-19T17:44:51Z,SIGNAL_COLLECT,paa,date=2026-05-19 | mode=offensive | targets=SHY:0.42|DBC:0.58,c80201b,857d1f4a
2026-05-19T17:44:52Z,NAV_UPDATE,paa,date=2026-05-19 | gross_nav=2.120603 | net_nav=2.120603 | daily_return=-0.000891,c80201b,857d1f4a
2026-05-19T17:45:30Z,SIGNAL_COLLECT,baa_g12,date=2026-05-19 | mode=offensive | targets=DBC:1.00,c80201b,857d1f4a
2026-05-19T17:45:30Z,NAV_UPDATE,baa_g12,date=2026-05-19 | gross_nav=2.079896 | net_nav=2.079896 | daily_return=-0.001267,c80201b,857d1f4a
2026-05-19T17:45:50Z,SIGNAL_COLLECT,baa_g4,date=2026-05-19 | mode=offensive | targets=EEM:1.00,c80201b,857d1f4a
2026-05-19T17:45:50Z,NAV_UPDATE,baa_g4,date=2026-05-19 | gross_nav=2.318918 | net_nav=2.318918 | daily_return=-0.001081,c80201b,857d1f4a
2026-05-19T17:45:58Z,SIGNAL_COLLECT,gem,date=2026-05-19 | mode=offensive | targets=SPY:1.00,c80201b,857d1f4a
2026-05-19T17:45:59Z,NAV_UPDATE,gem,date=2026-05-19 | gross_nav=3.140645 | net_nav=3.140645 | daily_return=0.000950,c80201b,857d1f4a
2026-05-19T17:46:19Z,SIGNAL_COLLECT,haa,date=2026-05-19 | mode=offensive | targets=EEM:1.00,c80201b,857d1f4a
2026-05-19T17:46:19Z,NAV_UPDATE,haa,date=2026-05-19 | gross_nav=2.318918 | net_nav=2.318918 | daily_return=-0.001081,c80201b,857d1f4a
2026-05-19T17:46:30Z,SIGNAL_COLLECT,permanent,date=2026-05-19 | mode=offensive | targets=SPY:0.25|TLT:0.25|GLD:0.25|BIL:0.25,c80201b,857d1f4a
2026-05-19T17:46:30Z,NAV_UPDATE,permanent,date=2026-05-19 | gross_nav=2.544484 | net_nav=2.544484 | daily_return=-0.003595,c80201b,857d1f4a
2026-05-19T17:46:44Z,SIGNAL_COLLECT,all_weather,date=2026-05-19 | mode=offensive | targets=SPY:0.30|TLT:0.40|IEF:0.15|GLD:0.07|DBC:0.07,c80201b,857d1f4a
2026-05-19T17:46:45Z,NAV_UPDATE,all_weather,date=2026-05-19 | gross_nav=2.287427 | net_nav=2.287427 | daily_return=-0.003380,c80201b,857d1f4a
2026-05-19T17:46:59Z,SIGNAL_COLLECT,golden_butterfly,date=2026-05-19 | mode=offensive | targets=SPY:0.20|VBR:0.20|TLT:0.20|SHY:0.20|GLD:0.20,c80201b,857d1f4a
2026-05-19T17:47:00Z,NAV_UPDATE,golden_butterfly,date=2026-05-19 | gross_nav=2.785129 | net_nav=2.785129 | daily_return=-0.004231,c80201b,857d1f4a
2026-05-19T17:47:16Z,SIGNAL_COLLECT,gtaa,date=2026-05-19 | mode=offensive | targets=SPY:0.25|EFA:0.25|VNQ:0.25|DBC:0.25,c80201b,857d1f4a
2026-05-19T17:47:16Z,NAV_UPDATE,gtaa,date=2026-05-19 | gross_nav=2.099047 | net_nav=2.099047 | daily_return=0.001767,c80201b,857d1f4a
2026-05-19T17:47:33Z,SIGNAL_COLLECT,ivy,date=2026-05-19 | mode=offensive | targets=VTI:0.25|EFA:0.25|VNQ:0.25|DBC:0.25,c80201b,857d1f4a
2026-05-19T17:47:33Z,NAV_UPDATE,ivy,date=2026-05-19 | gross_nav=2.077552 | net_nav=2.077552 | daily_return=0.001315,c80201b,857d1f4a
2026-05-19T17:47:53Z,SIGNAL_COLLECT,faa,date=2026-05-19 | mode=offensive | targets=DBC:0.33|SPY:0.33|SHY:0.33,c80201b,857d1f4a
2026-05-19T17:47:53Z,NAV_UPDATE,faa,date=2026-05-19 | gross_nav=1.964895 | net_nav=1.964895 | daily_return=-0.000227,c80201b,857d1f4a
2026-05-19T17:48:16Z,SIGNAL_COLLECT,eaa,date=2026-05-19 | mode=offensive | targets=DBC:0.68|SPY:0.21|EEM:0.11,c80201b,857d1f4a
2026-05-19T17:48:16Z,NAV_UPDATE,eaa,date=2026-05-19 | gross_nav=1.314507 | net_nav=1.314507 | daily_return=-0.000798,c80201b,857d1f4a
2026-05-19T17:48:33Z,SIGNAL_COLLECT,laa,date=2026-05-19 | mode=offensive | targets=QQQ:0.25|IWD:0.25|GLD:0.25|IEF:0.25,c80201b,857d1f4a
2026-05-19T17:48:34Z,NAV_UPDATE,laa,date=2026-05-19 | gross_nav=3.737552 | net_nav=3.737552 | daily_return=-0.001691,c80201b,857d1f4a
2026-05-20T18:03:47Z,SIGNAL_COLLECT,daa,date=2026-05-20 | mode=defensive | targets=SHY:1.00,2e40893,857d1f4a
2026-05-20T18:03:47Z,NAV_UPDATE,daa,date=2026-05-20 | gross_nav=2.586652 | net_nav=2.586652 | daily_return=0.000853,2e40893,857d1f4a
2026-05-20T18:04:08Z,SIGNAL_COLLECT,vaa,date=2026-05-20 | mode=defensive | targets=SHY:1.00,2e40893,857d1f4a
2026-05-20T18:04:08Z,NAV_UPDATE,vaa,date=2026-05-20 | gross_nav=2.247889 | net_nav=2.247889 | daily_return=0.000853,2e40893,857d1f4a
2026-05-20T18:04:48Z,SIGNAL_COLLECT,paa,date=2026-05-20 | mode=offensive | targets=SHY:0.25|DBC:0.75,2e40893,857d1f4a
2026-05-20T18:04:48Z,NAV_UPDATE,paa,date=2026-05-20 | gross_nav=2.093503 | net_nav=2.093503 | daily_return=-0.012779,2e40893,857d1f4a
2026-05-20T18:05:28Z,SIGNAL_COLLECT,baa_g12,date=2026-05-20 | mode=offensive | targets=DBC:1.00,2e40893,857d1f4a
2026-05-20T18:05:29Z,NAV_UPDATE,baa_g12,date=2026-05-20 | gross_nav=2.033060 | net_nav=2.033060 | daily_return=-0.022518,2e40893,857d1f4a
2026-05-20T18:05:48Z,SIGNAL_COLLECT,baa_g4,date=2026-05-20 | mode=offensive | targets=EEM:1.00,2e40893,857d1f4a
2026-05-20T18:05:49Z,NAV_UPDATE,baa_g4,date=2026-05-20 | gross_nav=2.342932 | net_nav=2.342932 | daily_return=0.010355,2e40893,857d1f4a
2026-05-20T18:05:57Z,SIGNAL_COLLECT,gem,date=2026-05-20 | mode=offensive | targets=SPY:1.00,2e40893,857d1f4a
2026-05-20T18:05:57Z,NAV_UPDATE,gem,date=2026-05-20 | gross_nav=3.153043 | net_nav=3.153043 | daily_return=0.003948,2e40893,857d1f4a
2026-05-20T18:06:18Z,SIGNAL_COLLECT,haa,date=2026-05-20 | mode=offensive | targets=EEM:1.00,2e40893,857d1f4a
2026-05-20T18:06:18Z,NAV_UPDATE,haa,date=2026-05-20 | gross_nav=2.342932 | net_nav=2.342932 | daily_return=0.010355,2e40893,857d1f4a
2026-05-20T18:06:29Z,SIGNAL_COLLECT,permanent,date=2026-05-20 | mode=offensive | targets=SPY:0.25|TLT:0.25|GLD:0.25|BIL:0.25,2e40893,857d1f4a
2026-05-20T18:06:30Z,NAV_UPDATE,permanent,date=2026-05-20 | gross_nav=2.556193 | net_nav=2.556193 | daily_return=0.004602,2e40893,857d1f4a
2026-05-20T18:06:44Z,SIGNAL_COLLECT,all_weather,date=2026-05-20 | mode=offensive | targets=SPY:0.30|TLT:0.40|IEF:0.15|GLD:0.07|DBC:0.07,2e40893,857d1f4a
2026-05-20T18:06:44Z,NAV_UPDATE,all_weather,date=2026-05-20 | gross_nav=2.296459 | net_nav=2.296459 | daily_return=0.003948,2e40893,857d1f4a
2026-05-20T18:06:58Z,SIGNAL_COLLECT,golden_butterfly,date=2026-05-20 | mode=offensive | targets=SPY:0.20|VBR:0.20|TLT:0.20|SHY:0.20|GLD:0.20,2e40893,857d1f4a
2026-05-20T18:06:58Z,NAV_UPDATE,golden_butterfly,date=2026-05-20 | gross_nav=2.800945 | net_nav=2.800945 | daily_return=0.005679,2e40893,857d1f4a
2026-05-20T18:07:15Z,SIGNAL_COLLECT,gtaa,date=2026-05-20 | mode=offensive | targets=SPY:0.25|EFA:0.25|VNQ:0.25|DBC:0.25,2e40893,857d1f4a
2026-05-20T18:07:16Z,NAV_UPDATE,gtaa,date=2026-05-20 | gross_nav=2.097974 | net_nav=2.097974 | daily_return=-0.000511,2e40893,857d1f4a
2026-05-20T18:07:33Z,SIGNAL_COLLECT,ivy,date=2026-05-20 | mode=offensive | targets=VTI:0.25|EFA:0.25|VNQ:0.25|DBC:0.25,2e40893,857d1f4a
2026-05-20T18:07:33Z,NAV_UPDATE,ivy,date=2026-05-20 | gross_nav=2.077717 | net_nav=2.077717 | daily_return=0.000079,2e40893,857d1f4a
2026-05-20T18:07:53Z,SIGNAL_COLLECT,faa,date=2026-05-20 | mode=offensive | targets=DBC:0.33|SPY:0.33|SHY:0.33,2e40893,857d1f4a
2026-05-20T18:07:53Z,NAV_UPDATE,faa,date=2026-05-20 | gross_nav=1.953292 | net_nav=1.953292 | daily_return=-0.005905,2e40893,857d1f4a
2026-05-20T18:08:16Z,SIGNAL_COLLECT,eaa,date=2026-05-20 | mode=offensive | targets=DBC:0.57|SPY:0.27|EEM:0.16,2e40893,857d1f4a
2026-05-20T18:08:17Z,NAV_UPDATE,eaa,date=2026-05-20 | gross_nav=1.297127 | net_nav=1.297127 | daily_return=-0.013222,2e40893,857d1f4a
2026-05-20T18:08:34Z,SIGNAL_COLLECT,laa,date=2026-05-20 | mode=offensive | targets=QQQ:0.25|IWD:0.25|GLD:0.25|IEF:0.25,2e40893,857d1f4a
2026-05-20T18:08:34Z,NAV_UPDATE,laa,date=2026-05-20 | gross_nav=3.758355 | net_nav=3.758355 | daily_return=0.005566,2e40893,857d1f4a
2026-05-20T18:14:24Z,ORDER_EXECUTE,portfolio,date=2026-05-20 | ticker=BIL | side=sell | qty=3.0 | price=0.00 | commission=0.0000,2e40893,857d1f4a
2026-05-21T17:37:10Z,SIGNAL_COLLECT,daa,date=2026-05-21 | mode=defensive | targets=SHY:1.00,b3016eb,857d1f4a
2026-05-21T17:37:10Z,NAV_UPDATE,daa,date=2026-05-21 | gross_nav=2.586652 | net_nav=2.586652 | daily_return=0.000000,b3016eb,857d1f4a
2026-05-21T17:37:31Z,SIGNAL_COLLECT,vaa,date=2026-05-21 | mode=defensive | targets=SHY:1.00,b3016eb,857d1f4a
2026-05-21T17:37:31Z,NAV_UPDATE,vaa,date=2026-05-21 | gross_nav=2.247889 | net_nav=2.247889 | daily_return=0.000000,b3016eb,857d1f4a
2026-05-21T17:38:10Z,SIGNAL_COLLECT,paa,date=2026-05-21 | mode=offensive | targets=SHY:0.25|DBC:0.75,b3016eb,857d1f4a
2026-05-21T17:38:10Z,NAV_UPDATE,paa,date=2026-05-21 | gross_nav=2.088408 | net_nav=2.088408 | daily_return=-0.002433,b3016eb,857d1f4a
2026-05-21T17:38:49Z,SIGNAL_COLLECT,baa_g12,date=2026-05-21 | mode=offensive | targets=DBC:1.00,b3016eb,857d1f4a
2026-05-21T17:38:49Z,NAV_UPDATE,baa_g12,date=2026-05-21 | gross_nav=2.026463 | net_nav=2.026463 | daily_return=-0.003245,b3016eb,857d1f4a
2026-05-21T17:39:09Z,SIGNAL_COLLECT,baa_g4,date=2026-05-21 | mode=offensive | targets=EEM:1.00,b3016eb,857d1f4a
2026-05-21T17:39:09Z,NAV_UPDATE,baa_g4,date=2026-05-21 | gross_nav=2.367304 | net_nav=2.367304 | daily_return=0.010402,b3016eb,857d1f4a
2026-05-21T17:39:17Z,SIGNAL_COLLECT,gem,date=2026-05-21 | mode=offensive | targets=SPY:1.00,b3016eb,857d1f4a
2026-05-21T17:39:17Z,NAV_UPDATE,gem,date=2026-05-21 | gross_nav=3.164035 | net_nav=3.164035 | daily_return=0.003486,b3016eb,857d1f4a
2026-05-21T17:39:36Z,SIGNAL_COLLECT,haa,date=2026-05-21 | mode=offensive | targets=EEM:1.00,b3016eb,857d1f4a
2026-05-21T17:39:37Z,NAV_UPDATE,haa,date=2026-05-21 | gross_nav=2.367304 | net_nav=2.367304 | daily_return=0.010402,b3016eb,857d1f4a
2026-05-21T17:39:48Z,SIGNAL_COLLECT,permanent,date=2026-05-21 | mode=offensive | targets=SPY:0.25|TLT:0.25|GLD:0.25|BIL:0.25,b3016eb,857d1f4a
2026-05-21T17:39:48Z,NAV_UPDATE,permanent,date=2026-05-21 | gross_nav=2.562047 | net_nav=2.562047 | daily_return=0.002290,b3016eb,857d1f4a
2026-05-21T17:40:02Z,SIGNAL_COLLECT,all_weather,date=2026-05-21 | mode=offensive | targets=SPY:0.30|TLT:0.40|IEF:0.15|GLD:0.07|DBC:0.07,b3016eb,857d1f4a
2026-05-21T17:40:03Z,NAV_UPDATE,all_weather,date=2026-05-21 | gross_nav=2.302052 | net_nav=2.302052 | daily_return=0.002436,b3016eb,857d1f4a
2026-05-21T17:40:17Z,SIGNAL_COLLECT,golden_butterfly,date=2026-05-21 | mode=offensive | targets=SPY:0.20|VBR:0.20|TLT:0.20|SHY:0.20|GLD:0.20,b3016eb,857d1f4a
2026-05-21T17:40:17Z,NAV_UPDATE,golden_butterfly,date=2026-05-21 | gross_nav=2.808153 | net_nav=2.808153 | daily_return=0.002574,b3016eb,857d1f4a
2026-05-21T17:40:34Z,SIGNAL_COLLECT,gtaa,date=2026-05-21 | mode=offensive | targets=SPY:0.25|EFA:0.25|VNQ:0.25|DBC:0.25,b3016eb,857d1f4a
2026-05-21T17:40:34Z,NAV_UPDATE,gtaa,date=2026-05-21 | gross_nav=2.104132 | net_nav=2.104132 | daily_return=0.002935,b3016eb,857d1f4a
2026-05-21T17:40:49Z,SIGNAL_COLLECT,ivy,date=2026-05-21 | mode=offensive | targets=VTI:0.25|EFA:0.25|VNQ:0.25|DBC:0.25,b3016eb,857d1f4a
2026-05-21T17:40:50Z,NAV_UPDATE,ivy,date=2026-05-21 | gross_nav=2.084291 | net_nav=2.084291 | daily_return=0.003164,b3016eb,857d1f4a
2026-05-21T17:41:09Z,SIGNAL_COLLECT,faa,date=2026-05-21 | mode=offensive | targets=DBC:0.33|SPY:0.33|SHY:0.33,b3016eb,857d1f4a
2026-05-21T17:41:09Z,NAV_UPDATE,faa,date=2026-05-21 | gross_nav=1.953449 | net_nav=1.953449 | daily_return=0.000080,b3016eb,857d1f4a
2026-05-21T17:41:31Z,SIGNAL_COLLECT,eaa,date=2026-05-21 | mode=offensive | targets=DBC:0.56|SPY:0.28|EEM:0.17,b3016eb,857d1f4a
2026-05-21T17:41:32Z,NAV_UPDATE,eaa,date=2026-05-21 | gross_nav=1.298076 | net_nav=1.298076 | daily_return=0.000731,b3016eb,857d1f4a
2026-05-21T17:41:49Z,SIGNAL_COLLECT,laa,date=2026-05-21 | mode=offensive | targets=QQQ:0.25|IWD:0.25|GLD:0.25|IEF:0.25,b3016eb,857d1f4a
2026-05-21T17:41:49Z,NAV_UPDATE,laa,date=2026-05-21 | gross_nav=3.770727 | net_nav=3.770727 | daily_return=0.003292,b3016eb,857d1f4a
2026-05-22T17:22:08Z,SIGNAL_COLLECT,daa,date=2026-05-22 | mode=defensive | targets=SHY:1.00,7a2a9c1,857d1f4a
2026-05-22T17:22:08Z,NAV_UPDATE,daa,date=2026-05-22 | gross_nav=2.585077 | net_nav=2.585077 | daily_return=-0.000609,7a2a9c1,857d1f4a
2026-05-22T17:22:28Z,SIGNAL_COLLECT,vaa,date=2026-05-22 | mode=defensive | targets=SHY:1.00,7a2a9c1,857d1f4a
2026-05-22T17:22:28Z,NAV_UPDATE,vaa,date=2026-05-22 | gross_nav=2.246521 | net_nav=2.246521 | daily_return=-0.000609,7a2a9c1,857d1f4a
2026-05-22T17:23:08Z,SIGNAL_COLLECT,paa,date=2026-05-22 | mode=offensive | targets=SHY:0.25|QQQ:0.75,7a2a9c1,857d1f4a
2026-05-22T17:23:08Z,NAV_UPDATE,paa,date=2026-05-22 | gross_nav=2.082482 | net_nav=2.082482 | daily_return=-0.002838,7a2a9c1,857d1f4a
2026-05-22T17:23:47Z,SIGNAL_COLLECT,baa_g12,date=2026-05-22 | mode=offensive | targets=QQQ:1.00,7a2a9c1,857d1f4a
2026-05-22T17:23:47Z,NAV_UPDATE,baa_g12,date=2026-05-22 | gross_nav=2.019207 | net_nav=2.019207 | daily_return=-0.003581,7a2a9c1,857d1f4a
2026-05-22T17:24:07Z,SIGNAL_COLLECT,baa_g4,date=2026-05-22 | mode=offensive | targets=EEM:1.00,7a2a9c1,857d1f4a
2026-05-22T17:24:08Z,NAV_UPDATE,baa_g4,date=2026-05-22 | gross_nav=2.371247 | net_nav=2.371247 | daily_return=0.001665,7a2a9c1,857d1f4a
2026-05-22T17:24:16Z,SIGNAL_COLLECT,gem,date=2026-05-22 | mode=offensive | targets=SPY:1.00,7a2a9c1,857d1f4a
2026-05-22T17:24:17Z,NAV_UPDATE,gem,date=2026-05-22 | gross_nav=3.183633 | net_nav=3.183633 | daily_return=0.006194,7a2a9c1,857d1f4a
2026-05-22T17:24:36Z,SIGNAL_COLLECT,haa,date=2026-05-22 | mode=offensive | targets=EEM:1.00,7a2a9c1,857d1f4a
2026-05-22T17:24:36Z,NAV_UPDATE,haa,date=2026-05-22 | gross_nav=2.371247 | net_nav=2.371247 | daily_return=0.001665,7a2a9c1,857d1f4a
2026-05-22T17:24:47Z,SIGNAL_COLLECT,permanent,date=2026-05-22 | mode=offensive | targets=SPY:0.25|TLT:0.25|GLD:0.25|BIL:0.25,7a2a9c1,857d1f4a
2026-05-22T17:24:48Z,NAV_UPDATE,permanent,date=2026-05-22 | gross_nav=2.564861 | net_nav=2.564861 | daily_return=0.001098,7a2a9c1,857d1f4a
2026-05-22T17:25:02Z,SIGNAL_COLLECT,all_weather,date=2026-05-22 | mode=offensive | targets=SPY:0.30|TLT:0.40|IEF:0.15|GLD:0.07|DBC:0.07,7a2a9c1,857d1f4a
2026-05-22T17:25:02Z,NAV_UPDATE,all_weather,date=2026-05-22 | gross_nav=2.308174 | net_nav=2.308174 | daily_return=0.002660,7a2a9c1,857d1f4a
2026-05-22T17:25:17Z,SIGNAL_COLLECT,golden_butterfly,date=2026-05-22 | mode=offensive | targets=SPY:0.20|VBR:0.20|TLT:0.20|SHY:0.20|GLD:0.20,7a2a9c1,857d1f4a
2026-05-22T17:25:17Z,NAV_UPDATE,golden_butterfly,date=2026-05-22 | gross_nav=2.815524 | net_nav=2.815524 | daily_return=0.002625,7a2a9c1,857d1f4a
2026-05-22T17:25:34Z,SIGNAL_COLLECT,gtaa,date=2026-05-22 | mode=offensive | targets=SPY:0.25|EFA:0.25|VNQ:0.25|DBC:0.25,7a2a9c1,857d1f4a
2026-05-22T17:25:34Z,NAV_UPDATE,gtaa,date=2026-05-22 | gross_nav=2.106590 | net_nav=2.106590 | daily_return=0.001168,7a2a9c1,857d1f4a
2026-05-22T17:25:52Z,SIGNAL_COLLECT,ivy,date=2026-05-22 | mode=offensive | targets=VTI:0.25|EFA:0.25|VNQ:0.25|DBC:0.25,7a2a9c1,857d1f4a
2026-05-22T17:25:52Z,NAV_UPDATE,ivy,date=2026-05-22 | gross_nav=2.086866 | net_nav=2.086866 | daily_return=0.001235,7a2a9c1,857d1f4a
2026-05-22T17:26:12Z,SIGNAL_COLLECT,faa,date=2026-05-22 | mode=offensive | targets=DBC:0.33|SPY:0.33|SHY:0.33,7a2a9c1,857d1f4a
2026-05-22T17:26:12Z,NAV_UPDATE,faa,date=2026-05-22 | gross_nav=1.954754 | net_nav=1.954754 | daily_return=0.000668,7a2a9c1,857d1f4a
2026-05-22T17:26:35Z,SIGNAL_COLLECT,eaa,date=2026-05-22 | mode=offensive | targets=DBC:0.49|SPY:0.32|EEM:0.19,7a2a9c1,857d1f4a
2026-05-22T17:26:36Z,NAV_UPDATE,eaa,date=2026-05-22 | gross_nav=1.298071 | net_nav=1.298071 | daily_return=-0.000004,7a2a9c1,857d1f4a
2026-05-22T17:26:53Z,SIGNAL_COLLECT,laa,date=2026-05-22 | mode=offensive | targets=QQQ:0.25|IWD:0.25|GLD:0.25|IEF:0.25,7a2a9c1,857d1f4a
2026-05-22T17:26:53Z,NAV_UPDATE,laa,date=2026-05-22 | gross_nav=3.781105 | net_nav=3.781105 | daily_return=0.002752,7a2a9c1,857d1f4a
2026-05-25T17:18:46Z,SIGNAL_COLLECT,daa,date=2026-05-25 | mode=defensive | targets=SHY:1.00,1076a35,857d1f4a
2026-05-25T17:18:46Z,NAV_UPDATE,daa,date=2026-05-25 | gross_nav=2.585077 | net_nav=2.585077 | daily_return=0.000000,1076a35,857d1f4a
2026-05-25T17:19:00Z,SIGNAL_COLLECT,vaa,date=2026-05-25 | mode=defensive | targets=SHY:1.00,1076a35,857d1f4a
2026-05-25T17:19:00Z,NAV_UPDATE,vaa,date=2026-05-25 | gross_nav=2.246521 | net_nav=2.246521 | daily_return=0.000000,1076a35,857d1f4a
2026-05-25T17:19:27Z,SIGNAL_COLLECT,paa,date=2026-05-25 | mode=offensive | targets=SHY:0.25|QQQ:0.75,1076a35,857d1f4a
2026-05-25T17:19:27Z,NAV_UPDATE,paa,date=2026-05-25 | gross_nav=2.082482 | net_nav=2.082482 | daily_return=0.000000,1076a35,857d1f4a
2026-05-25T17:19:54Z,SIGNAL_COLLECT,baa_g12,date=2026-05-25 | mode=offensive | targets=QQQ:1.00,1076a35,857d1f4a
2026-05-25T17:19:55Z,NAV_UPDATE,baa_g12,date=2026-05-25 | gross_nav=2.019207 | net_nav=2.019207 | daily_return=0.000000,1076a35,857d1f4a
2026-05-25T17:20:08Z,SIGNAL_COLLECT,baa_g4,date=2026-05-25 | mode=offensive | targets=EEM:1.00,1076a35,857d1f4a
2026-05-25T17:20:08Z,NAV_UPDATE,baa_g4,date=2026-05-25 | gross_nav=2.371247 | net_nav=2.371247 | daily_return=0.000000,1076a35,857d1f4a
2026-05-25T17:20:14Z,SIGNAL_COLLECT,gem,date=2026-05-25 | mode=offensive | targets=SPY:1.00,1076a35,857d1f4a
2026-05-25T17:20:14Z,NAV_UPDATE,gem,date=2026-05-25 | gross_nav=3.183633 | net_nav=3.183633 | daily_return=0.000000,1076a35,857d1f4a
2026-05-25T17:20:28Z,SIGNAL_COLLECT,haa,date=2026-05-25 | mode=offensive | targets=EEM:1.00,1076a35,857d1f4a
2026-05-25T17:20:28Z,NAV_UPDATE,haa,date=2026-05-25 | gross_nav=2.371247 | net_nav=2.371247 | daily_return=0.000000,1076a35,857d1f4a
2026-05-25T17:20:36Z,SIGNAL_COLLECT,permanent,date=2026-05-25 | mode=offensive | targets=SPY:0.25|TLT:0.25|GLD:0.25|BIL:0.25,1076a35,857d1f4a
2026-05-25T17:20:36Z,NAV_UPDATE,permanent,date=2026-05-25 | gross_nav=2.564861 | net_nav=2.564861 | daily_return=0.000000,1076a35,857d1f4a
2026-05-25T17:20:46Z,SIGNAL_COLLECT,all_weather,date=2026-05-25 | mode=offensive | targets=SPY:0.30|TLT:0.40|IEF:0.15|GLD:0.07|DBC:0.07,1076a35,857d1f4a
2026-05-25T17:20:46Z,NAV_UPDATE,all_weather,date=2026-05-25 | gross_nav=2.308174 | net_nav=2.308174 | daily_return=0.000000,1076a35,857d1f4a
2026-05-25T17:20:56Z,SIGNAL_COLLECT,golden_butterfly,date=2026-05-25 | mode=offensive | targets=SPY:0.20|VBR:0.20|TLT:0.20|SHY:0.20|GLD:0.20,1076a35,857d1f4a
2026-05-25T17:20:56Z,NAV_UPDATE,golden_butterfly,date=2026-05-25 | gross_nav=2.815524 | net_nav=2.815524 | daily_return=0.000000,1076a35,857d1f4a
2026-05-25T17:21:08Z,SIGNAL_COLLECT,gtaa,date=2026-05-25 | mode=offensive | targets=SPY:0.25|EFA:0.25|VNQ:0.25|DBC:0.25,1076a35,857d1f4a
2026-05-25T17:21:08Z,NAV_UPDATE,gtaa,date=2026-05-25 | gross_nav=2.106590 | net_nav=2.106590 | daily_return=0.000000,1076a35,857d1f4a
2026-05-25T17:21:19Z,SIGNAL_COLLECT,ivy,date=2026-05-25 | mode=offensive | targets=VTI:0.25|EFA:0.25|VNQ:0.25|DBC:0.25,1076a35,857d1f4a
2026-05-25T17:21:20Z,NAV_UPDATE,ivy,date=2026-05-25 | gross_nav=2.086866 | net_nav=2.086866 | daily_return=0.000000,1076a35,857d1f4a
2026-05-25T17:21:33Z,SIGNAL_COLLECT,faa,date=2026-05-25 | mode=offensive | targets=DBC:0.33|SPY:0.33|SHY:0.33,1076a35,857d1f4a
2026-05-25T17:21:33Z,NAV_UPDATE,faa,date=2026-05-25 | gross_nav=1.954754 | net_nav=1.954754 | daily_return=0.000000,1076a35,857d1f4a
2026-05-25T17:21:49Z,SIGNAL_COLLECT,eaa,date=2026-05-25 | mode=offensive | targets=DBC:0.50|SPY:0.31|EEM:0.18,1076a35,857d1f4a
2026-05-25T17:21:49Z,NAV_UPDATE,eaa,date=2026-05-25 | gross_nav=1.298071 | net_nav=1.298071 | daily_return=0.000000,1076a35,857d1f4a
2026-05-25T17:22:02Z,SIGNAL_COLLECT,laa,date=2026-05-25 | mode=offensive | targets=QQQ:0.25|IWD:0.25|GLD:0.25|IEF:0.25,1076a35,857d1f4a
2026-05-25T17:22:02Z,NAV_UPDATE,laa,date=2026-05-25 | gross_nav=3.781105 | net_nav=3.781105 | daily_return=0.000000,1076a35,857d1f4a
2026-05-26T18:08:57Z,SIGNAL_COLLECT,daa,date=2026-05-26 | mode=defensive | targets=SHY:1.00,cce9025,857d1f4a
2026-05-26T18:08:57Z,NAV_UPDATE,daa,date=2026-05-26 | gross_nav=2.585077 | net_nav=2.585077 | daily_return=0.000000,cce9025,857d1f4a
2026-05-26T18:09:16Z,SIGNAL_COLLECT,vaa,date=2026-05-26 | mode=defensive | targets=SHY:1.00,cce9025,857d1f4a
2026-05-26T18:09:17Z,NAV_UPDATE,vaa,date=2026-05-26 | gross_nav=2.246521 | net_nav=2.246521 | daily_return=0.000000,cce9025,857d1f4a
2026-05-26T18:09:54Z,SIGNAL_COLLECT,paa,date=2026-05-26 | mode=offensive | targets=SHY:0.25|QQQ:0.75,cce9025,857d1f4a
2026-05-26T18:09:55Z,NAV_UPDATE,paa,date=2026-05-26 | gross_nav=2.082482 | net_nav=2.082482 | daily_return=0.000000,cce9025,857d1f4a
2026-05-26T18:10:34Z,SIGNAL_COLLECT,baa_g12,date=2026-05-26 | mode=offensive | targets=QQQ:1.00,cce9025,857d1f4a
2026-05-26T18:10:34Z,NAV_UPDATE,baa_g12,date=2026-05-26 | gross_nav=2.019207 | net_nav=2.019207 | daily_return=0.000000,cce9025,857d1f4a
2026-05-26T18:10:53Z,SIGNAL_COLLECT,baa_g4,date=2026-05-26 | mode=offensive | targets=EEM:1.00,cce9025,857d1f4a
2026-05-26T18:10:54Z,NAV_UPDATE,baa_g4,date=2026-05-26 | gross_nav=2.371247 | net_nav=2.371247 | daily_return=0.000000,cce9025,857d1f4a
2026-05-26T18:11:02Z,SIGNAL_COLLECT,gem,date=2026-05-26 | mode=offensive | targets=SPY:1.00,cce9025,857d1f4a
2026-05-26T18:11:02Z,NAV_UPDATE,gem,date=2026-05-26 | gross_nav=3.183633 | net_nav=3.183633 | daily_return=0.000000,cce9025,857d1f4a
2026-05-26T18:11:21Z,SIGNAL_COLLECT,haa,date=2026-05-26 | mode=offensive | targets=EEM:1.00,cce9025,857d1f4a
2026-05-26T18:11:22Z,NAV_UPDATE,haa,date=2026-05-26 | gross_nav=2.371247 | net_nav=2.371247 | daily_return=0.000000,cce9025,857d1f4a
2026-05-26T18:11:33Z,SIGNAL_COLLECT,permanent,date=2026-05-26 | mode=offensive | targets=SPY:0.25|TLT:0.25|GLD:0.25|BIL:0.25,cce9025,857d1f4a
2026-05-26T18:11:33Z,NAV_UPDATE,permanent,date=2026-05-26 | gross_nav=2.564861 | net_nav=2.564861 | daily_return=0.000000,cce9025,857d1f4a
2026-05-26T18:11:47Z,SIGNAL_COLLECT,all_weather,date=2026-05-26 | mode=offensive | targets=SPY:0.30|TLT:0.40|IEF:0.15|GLD:0.07|DBC:0.07,cce9025,857d1f4a
2026-05-26T18:11:47Z,NAV_UPDATE,all_weather,date=2026-05-26 | gross_nav=2.308174 | net_nav=2.308174 | daily_return=0.000000,cce9025,857d1f4a
2026-05-26T18:12:01Z,SIGNAL_COLLECT,golden_butterfly,date=2026-05-26 | mode=offensive | targets=SPY:0.20|VBR:0.20|TLT:0.20|SHY:0.20|GLD:0.20,cce9025,857d1f4a
2026-05-26T18:12:01Z,NAV_UPDATE,golden_butterfly,date=2026-05-26 | gross_nav=2.815524 | net_nav=2.815524 | daily_return=0.000000,cce9025,857d1f4a
2026-05-26T18:12:18Z,SIGNAL_COLLECT,gtaa,date=2026-05-26 | mode=offensive | targets=SPY:0.25|EFA:0.25|VNQ:0.25|DBC:0.25,cce9025,857d1f4a
2026-05-26T18:12:19Z,NAV_UPDATE,gtaa,date=2026-05-26 | gross_nav=2.106590 | net_nav=2.106590 | daily_return=0.000000,cce9025,857d1f4a
2026-05-26T18:12:35Z,SIGNAL_COLLECT,ivy,date=2026-05-26 | mode=offensive | targets=VTI:0.25|EFA:0.25|VNQ:0.25|DBC:0.25,cce9025,857d1f4a
2026-05-26T18:12:35Z,NAV_UPDATE,ivy,date=2026-05-26 | gross_nav=2.086866 | net_nav=2.086866 | daily_return=0.000000,cce9025,857d1f4a
2026-05-26T18:12:54Z,SIGNAL_COLLECT,faa,date=2026-05-26 | mode=offensive | targets=DBC:0.33|SPY:0.33|EEM:0.33,cce9025,857d1f4a
2026-05-26T18:12:55Z,NAV_UPDATE,faa,date=2026-05-26 | gross_nav=1.954754 | net_nav=1.954754 | daily_return=0.000000,cce9025,857d1f4a
2026-05-26T18:13:16Z,SIGNAL_COLLECT,eaa,date=2026-05-26 | mode=offensive | targets=DBC:0.45|SPY:0.32|EEM:0.23,cce9025,857d1f4a
2026-05-26T18:13:16Z,NAV_UPDATE,eaa,date=2026-05-26 | gross_nav=1.298071 | net_nav=1.298071 | daily_return=0.000000,cce9025,857d1f4a
2026-05-26T18:13:33Z,SIGNAL_COLLECT,laa,date=2026-05-26 | mode=offensive | targets=QQQ:0.25|IWD:0.25|GLD:0.25|IEF:0.25,cce9025,857d1f4a
2026-05-26T18:13:33Z,NAV_UPDATE,laa,date=2026-05-26 | gross_nav=3.781105 | net_nav=3.781105 | daily_return=0.000000,cce9025,857d1f4a
2026-05-27T18:10:22Z,SIGNAL_COLLECT,daa,date=2026-05-27 | mode=defensive | targets=SHY:1.00,12d38ef,857d1f4a
2026-05-27T18:10:22Z,NAV_UPDATE,daa,date=2026-05-27 | gross_nav=2.586021 | net_nav=2.586021 | daily_return=0.000365,12d38ef,857d1f4a
2026-05-27T18:10:42Z,SIGNAL_COLLECT,vaa,date=2026-05-27 | mode=defensive | targets=SHY:1.00,12d38ef,857d1f4a
2026-05-27T18:10:42Z,NAV_UPDATE,vaa,date=2026-05-27 | gross_nav=2.247341 | net_nav=2.247341 | daily_return=0.000365,12d38ef,857d1f4a
2026-05-27T18:11:21Z,SIGNAL_COLLECT,paa,date=2026-05-27 | mode=offensive | targets=SHY:0.17|QQQ:0.83,12d38ef,857d1f4a
2026-05-27T18:11:21Z,NAV_UPDATE,paa,date=2026-05-27 | gross_nav=2.082007 | net_nav=2.082007 | daily_return=-0.000228,12d38ef,857d1f4a
2026-05-27T18:12:00Z,SIGNAL_COLLECT,baa_g12,date=2026-05-27 | mode=offensive | targets=QQQ:1.00,12d38ef,857d1f4a
2026-05-27T18:12:00Z,NAV_UPDATE,baa_g12,date=2026-05-27 | gross_nav=2.018348 | net_nav=2.018348 | daily_return=-0.000426,12d38ef,857d1f4a
2026-05-27T18:12:20Z,SIGNAL_COLLECT,baa_g4,date=2026-05-27 | mode=offensive | targets=EEM:1.00,12d38ef,857d1f4a
2026-05-27T18:12:20Z,NAV_UPDATE,baa_g4,date=2026-05-27 | gross_nav=2.374030 | net_nav=2.374030 | daily_return=0.001174,12d38ef,857d1f4a
2026-05-27T18:12:29Z,SIGNAL_COLLECT,gem,date=2026-05-27 | mode=offensive | targets=SPY:1.00,12d38ef,857d1f4a
2026-05-27T18:12:29Z,NAV_UPDATE,gem,date=2026-05-27 | gross_nav=3.185842 | net_nav=3.185842 | daily_return=0.000694,12d38ef,857d1f4a
2026-05-27T18:12:48Z,SIGNAL_COLLECT,haa,date=2026-05-27 | mode=offensive | targets=EEM:1.00,12d38ef,857d1f4a
2026-05-27T18:12:49Z,NAV_UPDATE,haa,date=2026-05-27 | gross_nav=2.374030 | net_nav=2.374030 | daily_return=0.001174,12d38ef,857d1f4a
2026-05-27T18:13:01Z,SIGNAL_COLLECT,permanent,date=2026-05-27 | mode=offensive | targets=SPY:0.25|TLT:0.25|GLD:0.25|BIL:0.25,12d38ef,857d1f4a
2026-05-27T18:13:01Z,NAV_UPDATE,permanent,date=2026-05-27 | gross_nav=2.561948 | net_nav=2.561948 | daily_return=-0.001136,12d38ef,857d1f4a
2026-05-27T18:13:15Z,SIGNAL_COLLECT,all_weather,date=2026-05-27 | mode=offensive | targets=SPY:0.30|TLT:0.40|IEF:0.15|GLD:0.07|DBC:0.07,12d38ef,857d1f4a
2026-05-27T18:13:15Z,NAV_UPDATE,all_weather,date=2026-05-27 | gross_nav=2.307060 | net_nav=2.307060 | daily_return=-0.000482,12d38ef,857d1f4a
2026-05-27T18:13:29Z,SIGNAL_COLLECT,golden_butterfly,date=2026-05-27 | mode=offensive | targets=SPY:0.20|VBR:0.20|TLT:0.20|SHY:0.20|GLD:0.20,12d38ef,857d1f4a
2026-05-27T18:13:30Z,NAV_UPDATE,golden_butterfly,date=2026-05-27 | gross_nav=2.813493 | net_nav=2.813493 | daily_return=-0.000721,12d38ef,857d1f4a
2026-05-27T18:13:47Z,SIGNAL_COLLECT,gtaa,date=2026-05-27 | mode=offensive | targets=SPY:0.25|EFA:0.25|VNQ:0.25|DBC:0.25,12d38ef,857d1f4a
2026-05-27T18:13:47Z,NAV_UPDATE,gtaa,date=2026-05-27 | gross_nav=2.095070 | net_nav=2.095070 | daily_return=-0.005469,12d38ef,857d1f4a
2026-05-27T18:14:04Z,SIGNAL_COLLECT,ivy,date=2026-05-27 | mode=offensive | targets=VTI:0.25|EFA:0.25|VNQ:0.25|DBC:0.25,12d38ef,857d1f4a
2026-05-27T18:14:04Z,NAV_UPDATE,ivy,date=2026-05-27 | gross_nav=2.075106 | net_nav=2.075106 | daily_return=-0.005635,12d38ef,857d1f4a
2026-05-27T18:14:23Z,SIGNAL_COLLECT,faa,date=2026-05-27 | mode=offensive | targets=DBC:0.33|SPY:0.33|EEM:0.33,12d38ef,857d1f4a
2026-05-27T18:14:23Z,NAV_UPDATE,faa,date=2026-05-27 | gross_nav=1.942546 | net_nav=1.942546 | daily_return=-0.006245,12d38ef,857d1f4a
2026-05-27T18:14:45Z,SIGNAL_COLLECT,eaa,date=2026-05-27 | mode=offensive | targets=DBC:0.39|SPY:0.35|EEM:0.26,12d38ef,857d1f4a
2026-05-27T18:14:46Z,NAV_UPDATE,eaa,date=2026-05-27 | gross_nav=1.286639 | net_nav=1.286639 | daily_return=-0.008807,12d38ef,857d1f4a
2026-05-27T18:15:03Z,SIGNAL_COLLECT,laa,date=2026-05-27 | mode=offensive | targets=QQQ:0.25|IWD:0.25|GLD:0.25|IEF:0.25,12d38ef,857d1f4a
2026-05-27T18:15:03Z,NAV_UPDATE,laa,date=2026-05-27 | gross_nav=3.772622 | net_nav=3.772622 | daily_return=-0.002244,12d38ef,857d1f4a
2026-05-27T18:20:48Z,ORDER_EXECUTE,portfolio,date=2026-05-27 | ticker=SHY | side=sell | qty=7.0 | price=0.00 | commission=0.0000,12d38ef,857d1f4a
2026-05-27T18:20:48Z,ORDER_EXECUTE,portfolio,date=2026-05-27 | ticker=LQD | side=buy | qty=5.0 | price=0.00 | commission=0.0000,12d38ef,857d1f4a
2026-05-28T18:23:07Z,SIGNAL_COLLECT,daa,date=2026-05-28 | mode=offensive | targets=QQQ:0.50|EEM:0.50,cda37fc,857d1f4a
2026-05-28T18:23:07Z,NAV_UPDATE,daa,date=2026-05-28 | gross_nav=2.586965 | net_nav=2.581377 | daily_return=0.000365,cda37fc,857d1f4a
2026-05-28T18:23:27Z,SIGNAL_COLLECT,vaa,date=2026-05-28 | mode=offensive | targets=EEM:1.00,cda37fc,857d1f4a
2026-05-28T18:23:27Z,NAV_UPDATE,vaa,date=2026-05-28 | gross_nav=2.248161 | net_nav=2.243305 | daily_return=0.000365,cda37fc,857d1f4a
2026-05-28T18:24:06Z,SIGNAL_COLLECT,paa,date=2026-05-28 | mode=offensive | targets=SHY:0.17|QQQ:0.83,cda37fc,857d1f4a
2026-05-28T18:24:06Z,NAV_UPDATE,paa,date=2026-05-28 | gross_nav=2.100526 | net_nav=2.095989 | daily_return=0.008895,cda37fc,857d1f4a
2026-05-28T18:24:44Z,SIGNAL_COLLECT,baa_g12,date=2026-05-28 | mode=offensive | targets=QQQ:1.00,cda37fc,857d1f4a
2026-05-28T18:24:45Z,NAV_UPDATE,baa_g12,date=2026-05-28 | gross_nav=2.039745 | net_nav=2.035339 | daily_return=0.010601,cda37fc,857d1f4a
2026-05-28T18:25:04Z,SIGNAL_COLLECT,baa_g4,date=2026-05-28 | mode=offensive | targets=EEM:1.00,cda37fc,857d1f4a
2026-05-28T18:25:04Z,NAV_UPDATE,baa_g4,date=2026-05-28 | gross_nav=2.388639 | net_nav=2.383480 | daily_return=0.006154,cda37fc,857d1f4a
2026-05-28T18:25:13Z,SIGNAL_COLLECT,gem,date=2026-05-28 | mode=offensive | targets=SPY:1.00,cda37fc,857d1f4a
2026-05-28T18:25:13Z,NAV_UPDATE,gem,date=2026-05-28 | gross_nav=3.206491 | net_nav=3.199565 | daily_return=0.006481,cda37fc,857d1f4a
2026-05-28T18:25:33Z,SIGNAL_COLLECT,haa,date=2026-05-28 | mode=offensive | targets=EEM:1.00,cda37fc,857d1f4a
2026-05-28T18:25:33Z,NAV_UPDATE,haa,date=2026-05-28 | gross_nav=2.388639 | net_nav=2.383480 | daily_return=0.006154,cda37fc,857d1f4a
2026-05-28T18:25:44Z,SIGNAL_COLLECT,permanent,date=2026-05-28 | mode=offensive | targets=SPY:0.25|TLT:0.25|GLD:0.25|BIL:0.25,cda37fc,857d1f4a
2026-05-28T18:25:44Z,NAV_UPDATE,permanent,date=2026-05-28 | gross_nav=2.578468 | net_nav=2.572899 | daily_return=0.006448,cda37fc,857d1f4a
2026-05-28T18:25:58Z,SIGNAL_COLLECT,all_weather,date=2026-05-28 | mode=offensive | targets=SPY:0.30|TLT:0.40|IEF:0.15|GLD:0.07|DBC:0.07,cda37fc,857d1f4a
2026-05-28T18:25:58Z,NAV_UPDATE,all_weather,date=2026-05-28 | gross_nav=2.320635 | net_nav=2.315623 | daily_return=0.005884,cda37fc,857d1f4a
2026-05-28T18:26:12Z,SIGNAL_COLLECT,golden_butterfly,date=2026-05-28 | mode=offensive | targets=SPY:0.20|VBR:0.20|TLT:0.20|SHY:0.20|GLD:0.20,cda37fc,857d1f4a
2026-05-28T18:26:12Z,NAV_UPDATE,golden_butterfly,date=2026-05-28 | gross_nav=2.829309 | net_nav=2.823198 | daily_return=0.005622,cda37fc,857d1f4a
2026-05-28T18:26:30Z,SIGNAL_COLLECT,gtaa,date=2026-05-28 | mode=offensive | targets=SPY:0.25|EFA:0.25|VNQ:0.25|DBC:0.25,cda37fc,857d1f4a
2026-05-28T18:26:30Z,NAV_UPDATE,gtaa,date=2026-05-28 | gross_nav=2.101221 | net_nav=2.096683 | daily_return=0.002936,cda37fc,857d1f4a
2026-05-28T18:26:46Z,SIGNAL_COLLECT,ivy,date=2026-05-28 | mode=offensive | targets=VTI:0.25|EFA:0.25|VNQ:0.25|DBC:0.25,cda37fc,857d1f4a
2026-05-28T18:26:47Z,NAV_UPDATE,ivy,date=2026-05-28 | gross_nav=2.081448 | net_nav=2.076952 | daily_return=0.003056,cda37fc,857d1f4a
2026-05-28T18:27:07Z,SIGNAL_COLLECT,faa,date=2026-05-28 | mode=offensive | targets=SPY:0.33|DBC:0.33|EEM:0.33,cda37fc,857d1f4a
2026-05-28T18:27:07Z,NAV_UPDATE,faa,date=2026-05-28 | gross_nav=1.954681 | net_nav=1.950459 | daily_return=0.006247,cda37fc,857d1f4a
2026-05-28T18:27:29Z,SIGNAL_COLLECT,eaa,date=2026-05-28 | mode=offensive | targets=DBC:0.37|SPY:0.36|EEM:0.27,cda37fc,857d1f4a
2026-05-28T18:27:29Z,NAV_UPDATE,eaa,date=2026-05-28 | gross_nav=1.294682 | net_nav=1.291885 | daily_return=0.006251,cda37fc,857d1f4a
2026-05-28T18:27:46Z,SIGNAL_COLLECT,laa,date=2026-05-28 | mode=offensive | targets=QQQ:0.25|IWD:0.25|GLD:0.25|IEF:0.25,cda37fc,857d1f4a
2026-05-28T18:27:46Z,NAV_UPDATE,laa,date=2026-05-28 | gross_nav=3.800168 | net_nav=3.791960 | daily_return=0.007302,cda37fc,857d1f4a
2026-05-28T18:33:32Z,CIRCUIT_BREAKER,portfolio,date=2026-05-28 | state=defensive | current_dd=-0.4613 | threshold=-0.1800 | fallback=permanent,cda37fc,857d1f4a
2026-05-28T18:33:35Z,ORDER_EXECUTE,portfolio,date=2026-05-28 | ticker=IEF | side=sell | qty=1.0 | price=0.00 | commission=0.0000,cda37fc,857d1f4a
2026-05-28T18:33:35Z,ORDER_EXECUTE,portfolio,date=2026-05-28 | ticker=LQD | side=sell | qty=5.0 | price=0.00 | commission=0.0000,cda37fc,857d1f4a
2026-05-28T18:33:35Z,ORDER_EXECUTE,portfolio,date=2026-05-28 | ticker=BIL | side=buy | qty=3.0 | price=0.00 | commission=0.0000,cda37fc,857d1f4a
2026-05-28T18:33:35Z,ORDER_EXECUTE,portfolio,date=2026-05-28 | ticker=GLDM | side=buy | qty=2.0 | price=0.00 | commission=0.0000,cda37fc,857d1f4a
2026-05-29T18:18:17Z,SIGNAL_COLLECT,daa,date=2026-05-29 | mode=offensive | targets=QQQ:0.50|EEM:0.50,fc28b85,857d1f4a
2026-05-29T18:18:17Z,NAV_UPDATE,daa,date=2026-05-29 | gross_nav=2.586417 | net_nav=2.580830 | daily_return=-0.000212,fc28b85,857d1f4a
2026-05-29T18:18:32Z,SIGNAL_COLLECT,vaa,date=2026-05-29 | mode=offensive | targets=EEM:1.00,fc28b85,857d1f4a
2026-05-29T18:18:32Z,NAV_UPDATE,vaa,date=2026-05-29 | gross_nav=2.244887 | net_nav=2.240038 | daily_return=-0.001456,fc28b85,857d1f4a
2026-05-29T18:19:02Z,SIGNAL_COLLECT,paa,date=2026-05-29 | mode=offensive | targets=SHY:0.08|QQQ:0.92,fc28b85,857d1f4a
2026-05-29T18:19:02Z,NAV_UPDATE,paa,date=2026-05-29 | gross_nav=2.102589 | net_nav=2.098047 | daily_return=0.000982,fc28b85,857d1f4a
2026-05-29T18:19:33Z,SIGNAL_COLLECT,baa_g12,date=2026-05-29 | mode=offensive | targets=QQQ:1.00,fc28b85,857d1f4a
2026-05-29T18:19:33Z,NAV_UPDATE,baa_g12,date=2026-05-29 | gross_nav=2.041851 | net_nav=2.037441 | daily_return=0.001033,fc28b85,857d1f4a
2026-05-29T18:19:48Z,SIGNAL_COLLECT,baa_g4,date=2026-05-29 | mode=offensive | targets=EEM:1.00,fc28b85,857d1f4a
2026-05-29T18:19:48Z,NAV_UPDATE,baa_g4,date=2026-05-29 | gross_nav=2.385161 | net_nav=2.380009 | daily_return=-0.001456,fc28b85,857d1f4a
2026-05-29T18:19:55Z,SIGNAL_COLLECT,gem,date=2026-05-29 | mode=offensive | targets=SPY:1.00,fc28b85,857d1f4a
2026-05-29T18:19:55Z,NAV_UPDATE,gem,date=2026-05-29 | gross_nav=3.210527 | net_nav=3.203593 | daily_return=0.001259,fc28b85,857d1f4a
2026-05-29T18:20:10Z,SIGNAL_COLLECT,haa,date=2026-05-29 | mode=offensive | targets=EEM:1.00,fc28b85,857d1f4a
2026-05-29T18:20:11Z,NAV_UPDATE,haa,date=2026-05-29 | gross_nav=2.385161 | net_nav=2.380009 | daily_return=-0.001456,fc28b85,857d1f4a
2026-05-29T18:20:20Z,SIGNAL_COLLECT,permanent,date=2026-05-29 | mode=offensive | targets=SPY:0.25|TLT:0.25|GLD:0.25|BIL:0.25,fc28b85,857d1f4a
2026-05-29T18:20:20Z,NAV_UPDATE,permanent,date=2026-05-29 | gross_nav=2.586376 | net_nav=2.580789 | daily_return=0.003067,fc28b85,857d1f4a
2026-05-29T18:20:30Z,SIGNAL_COLLECT,all_weather,date=2026-05-29 | mode=offensive | targets=SPY:0.30|TLT:0.40|IEF:0.15|GLD:0.07|DBC:0.07,fc28b85,857d1f4a
2026-05-29T18:20:31Z,NAV_UPDATE,all_weather,date=2026-05-29 | gross_nav=2.322632 | net_nav=2.317615 | daily_return=0.000860,fc28b85,857d1f4a
2026-05-29T18:20:42Z,SIGNAL_COLLECT,golden_butterfly,date=2026-05-29 | mode=offensive | targets=SPY:0.20|VBR:0.20|TLT:0.20|SHY:0.20|GLD:0.20,fc28b85,857d1f4a
2026-05-29T18:20:42Z,NAV_UPDATE,golden_butterfly,date=2026-05-29 | gross_nav=2.836362 | net_nav=2.830235 | daily_return=0.002493,fc28b85,857d1f4a
2026-05-29T18:20:55Z,SIGNAL_COLLECT,gtaa,date=2026-05-29 | mode=offensive | targets=SPY:0.25|EFA:0.25|VNQ:0.25|DBC:0.25,fc28b85,857d1f4a
2026-05-29T18:20:56Z,NAV_UPDATE,gtaa,date=2026-05-29 | gross_nav=2.091076 | net_nav=2.086559 | daily_return=-0.004828,fc28b85,857d1f4a
2026-05-29T18:21:08Z,SIGNAL_COLLECT,ivy,date=2026-05-29 | mode=offensive | targets=VTI:0.25|EFA:0.25|VNQ:0.25|DBC:0.25,fc28b85,857d1f4a
2026-05-29T18:21:09Z,NAV_UPDATE,ivy,date=2026-05-29 | gross_nav=2.071485 | net_nav=2.067011 | daily_return=-0.004787,fc28b85,857d1f4a
2026-05-29T18:21:24Z,SIGNAL_COLLECT,faa,date=2026-05-29 | mode=offensive | targets=SPY:0.33|DBC:0.33|EEM:0.33,fc28b85,857d1f4a
2026-05-29T18:21:24Z,NAV_UPDATE,faa,date=2026-05-29 | gross_nav=1.948620 | net_nav=1.944411 | daily_return=-0.003101,fc28b85,857d1f4a
2026-05-29T18:21:41Z,SIGNAL_COLLECT,eaa,date=2026-05-29 | mode=offensive | targets=SPY:0.41|EEM:0.30|DBC:0.28,fc28b85,857d1f4a
2026-05-29T18:21:42Z,NAV_UPDATE,eaa,date=2026-05-29 | gross_nav=1.290425 | net_nav=1.287637 | daily_return=-0.003288,fc28b85,857d1f4a
2026-05-29T18:21:56Z,SIGNAL_COLLECT,laa,date=2026-05-29 | mode=offensive | targets=QQQ:0.25|IWD:0.25|GLD:0.25|IEF:0.25,fc28b85,857d1f4a
2026-05-29T18:21:56Z,NAV_UPDATE,laa,date=2026-05-29 | gross_nav=3.810201 | net_nav=3.801971 | daily_return=0.002640,fc28b85,857d1f4a
2026-05-29T18:26:22Z,CIRCUIT_BREAKER,portfolio,date=2026-05-29 | state=defensive | current_dd=-0.2642 | threshold=-0.1800 | fallback=permanent,fc28b85,857d1f4a
2026-05-29T18:26:24Z,ORDER_EXECUTE,portfolio,date=2026-05-29 | ticker=TLT | side=buy | qty=3.0 | price=0.00 | commission=0.0000,fc28b85,857d1f4a
2026-06-01T20:00:19Z,SIGNAL_COLLECT,daa,date=2026-06-01 | mode=offensive | targets=QQQ:0.50|EEM:0.50,43f54e1,857d1f4a
2026-06-01T20:00:19Z,NAV_UPDATE,daa,date=2026-06-01 | gross_nav=2.625094 | net_nav=2.625094 | daily_return=0.014954,43f54e1,857d1f4a
2026-06-01T20:00:39Z,SIGNAL_COLLECT,vaa,date=2026-06-01 | mode=offensive | targets=EEM:1.00,43f54e1,857d1f4a
2026-06-01T20:00:39Z,NAV_UPDATE,vaa,date=2026-06-01 | gross_nav=2.294322 | net_nav=2.294322 | daily_return=0.022021,43f54e1,857d1f4a
2026-06-01T20:01:19Z,SIGNAL_COLLECT,paa,date=2026-06-01 | mode=offensive | targets=SHY:0.17|QQQ:0.83,43f54e1,857d1f4a
2026-06-01T20:01:20Z,NAV_UPDATE,paa,date=2026-06-01 | gross_nav=2.117173 | net_nav=2.117173 | daily_return=0.006936,43f54e1,857d1f4a
2026-06-01T20:01:58Z,SIGNAL_COLLECT,baa_g12,date=2026-06-01 | mode=offensive | targets=QQQ:1.00,43f54e1,857d1f4a
2026-06-01T20:01:58Z,NAV_UPDATE,baa_g12,date=2026-06-01 | gross_nav=2.057954 | net_nav=2.057954 | daily_return=0.007886,43f54e1,857d1f4a
2026-06-01T20:02:18Z,SIGNAL_COLLECT,baa_g4,date=2026-06-01 | mode=offensive | targets=EEM:1.00,43f54e1,857d1f4a
2026-06-01T20:02:18Z,NAV_UPDATE,baa_g4,date=2026-06-01 | gross_nav=2.437685 | net_nav=2.437685 | daily_return=0.022021,43f54e1,857d1f4a
2026-06-01T20:02:26Z,SIGNAL_COLLECT,gem,date=2026-06-01 | mode=offensive | targets=SPY:1.00,43f54e1,857d1f4a
2026-06-01T20:02:27Z,NAV_UPDATE,gem,date=2026-06-01 | gross_nav=3.222806 | net_nav=3.222806 | daily_return=0.003825,43f54e1,857d1f4a
2026-06-01T20:02:46Z,SIGNAL_COLLECT,haa,date=2026-06-01 | mode=offensive | targets=EEM:1.00,43f54e1,857d1f4a
2026-06-01T20:02:46Z,NAV_UPDATE,haa,date=2026-06-01 | gross_nav=2.437685 | net_nav=2.437685 | daily_return=0.022021,43f54e1,857d1f4a
2026-06-01T20:02:58Z,SIGNAL_COLLECT,permanent,date=2026-06-01 | mode=offensive | targets=SPY:0.25|TLT:0.25|GLD:0.25|BIL:0.25,43f54e1,857d1f4a
2026-06-01T20:02:58Z,NAV_UPDATE,permanent,date=2026-06-01 | gross_nav=2.574181 | net_nav=2.574181 | daily_return=-0.004715,43f54e1,857d1f4a
2026-06-01T20:03:12Z,SIGNAL_COLLECT,all_weather,date=2026-06-01 | mode=offensive | targets=SPY:0.30|TLT:0.40|IEF:0.15|GLD:0.07|DBC:0.07,43f54e1,857d1f4a
2026-06-01T20:03:12Z,NAV_UPDATE,all_weather,date=2026-06-01 | gross_nav=2.321301 | net_nav=2.321301 | daily_return=-0.000573,43f54e1,857d1f4a
2026-06-01T20:03:26Z,SIGNAL_COLLECT,golden_butterfly,date=2026-06-01 | mode=offensive | targets=SPY:0.20|VBR:0.20|TLT:0.20|SHY:0.20|GLD:0.20,43f54e1,857d1f4a
2026-06-01T20:03:27Z,NAV_UPDATE,golden_butterfly,date=2026-06-01 | gross_nav=2.821480 | net_nav=2.821480 | daily_return=-0.005247,43f54e1,857d1f4a
2026-06-01T20:03:43Z,SIGNAL_COLLECT,gtaa,date=2026-06-01 | mode=offensive | targets=SPY:0.25|EFA:0.25|VNQ:0.25|DBC:0.25,43f54e1,857d1f4a
2026-06-01T20:03:43Z,NAV_UPDATE,gtaa,date=2026-06-01 | gross_nav=2.092528 | net_nav=2.092528 | daily_return=0.000694,43f54e1,857d1f4a
2026-06-01T20:04:00Z,SIGNAL_COLLECT,ivy,date=2026-06-01 | mode=offensive | targets=VTI:0.25|EFA:0.25|VNQ:0.25|DBC:0.25,43f54e1,857d1f4a
2026-06-01T20:04:00Z,NAV_UPDATE,ivy,date=2026-06-01 | gross_nav=2.072793 | net_nav=2.072793 | daily_return=0.000631,43f54e1,857d1f4a
2026-06-01T20:04:21Z,SIGNAL_COLLECT,faa,date=2026-06-01 | mode=offensive | targets=SPY:0.33|DBC:0.33|SHY:0.33,43f54e1,857d1f4a
2026-06-01T20:04:21Z,NAV_UPDATE,faa,date=2026-06-01 | gross_nav=1.979112 | net_nav=1.979112 | daily_return=0.015648,43f54e1,857d1f4a
2026-06-01T20:04:43Z,SIGNAL_COLLECT,eaa,date=2026-06-01 | mode=offensive | targets=SPY:0.37|DBC:0.32|EEM:0.31,43f54e1,857d1f4a
2026-06-01T20:04:44Z,NAV_UPDATE,eaa,date=2026-06-01 | gross_nav=1.308788 | net_nav=1.308788 | daily_return=0.014230,43f54e1,857d1f4a
2026-06-01T20:05:01Z,SIGNAL_COLLECT,laa,date=2026-06-01 | mode=offensive | targets=QQQ:0.25|IWD:0.25|GLD:0.25|IEF:0.25,43f54e1,857d1f4a
2026-06-01T20:05:01Z,NAV_UPDATE,laa,date=2026-06-01 | gross_nav=3.795082 | net_nav=3.795082 | daily_return=-0.003968,43f54e1,857d1f4a
2026-06-01T20:10:46Z,ORDER_EXECUTE,portfolio,date=2026-06-01 | ticker=BIL | side=sell | qty=3.0 | price=0.00 | commission=0.0000,43f54e1,857d1f4a
2026-06-01T20:10:46Z,ORDER_EXECUTE,portfolio,date=2026-06-01 | ticker=GLDM | side=sell | qty=2.0 | price=0.00 | commission=0.0000,43f54e1,857d1f4a
2026-06-01T20:10:46Z,ORDER_EXECUTE,portfolio,date=2026-06-01 | ticker=TLT | side=sell | qty=6.0 | price=0.00 | commission=0.0000,43f54e1,857d1f4a
2026-06-01T20:10:46Z,ORDER_EXECUTE,portfolio,date=2026-06-01 | ticker=EEM | side=buy | qty=4.0 | price=0.00 | commission=0.0000,43f54e1,857d1f4a
2026-06-01T20:10:46Z,ORDER_EXECUTE,portfolio,date=2026-06-01 | ticker=IEF | side=buy | qty=1.0 | price=0.00 | commission=0.0000,43f54e1,857d1f4a
2026-06-01T20:10:46Z,ORDER_EXECUTE,portfolio,date=2026-06-01 | ticker=QQQM | side=buy | qty=1.0 | price=0.00 | commission=0.0000,43f54e1,857d1f4a
2026-06-02T18:59:42Z,SIGNAL_COLLECT,daa,date=2026-06-02 | mode=offensive | targets=EEM:0.50|QQQ:0.50,d631169,857d1f4a
2026-06-02T18:59:42Z,NAV_UPDATE,daa,date=2026-06-02 | gross_nav=2.639404 | net_nav=2.639404 | daily_return=0.005451,d631169,857d1f4a
2026-06-02T19:00:03Z,SIGNAL_COLLECT,vaa,date=2026-06-02 | mode=offensive | targets=EEM:1.00,d631169,857d1f4a
2026-06-02T19:00:03Z,NAV_UPDATE,vaa,date=2026-06-02 | gross_nav=2.313310 | net_nav=2.313310 | daily_return=0.008276,d631169,857d1f4a
2026-06-02T19:00:46Z,SIGNAL_COLLECT,paa,date=2026-06-02 | mode=offensive | targets=SHY:0.17|EEM:0.83,d631169,857d1f4a
2026-06-02T19:00:47Z,NAV_UPDATE,paa,date=2026-06-02 | gross_nav=2.121763 | net_nav=2.121763 | daily_return=0.002168,d631169,857d1f4a
2026-06-02T19:01:29Z,SIGNAL_COLLECT,baa_g12,date=2026-06-02 | mode=offensive | targets=EEM:1.00,d631169,857d1f4a
2026-06-02T19:01:29Z,NAV_UPDATE,baa_g12,date=2026-06-02 | gross_nav=2.063359 | net_nav=2.063359 | daily_return=0.002626,d631169,857d1f4a
2026-06-02T19:01:49Z,SIGNAL_COLLECT,baa_g4,date=2026-06-02 | mode=offensive | targets=EEM:1.00,d631169,857d1f4a
2026-06-02T19:01:49Z,NAV_UPDATE,baa_g4,date=2026-06-02 | gross_nav=2.457860 | net_nav=2.457860 | daily_return=0.008276,d631169,857d1f4a
2026-06-02T19:01:58Z,SIGNAL_COLLECT,gem,date=2026-06-02 | mode=offensive | targets=SPY:1.00,d631169,857d1f4a
2026-06-02T19:01:59Z,NAV_UPDATE,gem,date=2026-06-02 | gross_nav=3.225185 | net_nav=3.225185 | daily_return=0.000738,d631169,857d1f4a
2026-06-02T19:02:20Z,SIGNAL_COLLECT,haa,date=2026-06-02 | mode=offensive | targets=EEM:1.00,d631169,857d1f4a
2026-06-02T19:02:21Z,NAV_UPDATE,haa,date=2026-06-02 | gross_nav=2.457860 | net_nav=2.457860 | daily_return=0.008276,d631169,857d1f4a
2026-06-02T19:02:33Z,SIGNAL_COLLECT,permanent,date=2026-06-02 | mode=offensive | targets=SPY:0.25|TLT:0.25|GLD:0.25|BIL:0.25,d631169,857d1f4a
2026-06-02T19:02:33Z,NAV_UPDATE,permanent,date=2026-06-02 | gross_nav=2.577149 | net_nav=2.577149 | daily_return=0.001153,d631169,857d1f4a
2026-06-02T19:02:48Z,SIGNAL_COLLECT,all_weather,date=2026-06-02 | mode=offensive | targets=SPY:0.30|TLT:0.40|IEF:0.15|GLD:0.07|DBC:0.07,d631169,857d1f4a
2026-06-02T19:02:48Z,NAV_UPDATE,all_weather,date=2026-06-02 | gross_nav=2.324757 | net_nav=2.324757 | daily_return=0.001489,d631169,857d1f4a
2026-06-02T19:03:03Z,SIGNAL_COLLECT,golden_butterfly,date=2026-06-02 | mode=offensive | targets=SPY:0.20|VBR:0.20|TLT:0.20|SHY:0.20|GLD:0.20,d631169,857d1f4a
2026-06-02T19:03:04Z,NAV_UPDATE,golden_butterfly,date=2026-06-02 | gross_nav=2.829425 | net_nav=2.829425 | daily_return=0.002816,d631169,857d1f4a
2026-06-02T19:03:22Z,SIGNAL_COLLECT,gtaa,date=2026-06-02 | mode=offensive | targets=SPY:0.25|EFA:0.25|VNQ:0.25|DBC:0.25,d631169,857d1f4a
2026-06-02T19:03:22Z,NAV_UPDATE,gtaa,date=2026-06-02 | gross_nav=2.099601 | net_nav=2.099601 | daily_return=0.003380,d631169,857d1f4a
2026-06-02T19:03:41Z,SIGNAL_COLLECT,ivy,date=2026-06-02 | mode=offensive | targets=VTI:0.25|EFA:0.25|VNQ:0.25|DBC:0.25,d631169,857d1f4a
2026-06-02T19:03:41Z,NAV_UPDATE,ivy,date=2026-06-02 | gross_nav=2.080318 | net_nav=2.080318 | daily_return=0.003631,d631169,857d1f4a
2026-06-02T19:04:02Z,SIGNAL_COLLECT,faa,date=2026-06-02 | mode=offensive | targets=SPY:0.33|DBC:0.33|SHY:0.33,d631169,857d1f4a
2026-06-02T19:04:02Z,NAV_UPDATE,faa,date=2026-06-02 | gross_nav=1.981937 | net_nav=1.981937 | daily_return=0.001428,d631169,857d1f4a
2026-06-02T19:04:26Z,SIGNAL_COLLECT,eaa,date=2026-06-02 | mode=offensive | targets=SPY:0.34|DBC:0.33|EEM:0.33,d631169,857d1f4a
2026-06-02T19:04:26Z,NAV_UPDATE,eaa,date=2026-06-02 | gross_nav=1.314037 | net_nav=1.314037 | daily_return=0.004011,d631169,857d1f4a
2026-06-02T19:04:45Z,SIGNAL_COLLECT,laa,date=2026-06-02 | mode=offensive | targets=QQQ:0.25|IWD:0.25|GLD:0.25|IEF:0.25,d631169,857d1f4a
2026-06-02T19:04:45Z,NAV_UPDATE,laa,date=2026-06-02 | gross_nav=3.807332 | net_nav=3.807332 | daily_return=0.003228,d631169,857d1f4a
2026-06-02T19:10:58Z,ORDER_EXECUTE,portfolio,date=2026-06-02 | ticker=BIL | side=sell | qty=3.0 | price=0.00 | commission=0.0000,d631169,857d1f4a
2026-06-03T19:05:46Z,SIGNAL_COLLECT,daa,date=2026-06-03 | mode=offensive | targets=QQQ:0.50|EEM:0.50,baf4ae9,857d1f4a
2026-06-03T19:05:46Z,NAV_UPDATE,daa,date=2026-06-03 | gross_nav=2.623234 | net_nav=2.623234 | daily_return=-0.006126,baf4ae9,857d1f4a
2026-06-03T19:06:05Z,SIGNAL_COLLECT,vaa,date=2026-06-03 | mode=offensive | targets=EEM:1.00,baf4ae9,857d1f4a
2026-06-03T19:06:05Z,NAV_UPDATE,vaa,date=2026-06-03 | gross_nav=2.284500 | net_nav=2.284500 | daily_return=-0.012454,baf4ae9,857d1f4a
2026-06-03T19:06:43Z,SIGNAL_COLLECT,paa,date=2026-06-03 | mode=offensive | targets=SHY:0.17|QQQ:0.83,baf4ae9,857d1f4a
2026-06-03T19:06:43Z,NAV_UPDATE,paa,date=2026-06-03 | gross_nav=2.099528 | net_nav=2.099528 | daily_return=-0.010480,baf4ae9,857d1f4a
2026-06-03T19:07:20Z,SIGNAL_COLLECT,baa_g12,date=2026-06-03 | mode=offensive | targets=QQQ:1.00,baf4ae9,857d1f4a
2026-06-03T19:07:21Z,NAV_UPDATE,baa_g12,date=2026-06-03 | gross_nav=2.037662 | net_nav=2.037662 | daily_return=-0.012454,baf4ae9,857d1f4a
2026-06-03T19:07:40Z,SIGNAL_COLLECT,baa_g4,date=2026-06-03 | mode=offensive | targets=EEM:1.00,baf4ae9,857d1f4a
2026-06-03T19:07:40Z,NAV_UPDATE,baa_g4,date=2026-06-03 | gross_nav=2.427250 | net_nav=2.427250 | daily_return=-0.012454,baf4ae9,857d1f4a
2026-06-03T19:07:48Z,SIGNAL_COLLECT,gem,date=2026-06-03 | mode=offensive | targets=SPY:1.00,baf4ae9,857d1f4a
2026-06-03T19:07:49Z,NAV_UPDATE,gem,date=2026-06-03 | gross_nav=3.208743 | net_nav=3.208743 | daily_return=-0.005098,baf4ae9,857d1f4a
2026-06-03T19:08:07Z,SIGNAL_COLLECT,haa,date=2026-06-03 | mode=offensive | targets=EEM:1.00,baf4ae9,857d1f4a
2026-06-03T19:08:08Z,NAV_UPDATE,haa,date=2026-06-03 | gross_nav=2.427250 | net_nav=2.427250 | daily_return=-0.012454,baf4ae9,857d1f4a
2026-06-03T19:08:18Z,SIGNAL_COLLECT,permanent,date=2026-06-03 | mode=offensive | targets=SPY:0.25|TLT:0.25|GLD:0.25|BIL:0.25,baf4ae9,857d1f4a
2026-06-03T19:08:19Z,NAV_UPDATE,permanent,date=2026-06-03 | gross_nav=2.566107 | net_nav=2.566107 | daily_return=-0.004285,baf4ae9,857d1f4a
2026-06-03T19:08:32Z,SIGNAL_COLLECT,all_weather,date=2026-06-03 | mode=offensive | targets=SPY:0.30|TLT:0.40|IEF:0.15|GLD:0.07|DBC:0.07,baf4ae9,857d1f4a
2026-06-03T19:08:33Z,NAV_UPDATE,all_weather,date=2026-06-03 | gross_nav=2.316847 | net_nav=2.316847 | daily_return=-0.003402,baf4ae9,857d1f4a
2026-06-03T19:08:46Z,SIGNAL_COLLECT,golden_butterfly,date=2026-06-03 | mode=offensive | targets=SPY:0.20|VBR:0.20|TLT:0.20|SHY:0.20|GLD:0.20,baf4ae9,857d1f4a
2026-06-03T19:08:47Z,NAV_UPDATE,golden_butterfly,date=2026-06-03 | gross_nav=2.817284 | net_nav=2.817284 | daily_return=-0.004291,baf4ae9,857d1f4a
2026-06-03T19:09:03Z,SIGNAL_COLLECT,gtaa,date=2026-06-03 | mode=offensive | targets=SPY:0.25|EFA:0.25|VNQ:0.25|DBC:0.25,baf4ae9,857d1f4a
2026-06-03T19:09:03Z,NAV_UPDATE,gtaa,date=2026-06-03 | gross_nav=2.098385 | net_nav=2.098385 | daily_return=-0.000579,baf4ae9,857d1f4a
2026-06-03T19:09:20Z,SIGNAL_COLLECT,ivy,date=2026-06-03 | mode=offensive | targets=VTI:0.25|EFA:0.25|VNQ:0.25|DBC:0.25,baf4ae9,857d1f4a
2026-06-03T19:09:20Z,NAV_UPDATE,ivy,date=2026-06-03 | gross_nav=2.078791 | net_nav=2.078791 | daily_return=-0.000734,baf4ae9,857d1f4a
2026-06-03T19:09:39Z,SIGNAL_COLLECT,faa,date=2026-06-03 | mode=offensive | targets=SPY:0.33|DBC:0.33|EEM:0.33,baf4ae9,857d1f4a
2026-06-03T19:09:39Z,NAV_UPDATE,faa,date=2026-06-03 | gross_nav=1.982335 | net_nav=1.982335 | daily_return=0.000201,baf4ae9,857d1f4a
2026-06-03T19:10:01Z,SIGNAL_COLLECT,eaa,date=2026-06-03 | mode=offensive | targets=SPY:0.35|DBC:0.33|EEM:0.32,baf4ae9,857d1f4a
2026-06-03T19:10:01Z,NAV_UPDATE,eaa,date=2026-06-03 | gross_nav=1.309113 | net_nav=1.309113 | daily_return=-0.003747,baf4ae9,857d1f4a
2026-06-03T19:10:18Z,SIGNAL_COLLECT,laa,date=2026-06-03 | mode=offensive | targets=QQQ:0.25|IWD:0.25|GLD:0.25|IEF:0.25,baf4ae9,857d1f4a
2026-06-03T19:10:18Z,NAV_UPDATE,laa,date=2026-06-03 | gross_nav=3.798015 | net_nav=3.798015 | daily_return=-0.002447,baf4ae9,857d1f4a
2026-06-04T17:58:50Z,SIGNAL_COLLECT,daa,date=2026-06-04 | mode=offensive | targets=QQQ:0.50|EEM:0.50,30c8ced,857d1f4a
2026-06-04T17:58:50Z,NAV_UPDATE,daa,date=2026-06-04 | gross_nav=2.607811 | net_nav=2.607811 | daily_return=-0.005880,30c8ced,857d1f4a
2026-06-04T17:59:08Z,SIGNAL_COLLECT,vaa,date=2026-06-04 | mode=offensive | targets=EEM:1.00,30c8ced,857d1f4a
2026-06-04T17:59:09Z,NAV_UPDATE,vaa,date=2026-06-04 | gross_nav=2.264202 | net_nav=2.264202 | daily_return=-0.008885,30c8ced,857d1f4a
2026-06-04T17:59:44Z,SIGNAL_COLLECT,paa,date=2026-06-04 | mode=offensive | targets=SHY:0.17|QQQ:0.83,30c8ced,857d1f4a
2026-06-04T17:59:44Z,NAV_UPDATE,paa,date=2026-06-04 | gross_nav=2.094756 | net_nav=2.094756 | daily_return=-0.002273,30c8ced,857d1f4a
2026-06-04T18:00:19Z,SIGNAL_COLLECT,baa_g12,date=2026-06-04 | mode=offensive | targets=QQQ:1.00,30c8ced,857d1f4a
2026-06-04T18:00:20Z,NAV_UPDATE,baa_g12,date=2026-06-04 | gross_nav=2.031806 | net_nav=2.031806 | daily_return=-0.002874,30c8ced,857d1f4a
2026-06-04T18:00:37Z,SIGNAL_COLLECT,baa_g4,date=2026-06-04 | mode=offensive | targets=EEM:1.00,30c8ced,857d1f4a
2026-06-04T18:00:37Z,NAV_UPDATE,baa_g4,date=2026-06-04 | gross_nav=2.405684 | net_nav=2.405684 | daily_return=-0.008885,30c8ced,857d1f4a
2026-06-04T18:00:45Z,SIGNAL_COLLECT,gem,date=2026-06-04 | mode=offensive | targets=SPY:1.00,30c8ced,857d1f4a
2026-06-04T18:00:45Z,NAV_UPDATE,gem,date=2026-06-04 | gross_nav=3.219110 | net_nav=3.219110 | daily_return=0.003231,30c8ced,857d1f4a
2026-06-04T18:01:03Z,SIGNAL_COLLECT,haa,date=2026-06-04 | mode=offensive | targets=EEM:1.00,30c8ced,857d1f4a
2026-06-04T18:01:03Z,NAV_UPDATE,haa,date=2026-06-04 | gross_nav=2.405684 | net_nav=2.405684 | daily_return=-0.008885,30c8ced,857d1f4a
2026-06-04T18:01:13Z,SIGNAL_COLLECT,permanent,date=2026-06-04 | mode=offensive | targets=SPY:0.25|TLT:0.25|GLD:0.25|BIL:0.25,30c8ced,857d1f4a
2026-06-04T18:01:13Z,NAV_UPDATE,permanent,date=2026-06-04 | gross_nav=2.573600 | net_nav=2.573600 | daily_return=0.002920,30c8ced,857d1f4a
2026-06-04T18:01:26Z,SIGNAL_COLLECT,all_weather,date=2026-06-04 | mode=offensive | targets=SPY:0.30|TLT:0.40|IEF:0.15|GLD:0.07|DBC:0.07,30c8ced,857d1f4a
2026-06-04T18:01:27Z,NAV_UPDATE,all_weather,date=2026-06-04 | gross_nav=2.319452 | net_nav=2.319452 | daily_return=0.001124,30c8ced,857d1f4a
2026-06-04T18:01:40Z,SIGNAL_COLLECT,golden_butterfly,date=2026-06-04 | mode=offensive | targets=SPY:0.20|VBR:0.20|TLT:0.20|SHY:0.20|GLD:0.20,30c8ced,857d1f4a
2026-06-04T18:01:40Z,NAV_UPDATE,golden_butterfly,date=2026-06-04 | gross_nav=2.826609 | net_nav=2.826609 | daily_return=0.003310,30c8ced,857d1f4a
2026-06-04T18:01:55Z,SIGNAL_COLLECT,gtaa,date=2026-06-04 | mode=offensive | targets=SPY:0.25|EFA:0.25|VNQ:0.25|DBC:0.25,30c8ced,857d1f4a
2026-06-04T18:01:55Z,NAV_UPDATE,gtaa,date=2026-06-04 | gross_nav=2.097071 | net_nav=2.097071 | daily_return=-0.000626,30c8ced,857d1f4a
2026-06-04T18:02:10Z,SIGNAL_COLLECT,ivy,date=2026-06-04 | mode=offensive | targets=VTI:0.25|EFA:0.25|VNQ:0.25|DBC:0.25,30c8ced,857d1f4a
2026-06-04T18:02:10Z,NAV_UPDATE,ivy,date=2026-06-04 | gross_nav=2.077989 | net_nav=2.077989 | daily_return=-0.000386,30c8ced,857d1f4a
2026-06-04T18:02:28Z,SIGNAL_COLLECT,faa,date=2026-06-04 | mode=offensive | targets=SPY:0.33|DBC:0.33|EEM:0.33,30c8ced,857d1f4a
2026-06-04T18:02:28Z,NAV_UPDATE,faa,date=2026-06-04 | gross_nav=1.967260 | net_nav=1.967260 | daily_return=-0.007605,30c8ced,857d1f4a
2026-06-04T18:02:48Z,SIGNAL_COLLECT,eaa,date=2026-06-04 | mode=offensive | targets=SPY:0.40|EEM:0.32|DBC:0.28,30c8ced,857d1f4a
2026-06-04T18:02:48Z,NAV_UPDATE,eaa,date=2026-06-04 | gross_nav=1.299518 | net_nav=1.299518 | daily_return=-0.007329,30c8ced,857d1f4a
2026-06-04T18:03:03Z,SIGNAL_COLLECT,laa,date=2026-06-04 | mode=offensive | targets=QQQ:0.25|IWD:0.25|GLD:0.25|IEF:0.25,30c8ced,857d1f4a
2026-06-04T18:03:04Z,NAV_UPDATE,laa,date=2026-06-04 | gross_nav=3.808207 | net_nav=3.808207 | daily_return=0.002683,30c8ced,857d1f4a
2026-06-05T17:28:46Z,SIGNAL_COLLECT,daa,date=2026-06-05 | mode=defensive | targets=SHY:1.00,7a920b0,857d1f4a
2026-06-05T17:28:47Z,NAV_UPDATE,daa,date=2026-06-05 | gross_nav=2.489410 | net_nav=2.489410 | daily_return=-0.045402,7a920b0,857d1f4a
2026-06-05T17:29:04Z,SIGNAL_COLLECT,vaa,date=2026-06-05 | mode=defensive | targets=SHY:1.00,7a920b0,857d1f4a
2026-06-05T17:29:04Z,NAV_UPDATE,vaa,date=2026-06-05 | gross_nav=2.140450 | net_nav=2.140450 | daily_return=-0.054656,7a920b0,857d1f4a
2026-06-05T17:29:39Z,SIGNAL_COLLECT,paa,date=2026-06-05 | mode=offensive | targets=SHY:0.25|QQQ:0.75,7a920b0,857d1f4a
2026-06-05T17:29:39Z,NAV_UPDATE,paa,date=2026-06-05 | gross_nav=2.031102 | net_nav=2.031102 | daily_return=-0.030387,7a920b0,857d1f4a
2026-06-05T17:30:14Z,SIGNAL_COLLECT,baa_g12,date=2026-06-05 | mode=offensive | targets=QQQ:1.00,7a920b0,857d1f4a
2026-06-05T17:30:14Z,NAV_UPDATE,baa_g12,date=2026-06-05 | gross_nav=1.958358 | net_nav=1.958358 | daily_return=-0.036149,7a920b0,857d1f4a
2026-06-05T17:30:32Z,SIGNAL_COLLECT,baa_g4,date=2026-06-05 | mode=offensive | targets=SPY:1.00,7a920b0,857d1f4a
2026-06-05T17:30:32Z,NAV_UPDATE,baa_g4,date=2026-06-05 | gross_nav=2.274199 | net_nav=2.274199 | daily_return=-0.054656,7a920b0,857d1f4a
2026-06-05T17:30:40Z,SIGNAL_COLLECT,gem,date=2026-06-05 | mode=offensive | targets=SPY:1.00,7a920b0,857d1f4a
2026-06-05T17:30:40Z,NAV_UPDATE,gem,date=2026-06-05 | gross_nav=3.161158 | net_nav=3.161158 | daily_return=-0.018003,7a920b0,857d1f4a
2026-06-05T17:30:57Z,SIGNAL_COLLECT,haa,date=2026-06-05 | mode=offensive | targets=EEM:1.00,7a920b0,857d1f4a
2026-06-05T17:30:58Z,NAV_UPDATE,haa,date=2026-06-05 | gross_nav=2.274199 | net_nav=2.274199 | daily_return=-0.054656,7a920b0,857d1f4a
2026-06-05T17:31:08Z,SIGNAL_COLLECT,permanent,date=2026-06-05 | mode=offensive | targets=SPY:0.25|TLT:0.25|GLD:0.25|BIL:0.25,7a920b0,857d1f4a
2026-06-05T17:31:08Z,NAV_UPDATE,permanent,date=2026-06-05 | gross_nav=2.539767 | net_nav=2.539767 | daily_return=-0.013146,7a920b0,857d1f4a
2026-06-05T17:31:20Z,SIGNAL_COLLECT,all_weather,date=2026-06-05 | mode=offensive | targets=SPY:0.30|TLT:0.40|IEF:0.15|GLD:0.07|DBC:0.07,7a920b0,857d1f4a
2026-06-05T17:31:21Z,NAV_UPDATE,all_weather,date=2026-06-05 | gross_nav=2.293387 | net_nav=2.293387 | daily_return=-0.011237,7a920b0,857d1f4a
2026-06-05T17:31:33Z,SIGNAL_COLLECT,golden_butterfly,date=2026-06-05 | mode=offensive | targets=SPY:0.20|VBR:0.20|TLT:0.20|SHY:0.20|GLD:0.20,7a920b0,857d1f4a
2026-06-05T17:31:34Z,NAV_UPDATE,golden_butterfly,date=2026-06-05 | gross_nav=2.792061 | net_nav=2.792061 | daily_return=-0.012222,7a920b0,857d1f4a
2026-06-05T17:31:48Z,SIGNAL_COLLECT,gtaa,date=2026-06-05 | mode=offensive | targets=SPY:0.25|EFA:0.25|VNQ:0.25|DBC:0.25,7a920b0,857d1f4a
2026-06-05T17:31:49Z,NAV_UPDATE,gtaa,date=2026-06-05 | gross_nav=2.078351 | net_nav=2.078351 | daily_return=-0.008927,7a920b0,857d1f4a
2026-06-05T17:32:03Z,SIGNAL_COLLECT,ivy,date=2026-06-05 | mode=offensive | targets=VTI:0.25|EFA:0.25|VNQ:0.25|DBC:0.25,7a920b0,857d1f4a
2026-06-05T17:32:04Z,NAV_UPDATE,ivy,date=2026-06-05 | gross_nav=2.059074 | net_nav=2.059074 | daily_return=-0.009103,7a920b0,857d1f4a
2026-06-05T17:32:22Z,SIGNAL_COLLECT,faa,date=2026-06-05 | mode=offensive | targets=SPY:0.33|DBC:0.33|SHY:0.33,7a920b0,857d1f4a
2026-06-05T17:32:22Z,NAV_UPDATE,faa,date=2026-06-05 | gross_nav=1.907509 | net_nav=1.907509 | daily_return=-0.030373,7a920b0,857d1f4a
2026-06-05T17:32:41Z,SIGNAL_COLLECT,eaa,date=2026-06-05 | mode=offensive | targets=SPY:0.40|DBC:0.36|VNQ:0.23,7a920b0,857d1f4a
2026-06-05T17:32:41Z,NAV_UPDATE,eaa,date=2026-06-05 | gross_nav=1.260564 | net_nav=1.260564 | daily_return=-0.029976,7a920b0,857d1f4a
2026-06-05T17:32:57Z,SIGNAL_COLLECT,laa,date=2026-06-05 | mode=offensive | targets=QQQ:0.25|IWD:0.25|GLD:0.25|IEF:0.25,7a920b0,857d1f4a
2026-06-05T17:32:57Z,NAV_UPDATE,laa,date=2026-06-05 | gross_nav=3.727659 | net_nav=3.727659 | daily_return=-0.021151,7a920b0,857d1f4a
2026-06-05T17:38:02Z,ORDER_EXECUTE,portfolio,date=2026-06-05 | ticker=EEM | side=sell | qty=4.0 | price=0.00 | commission=0.0000,7a920b0,857d1f4a
2026-06-05T17:38:02Z,ORDER_EXECUTE,portfolio,date=2026-06-05 | ticker=QQQM | side=sell | qty=1.0 | price=0.00 | commission=0.0000,7a920b0,857d1f4a
2026-06-05T17:38:02Z,ORDER_EXECUTE,portfolio,date=2026-06-05 | ticker=SHY | side=buy | qty=7.0 | price=0.00 | commission=0.0000,7a920b0,857d1f4a
2026-06-08T18:11:02Z,SIGNAL_COLLECT,daa,date=2026-06-08 | mode=defensive | targets=SHY:1.00,3cb1bf5,857d1f4a
2026-06-08T18:11:02Z,NAV_UPDATE,daa,date=2026-06-08 | gross_nav=2.490018 | net_nav=2.490018 | daily_return=0.000244,3cb1bf5,857d1f4a
2026-06-08T18:11:16Z,SIGNAL_COLLECT,vaa,date=2026-06-08 | mode=defensive | targets=SHY:1.00,3cb1bf5,857d1f4a
2026-06-08T18:11:17Z,NAV_UPDATE,vaa,date=2026-06-08 | gross_nav=2.140973 | net_nav=2.140973 | daily_return=0.000244,3cb1bf5,857d1f4a
2026-06-08T18:11:43Z,SIGNAL_COLLECT,paa,date=2026-06-08 | mode=offensive | targets=SHY:0.25|QQQ:0.75,3cb1bf5,857d1f4a
2026-06-08T18:11:44Z,NAV_UPDATE,paa,date=2026-06-08 | gross_nav=2.039847 | net_nav=2.039847 | daily_return=0.004306,3cb1bf5,857d1f4a
2026-06-08T18:12:11Z,SIGNAL_COLLECT,baa_g12,date=2026-06-08 | mode=offensive | targets=QQQ:1.00,3cb1bf5,857d1f4a
2026-06-08T18:12:11Z,NAV_UPDATE,baa_g12,date=2026-06-08 | gross_nav=1.969441 | net_nav=1.969441 | daily_return=0.005659,3cb1bf5,857d1f4a
2026-06-08T18:12:25Z,SIGNAL_COLLECT,baa_g4,date=2026-06-08 | mode=offensive | targets=EEM:1.00,3cb1bf5,857d1f4a
2026-06-08T18:12:25Z,NAV_UPDATE,baa_g4,date=2026-06-08 | gross_nav=2.267872 | net_nav=2.267872 | daily_return=-0.002782,3cb1bf5,857d1f4a
2026-06-08T18:12:31Z,SIGNAL_COLLECT,gem,date=2026-06-08 | mode=offensive | targets=SPY:1.00,3cb1bf5,857d1f4a
2026-06-08T18:12:31Z,NAV_UPDATE,gem,date=2026-06-08 | gross_nav=3.152363 | net_nav=3.152363 | daily_return=-0.002782,3cb1bf5,857d1f4a
2026-06-08T18:12:44Z,SIGNAL_COLLECT,haa,date=2026-06-08 | mode=offensive | targets=EEM:1.00,3cb1bf5,857d1f4a
2026-06-08T18:12:45Z,NAV_UPDATE,haa,date=2026-06-08 | gross_nav=2.296461 | net_nav=2.296461 | daily_return=0.009789,3cb1bf5,857d1f4a
2026-06-08T18:12:53Z,SIGNAL_COLLECT,permanent,date=2026-06-08 | mode=offensive | targets=SPY:0.25|TLT:0.25|GLD:0.25|BIL:0.25,3cb1bf5,857d1f4a
2026-06-08T18:12:53Z,NAV_UPDATE,permanent,date=2026-06-08 | gross_nav=2.537089 | net_nav=2.537089 | daily_return=-0.001054,3cb1bf5,857d1f4a
2026-06-08T18:13:02Z,SIGNAL_COLLECT,all_weather,date=2026-06-08 | mode=offensive | targets=SPY:0.30|TLT:0.40|IEF:0.15|GLD:0.07|DBC:0.07,3cb1bf5,857d1f4a
2026-06-08T18:13:03Z,NAV_UPDATE,all_weather,date=2026-06-08 | gross_nav=2.290492 | net_nav=2.290492 | daily_return=-0.001262,3cb1bf5,857d1f4a
2026-06-08T18:13:13Z,SIGNAL_COLLECT,golden_butterfly,date=2026-06-08 | mode=offensive | targets=SPY:0.20|VBR:0.20|TLT:0.20|SHY:0.20|GLD:0.20,3cb1bf5,857d1f4a
2026-06-08T18:13:13Z,NAV_UPDATE,golden_butterfly,date=2026-06-08 | gross_nav=2.790780 | net_nav=2.790780 | daily_return=-0.000459,3cb1bf5,857d1f4a
2026-06-08T18:13:25Z,SIGNAL_COLLECT,gtaa,date=2026-06-08 | mode=offensive | targets=SPY:0.25|EFA:0.25|VNQ:0.25|DBC:0.25,3cb1bf5,857d1f4a
2026-06-08T18:13:25Z,NAV_UPDATE,gtaa,date=2026-06-08 | gross_nav=2.074945 | net_nav=2.074945 | daily_return=-0.001639,3cb1bf5,857d1f4a
2026-06-08T18:13:36Z,SIGNAL_COLLECT,ivy,date=2026-06-08 | mode=offensive | targets=VTI:0.25|EFA:0.25|VNQ:0.25|DBC:0.25,3cb1bf5,857d1f4a
2026-06-08T18:13:37Z,NAV_UPDATE,ivy,date=2026-06-08 | gross_nav=2.055644 | net_nav=2.055644 | daily_return=-0.001666,3cb1bf5,857d1f4a
2026-06-08T18:13:51Z,SIGNAL_COLLECT,faa,date=2026-06-08 | mode=offensive | targets=DBC:0.33|SPY:0.33|EEM:0.33,3cb1bf5,857d1f4a
2026-06-08T18:13:51Z,NAV_UPDATE,faa,date=2026-06-08 | gross_nav=1.912203 | net_nav=1.912203 | daily_return=0.002461,3cb1bf5,857d1f4a
2026-06-08T18:14:06Z,SIGNAL_COLLECT,eaa,date=2026-06-08 | mode=offensive | targets=DBC:0.42|SPY:0.36|EEM:0.22,3cb1bf5,857d1f4a
2026-06-08T18:14:06Z,NAV_UPDATE,eaa,date=2026-06-08 | gross_nav=1.259098 | net_nav=1.259098 | daily_return=-0.001163,3cb1bf5,857d1f4a
2026-06-08T18:14:18Z,SIGNAL_COLLECT,laa,date=2026-06-08 | mode=offensive | targets=QQQ:0.25|IWD:0.25|GLD:0.25|IEF:0.25,3cb1bf5,857d1f4a
2026-06-08T18:14:19Z,NAV_UPDATE,laa,date=2026-06-08 | gross_nav=3.733783 | net_nav=3.733783 | daily_return=0.001643,3cb1bf5,857d1f4a
2026-06-08T18:18:19Z,CIRCUIT_BREAKER,portfolio,date=2026-06-08 | state=defensive | current_dd=-0.5061 | threshold=-0.1800 | fallback=permanent,3cb1bf5,857d1f4a
2026-06-08T18:18:21Z,ORDER_EXECUTE,portfolio,date=2026-06-08 | ticker=IEF | side=sell | qty=1.0 | price=0.00 | commission=0.0000,3cb1bf5,857d1f4a
2026-06-08T18:18:21Z,ORDER_EXECUTE,portfolio,date=2026-06-08 | ticker=SHY | side=sell | qty=7.0 | price=0.00 | commission=0.0000,3cb1bf5,857d1f4a
2026-06-08T18:18:21Z,ORDER_EXECUTE,portfolio,date=2026-06-08 | ticker=BIL | side=buy | qty=3.0 | price=0.00 | commission=0.0000,3cb1bf5,857d1f4a
2026-06-08T18:18:21Z,ORDER_EXECUTE,portfolio,date=2026-06-08 | ticker=GLDM | side=buy | qty=2.0 | price=0.00 | commission=0.0000,3cb1bf5,857d1f4a
2026-06-09T17:33:32Z,SIGNAL_COLLECT,daa,date=2026-06-09 | mode=defensive | targets=SHY:1.00,d80724a,857d1f4a
2026-06-09T17:33:32Z,NAV_UPDATE,daa,date=2026-06-09 | gross_nav=2.491234 | net_nav=2.491234 | daily_return=0.000488,d80724a,857d1f4a
2026-06-09T17:33:50Z,SIGNAL_COLLECT,vaa,date=2026-06-09 | mode=defensive | targets=SHY:1.00,d80724a,857d1f4a
2026-06-09T17:33:50Z,NAV_UPDATE,vaa,date=2026-06-09 | gross_nav=2.142019 | net_nav=2.142019 | daily_return=0.000488,d80724a,857d1f4a
2026-06-09T17:34:25Z,SIGNAL_COLLECT,paa,date=2026-06-09 | mode=offensive | targets=SHY:0.25|IWM:0.75,d80724a,857d1f4a
2026-06-09T17:34:25Z,NAV_UPDATE,paa,date=2026-06-09 | gross_nav=1.996667 | net_nav=1.996667 | daily_return=-0.021168,d80724a,857d1f4a
2026-06-09T17:35:00Z,SIGNAL_COLLECT,baa_g12,date=2026-06-09 | mode=offensive | targets=IWM:1.00,d80724a,857d1f4a
2026-06-09T17:35:00Z,NAV_UPDATE,baa_g12,date=2026-06-09 | gross_nav=1.913534 | net_nav=1.913534 | daily_return=-0.028387,d80724a,857d1f4a
2026-06-09T17:35:17Z,SIGNAL_COLLECT,baa_g4,date=2026-06-09 | mode=offensive | targets=EEM:1.00,d80724a,857d1f4a
2026-06-09T17:35:18Z,NAV_UPDATE,baa_g4,date=2026-06-09 | gross_nav=2.241422 | net_nav=2.241422 | daily_return=-0.011663,d80724a,857d1f4a
2026-06-09T17:35:25Z,SIGNAL_COLLECT,gem,date=2026-06-09 | mode=offensive | targets=SPY:1.00,d80724a,857d1f4a
2026-06-09T17:35:26Z,NAV_UPDATE,gem,date=2026-06-09 | gross_nav=3.105755 | net_nav=3.105755 | daily_return=-0.014785,d80724a,857d1f4a
2026-06-09T17:35:43Z,SIGNAL_COLLECT,haa,date=2026-06-09 | mode=offensive | targets=EEM:1.00,d80724a,857d1f4a
2026-06-09T17:35:43Z,NAV_UPDATE,haa,date=2026-06-09 | gross_nav=2.269677 | net_nav=2.269677 | daily_return=-0.011663,d80724a,857d1f4a
2026-06-09T17:35:53Z,SIGNAL_COLLECT,permanent,date=2026-06-09 | mode=offensive | targets=SPY:0.25|TLT:0.25|GLD:0.25|BIL:0.25,d80724a,857d1f4a
2026-06-09T17:35:54Z,NAV_UPDATE,permanent,date=2026-06-09 | gross_nav=2.517406 | net_nav=2.517406 | daily_return=-0.007758,d80724a,857d1f4a
2026-06-09T17:36:06Z,SIGNAL_COLLECT,all_weather,date=2026-06-09 | mode=offensive | targets=SPY:0.30|TLT:0.40|IEF:0.15|GLD:0.07|DBC:0.07,d80724a,857d1f4a
2026-06-09T17:36:06Z,NAV_UPDATE,all_weather,date=2026-06-09 | gross_nav=2.276838 | net_nav=2.276838 | daily_return=-0.005961,d80724a,857d1f4a
2026-06-09T17:36:19Z,SIGNAL_COLLECT,golden_butterfly,date=2026-06-09 | mode=offensive | targets=SPY:0.20|VBR:0.20|TLT:0.20|SHY:0.20|GLD:0.20,d80724a,857d1f4a
2026-06-09T17:36:19Z,NAV_UPDATE,golden_butterfly,date=2026-06-09 | gross_nav=2.774772 | net_nav=2.774772 | daily_return=-0.005736,d80724a,857d1f4a
2026-06-09T17:36:34Z,SIGNAL_COLLECT,gtaa,date=2026-06-09 | mode=offensive | targets=SPY:0.25|EFA:0.25|VNQ:0.25|DBC:0.25,d80724a,857d1f4a
2026-06-09T17:36:35Z,NAV_UPDATE,gtaa,date=2026-06-09 | gross_nav=2.066491 | net_nav=2.066491 | daily_return=-0.004074,d80724a,857d1f4a
2026-06-09T17:36:49Z,SIGNAL_COLLECT,ivy,date=2026-06-09 | mode=offensive | targets=VTI:0.25|EFA:0.25|VNQ:0.25|DBC:0.25,d80724a,857d1f4a
2026-06-09T17:36:50Z,NAV_UPDATE,ivy,date=2026-06-09 | gross_nav=2.048303 | net_nav=2.048303 | daily_return=-0.003571,d80724a,857d1f4a
2026-06-09T17:37:07Z,SIGNAL_COLLECT,faa,date=2026-06-09 | mode=offensive | targets=DBC:0.33|VNQ:0.33|EEM:0.33,d80724a,857d1f4a
2026-06-09T17:37:07Z,NAV_UPDATE,faa,date=2026-06-09 | gross_nav=1.884983 | net_nav=1.884983 | daily_return=-0.014235,d80724a,857d1f4a
2026-06-09T17:37:27Z,SIGNAL_COLLECT,eaa,date=2026-06-09 | mode=offensive | targets=VNQ:0.37|DBC:0.34|SPY:0.29,d80724a,857d1f4a
2026-06-09T17:37:27Z,NAV_UPDATE,eaa,date=2026-06-09 | gross_nav=1.240550 | net_nav=1.240550 | daily_return=-0.014731,d80724a,857d1f4a
2026-06-09T17:37:43Z,SIGNAL_COLLECT,laa,date=2026-06-09 | mode=offensive | targets=QQQ:0.25|IWD:0.25|GLD:0.25|IEF:0.25,d80724a,857d1f4a
2026-06-09T17:37:43Z,NAV_UPDATE,laa,date=2026-06-09 | gross_nav=3.686254 | net_nav=3.686254 | daily_return=-0.012729,d80724a,857d1f4a
2026-06-09T17:42:52Z,CIRCUIT_BREAKER,portfolio,date=2026-06-09 | state=defensive | current_dd=-0.4122 | threshold=-0.1800 | fallback=permanent,d80724a,857d1f4a
2026-06-09T17:42:54Z,ORDER_EXECUTE,portfolio,date=2026-06-09 | ticker=BIL | side=buy | qty=3.0 | price=0.00 | commission=0.0000,d80724a,857d1f4a
2026-06-09T17:42:54Z,ORDER_EXECUTE,portfolio,date=2026-06-09 | ticker=TLT | side=buy | qty=3.0 | price=0.00 | commission=0.0000,d80724a,857d1f4a
2026-06-10T18:13:37Z,SIGNAL_COLLECT,daa,date=2026-06-10 | mode=offensive | targets=IWM:0.50|QQQ:0.50,23764a3,857d1f4a
2026-06-10T18:13:38Z,NAV_UPDATE,daa,date=2026-06-10 | gross_nav=2.491842 | net_nav=2.491842 | daily_return=0.000244,23764a3,857d1f4a
2026-06-10T18:13:57Z,SIGNAL_COLLECT,vaa,date=2026-06-10 | mode=offensive | targets=EEM:1.00,23764a3,857d1f4a
2026-06-10T18:13:57Z,NAV_UPDATE,vaa,date=2026-06-10 | gross_nav=2.142542 | net_nav=2.142542 | daily_return=0.000244,23764a3,857d1f4a
2026-06-10T18:14:35Z,SIGNAL_COLLECT,paa,date=2026-06-10 | mode=offensive | targets=SHY:0.17|IWM:0.83,23764a3,857d1f4a
2026-06-10T18:14:35Z,NAV_UPDATE,paa,date=2026-06-10 | gross_nav=2.007716 | net_nav=2.007716 | daily_return=0.005534,23764a3,857d1f4a
2026-06-10T18:15:13Z,SIGNAL_COLLECT,baa_g12,date=2026-06-10 | mode=offensive | targets=IWM:1.00,23764a3,857d1f4a
2026-06-10T18:15:14Z,NAV_UPDATE,baa_g12,date=2026-06-10 | gross_nav=1.927497 | net_nav=1.927497 | daily_return=0.007297,23764a3,857d1f4a
2026-06-10T18:15:32Z,SIGNAL_COLLECT,baa_g4,date=2026-06-10 | mode=offensive | targets=EEM:1.00,23764a3,857d1f4a
2026-06-10T18:15:33Z,NAV_UPDATE,baa_g4,date=2026-06-10 | gross_nav=2.243140 | net_nav=2.243140 | daily_return=0.000766,23764a3,857d1f4a
2026-06-10T18:15:41Z,SIGNAL_COLLECT,gem,date=2026-06-10 | mode=offensive | targets=SPY:1.00,23764a3,857d1f4a
2026-06-10T18:15:41Z,NAV_UPDATE,gem,date=2026-06-10 | gross_nav=3.104905 | net_nav=3.104905 | daily_return=-0.000274,23764a3,857d1f4a
2026-06-10T18:16:00Z,SIGNAL_COLLECT,haa,date=2026-06-10 | mode=offensive | targets=EEM:1.00,23764a3,857d1f4a
2026-06-10T18:16:01Z,NAV_UPDATE,haa,date=2026-06-10 | gross_nav=2.271416 | net_nav=2.271416 | daily_return=0.000766,23764a3,857d1f4a
2026-06-10T18:16:12Z,SIGNAL_COLLECT,permanent,date=2026-06-10 | mode=offensive | targets=SPY:0.25|TLT:0.25|GLD:0.25|BIL:0.25,23764a3,857d1f4a
2026-06-10T18:16:12Z,NAV_UPDATE,permanent,date=2026-06-10 | gross_nav=2.494254 | net_nav=2.494254 | daily_return=-0.009197,23764a3,857d1f4a
2026-06-10T18:16:25Z,SIGNAL_COLLECT,all_weather,date=2026-06-10 | mode=offensive | targets=SPY:0.30|TLT:0.40|IEF:0.15|GLD:0.07|DBC:0.07,23764a3,857d1f4a
2026-06-10T18:16:26Z,NAV_UPDATE,all_weather,date=2026-06-10 | gross_nav=2.270139 | net_nav=2.270139 | daily_return=-0.002942,23764a3,857d1f4a
2026-06-10T18:16:39Z,SIGNAL_COLLECT,golden_butterfly,date=2026-06-10 | mode=offensive | targets=SPY:0.20|VBR:0.20|TLT:0.20|SHY:0.20|GLD:0.20,23764a3,857d1f4a
2026-06-10T18:16:40Z,NAV_UPDATE,golden_butterfly,date=2026-06-10 | gross_nav=2.755575 | net_nav=2.755575 | daily_return=-0.006918,23764a3,857d1f4a
2026-06-10T18:16:56Z,SIGNAL_COLLECT,gtaa,date=2026-06-10 | mode=offensive | targets=SPY:0.25|EFA:0.25|VNQ:0.25|DBC:0.25,23764a3,857d1f4a
2026-06-10T18:16:56Z,NAV_UPDATE,gtaa,date=2026-06-10 | gross_nav=2.071479 | net_nav=2.071479 | daily_return=0.002414,23764a3,857d1f4a
2026-06-10T18:17:12Z,SIGNAL_COLLECT,ivy,date=2026-06-10 | mode=offensive | targets=VTI:0.25|EFA:0.25|VNQ:0.25|DBC:0.25,23764a3,857d1f4a
2026-06-10T18:17:12Z,NAV_UPDATE,ivy,date=2026-06-10 | gross_nav=2.053019 | net_nav=2.053019 | daily_return=0.002302,23764a3,857d1f4a
2026-06-10T18:17:31Z,SIGNAL_COLLECT,faa,date=2026-06-10 | mode=offensive | targets=VNQ:0.33|SPY:0.33|DBC:0.33,23764a3,857d1f4a
2026-06-10T18:17:31Z,NAV_UPDATE,faa,date=2026-06-10 | gross_nav=1.894093 | net_nav=1.894093 | daily_return=0.004833,23764a3,857d1f4a
2026-06-10T18:17:53Z,SIGNAL_COLLECT,eaa,date=2026-06-10 | mode=offensive | targets=VNQ:0.47|SPY:0.27|DBC:0.26,23764a3,857d1f4a
2026-06-10T18:17:53Z,NAV_UPDATE,eaa,date=2026-06-10 | gross_nav=1.246399 | net_nav=1.246399 | daily_return=0.004715,23764a3,857d1f4a
2026-06-10T18:18:09Z,SIGNAL_COLLECT,laa,date=2026-06-10 | mode=offensive | targets=QQQ:0.25|IWD:0.25|GLD:0.25|IEF:0.25,23764a3,857d1f4a
2026-06-10T18:18:10Z,NAV_UPDATE,laa,date=2026-06-10 | gross_nav=3.655205 | net_nav=3.655205 | daily_return=-0.008423,23764a3,857d1f4a
2026-06-10T18:23:45Z,CIRCUIT_BREAKER,portfolio,date=2026-06-10 | state=defensive | current_dd=-0.6581 | threshold=-0.1800 | fallback=permanent,23764a3,857d1f4a
2026-06-10T18:23:46Z,ORDER_EXECUTE,portfolio,date=2026-06-10 | ticker=TLT | side=sell | qty=3.0 | price=0.00 | commission=0.0000,23764a3,857d1f4a
2026-06-10T18:23:46Z,ORDER_EXECUTE,portfolio,date=2026-06-10 | ticker=SPTL | side=buy | qty=1.0 | price=0.00 | commission=0.0000,23764a3,857d1f4a
2026-06-11T18:32:42Z,SIGNAL_COLLECT,daa,date=2026-06-11 | mode=offensive | targets=EEM:0.50|IWM:0.50,4c5e0d8,857d1f4a
2026-06-11T18:32:42Z,NAV_UPDATE,daa,date=2026-06-11 | gross_nav=2.530103 | net_nav=2.530103 | daily_return=0.015355,4c5e0d8,857d1f4a
2026-06-11T18:33:00Z,SIGNAL_COLLECT,vaa,date=2026-06-11 | mode=offensive | targets=EEM:1.00,4c5e0d8,857d1f4a
2026-06-11T18:33:01Z,NAV_UPDATE,vaa,date=2026-06-11 | gross_nav=2.192086 | net_nav=2.192086 | daily_return=0.023124,4c5e0d8,857d1f4a
2026-06-11T18:33:38Z,SIGNAL_COLLECT,paa,date=2026-06-11 | mode=offensive | targets=SHY:0.08|EEM:0.92,4c5e0d8,857d1f4a
2026-06-11T18:33:38Z,NAV_UPDATE,paa,date=2026-06-11 | gross_nav=2.034146 | net_nav=2.034146 | daily_return=0.013164,4c5e0d8,857d1f4a
2026-06-11T18:34:18Z,SIGNAL_COLLECT,baa_g12,date=2026-06-11 | mode=offensive | targets=EEM:1.00,4c5e0d8,857d1f4a
2026-06-11T18:34:18Z,NAV_UPDATE,baa_g12,date=2026-06-11 | gross_nav=1.957524 | net_nav=1.957524 | daily_return=0.015578,4c5e0d8,857d1f4a
2026-06-11T18:34:37Z,SIGNAL_COLLECT,baa_g4,date=2026-06-11 | mode=offensive | targets=EEM:1.00,4c5e0d8,857d1f4a
2026-06-11T18:34:38Z,NAV_UPDATE,baa_g4,date=2026-06-11 | gross_nav=2.295010 | net_nav=2.295010 | daily_return=0.023124,4c5e0d8,857d1f4a
2026-06-11T18:34:45Z,SIGNAL_COLLECT,gem,date=2026-06-11 | mode=offensive | targets=SPY:1.00,4c5e0d8,857d1f4a
2026-06-11T18:34:46Z,NAV_UPDATE,gem,date=2026-06-11 | gross_nav=3.123047 | net_nav=3.123047 | daily_return=0.005843,4c5e0d8,857d1f4a
2026-06-11T18:35:05Z,SIGNAL_COLLECT,haa,date=2026-06-11 | mode=offensive | targets=EEM:1.00,4c5e0d8,857d1f4a
2026-06-11T18:35:05Z,NAV_UPDATE,haa,date=2026-06-11 | gross_nav=2.323940 | net_nav=2.323940 | daily_return=0.023124,4c5e0d8,857d1f4a
2026-06-11T18:35:16Z,SIGNAL_COLLECT,permanent,date=2026-06-11 | mode=offensive | targets=SPY:0.25|TLT:0.25|GLD:0.25|BIL:0.25,4c5e0d8,857d1f4a
2026-06-11T18:35:16Z,NAV_UPDATE,permanent,date=2026-06-11 | gross_nav=2.510650 | net_nav=2.510650 | daily_return=0.006573,4c5e0d8,857d1f4a
2026-06-11T18:35:30Z,SIGNAL_COLLECT,all_weather,date=2026-06-11 | mode=offensive | targets=SPY:0.30|TLT:0.40|IEF:0.15|GLD:0.07|DBC:0.07,4c5e0d8,857d1f4a
2026-06-11T18:35:30Z,NAV_UPDATE,all_weather,date=2026-06-11 | gross_nav=2.285833 | net_nav=2.285833 | daily_return=0.006913,4c5e0d8,857d1f4a
2026-06-11T18:35:44Z,SIGNAL_COLLECT,golden_butterfly,date=2026-06-11 | mode=offensive | targets=SPY:0.20|VBR:0.20|TLT:0.20|SHY:0.20|GLD:0.20,4c5e0d8,857d1f4a
2026-06-11T18:35:44Z,NAV_UPDATE,golden_butterfly,date=2026-06-11 | gross_nav=2.775090 | net_nav=2.775090 | daily_return=0.007082,4c5e0d8,857d1f4a
2026-06-11T18:36:00Z,SIGNAL_COLLECT,gtaa,date=2026-06-11 | mode=offensive | targets=SPY:0.25|EFA:0.25|VNQ:0.25|DBC:0.25,4c5e0d8,857d1f4a
2026-06-11T18:36:00Z,NAV_UPDATE,gtaa,date=2026-06-11 | gross_nav=2.077177 | net_nav=2.077177 | daily_return=0.002751,4c5e0d8,857d1f4a
2026-06-11T18:36:16Z,SIGNAL_COLLECT,ivy,date=2026-06-11 | mode=offensive | targets=VTI:0.25|EFA:0.25|VNQ:0.25|DBC:0.25,4c5e0d8,857d1f4a
2026-06-11T18:36:16Z,NAV_UPDATE,ivy,date=2026-06-11 | gross_nav=2.058670 | net_nav=2.058670 | daily_return=0.002753,4c5e0d8,857d1f4a
2026-06-11T18:36:35Z,SIGNAL_COLLECT,faa,date=2026-06-11 | mode=offensive | targets=VNQ:0.33|EEM:0.33|AGG:0.33,4c5e0d8,857d1f4a
2026-06-11T18:36:35Z,NAV_UPDATE,faa,date=2026-06-11 | gross_nav=1.890221 | net_nav=1.890221 | daily_return=-0.002044,4c5e0d8,857d1f4a
2026-06-11T18:36:57Z,SIGNAL_COLLECT,eaa,date=2026-06-11 | mode=offensive | targets=VNQ:0.39|EEM:0.32|SPY:0.29,4c5e0d8,857d1f4a
2026-06-11T18:36:57Z,NAV_UPDATE,eaa,date=2026-06-11 | gross_nav=1.244057 | net_nav=1.244057 | daily_return=-0.001879,4c5e0d8,857d1f4a
2026-06-11T18:37:13Z,SIGNAL_COLLECT,laa,date=2026-06-11 | mode=offensive | targets=QQQ:0.25|IWD:0.25|GLD:0.25|IEF:0.25,4c5e0d8,857d1f4a
2026-06-11T18:37:14Z,NAV_UPDATE,laa,date=2026-06-11 | gross_nav=3.691614 | net_nav=3.691614 | daily_return=0.009961,4c5e0d8,857d1f4a
2026-06-11T18:42:54Z,ORDER_EXECUTE,portfolio,date=2026-06-11 | ticker=BIL | side=sell | qty=3.0 | price=0.00 | commission=0.0000,4c5e0d8,857d1f4a
2026-06-11T18:42:54Z,ORDER_EXECUTE,portfolio,date=2026-06-11 | ticker=GLDM | side=sell | qty=2.0 | price=0.00 | commission=0.0000,4c5e0d8,857d1f4a
2026-06-11T18:42:54Z,ORDER_EXECUTE,portfolio,date=2026-06-11 | ticker=SPTL | side=sell | qty=1.0 | price=0.00 | commission=0.0000,4c5e0d8,857d1f4a
2026-06-11T18:42:54Z,ORDER_EXECUTE,portfolio,date=2026-06-11 | ticker=TLT | side=sell | qty=3.0 | price=0.00 | commission=0.0000,4c5e0d8,857d1f4a
2026-06-11T18:42:54Z,ORDER_EXECUTE,portfolio,date=2026-06-11 | ticker=EEM | side=buy | qty=4.0 | price=0.00 | commission=0.0000,4c5e0d8,857d1f4a
2026-06-11T18:42:54Z,ORDER_EXECUTE,portfolio,date=2026-06-11 | ticker=IEF | side=buy | qty=1.0 | price=0.00 | commission=0.0000,4c5e0d8,857d1f4a
2026-06-11T18:42:54Z,ORDER_EXECUTE,portfolio,date=2026-06-11 | ticker=IWM | side=buy | qty=1.0 | price=0.00 | commission=0.0000,4c5e0d8,857d1f4a
2026-06-12T17:44:12Z,SIGNAL_COLLECT,daa,date=2026-06-12 | mode=offensive | targets=IWM:0.50|EEM:0.50,6d45042,857d1f4a
2026-06-12T17:44:12Z,NAV_UPDATE,daa,date=2026-06-12 | gross_nav=2.575545 | net_nav=2.575545 | daily_return=0.017961,6d45042,857d1f4a
2026-06-12T17:44:30Z,SIGNAL_COLLECT,vaa,date=2026-06-12 | mode=offensive | targets=EEM:1.00,6d45042,857d1f4a
2026-06-12T17:44:30Z,NAV_UPDATE,vaa,date=2026-06-12 | gross_nav=2.231131 | net_nav=2.231131 | daily_return=0.017812,6d45042,857d1f4a
2026-06-12T17:45:07Z,SIGNAL_COLLECT,paa,date=2026-06-12 | mode=offensive | targets=SHY:0.17|IWM:0.83,6d45042,857d1f4a
2026-06-12T17:45:07Z,NAV_UPDATE,paa,date=2026-06-12 | gross_nav=2.067401 | net_nav=2.067401 | daily_return=0.016348,6d45042,857d1f4a
2026-06-12T17:45:42Z,SIGNAL_COLLECT,baa_g12,date=2026-06-12 | mode=offensive | targets=IWM:1.00,6d45042,857d1f4a
2026-06-12T17:45:43Z,NAV_UPDATE,baa_g12,date=2026-06-12 | gross_nav=1.992391 | net_nav=1.992391 | daily_return=0.017812,6d45042,857d1f4a
2026-06-12T17:46:00Z,SIGNAL_COLLECT,baa_g4,date=2026-06-12 | mode=offensive | targets=EEM:1.00,6d45042,857d1f4a
2026-06-12T17:46:00Z,NAV_UPDATE,baa_g4,date=2026-06-12 | gross_nav=2.335888 | net_nav=2.335888 | daily_return=0.017812,6d45042,857d1f4a
2026-06-12T17:46:08Z,SIGNAL_COLLECT,gem,date=2026-06-12 | mode=offensive | targets=SPY:1.00,6d45042,857d1f4a
2026-06-12T17:46:08Z,NAV_UPDATE,gem,date=2026-06-12 | gross_nav=3.151768 | net_nav=3.151768 | daily_return=0.009197,6d45042,857d1f4a
2026-06-12T17:46:25Z,SIGNAL_COLLECT,haa,date=2026-06-12 | mode=offensive | targets=EEM:1.00,6d45042,857d1f4a
2026-06-12T17:46:25Z,NAV_UPDATE,haa,date=2026-06-12 | gross_nav=2.365333 | net_nav=2.365333 | daily_return=0.017812,6d45042,857d1f4a
2026-06-12T17:46:35Z,SIGNAL_COLLECT,permanent,date=2026-06-12 | mode=offensive | targets=SPY:0.25|TLT:0.25|GLD:0.25|BIL:0.25,6d45042,857d1f4a
2026-06-12T17:46:36Z,NAV_UPDATE,permanent,date=2026-06-12 | gross_nav=2.525777 | net_nav=2.525777 | daily_return=0.006025,6d45042,857d1f4a
2026-06-12T17:46:48Z,SIGNAL_COLLECT,all_weather,date=2026-06-12 | mode=offensive | targets=SPY:0.30|TLT:0.40|IEF:0.15|GLD:0.07|DBC:0.07,6d45042,857d1f4a
2026-06-12T17:46:49Z,NAV_UPDATE,all_weather,date=2026-06-12 | gross_nav=2.290703 | net_nav=2.290703 | daily_return=0.002131,6d45042,857d1f4a
2026-06-12T17:47:01Z,SIGNAL_COLLECT,golden_butterfly,date=2026-06-12 | mode=offensive | targets=SPY:0.20|VBR:0.20|TLT:0.20|SHY:0.20|GLD:0.20,6d45042,857d1f4a
2026-06-12T17:47:02Z,NAV_UPDATE,golden_butterfly,date=2026-06-12 | gross_nav=2.796334 | net_nav=2.796334 | daily_return=0.007655,6d45042,857d1f4a
2026-06-12T17:47:17Z,SIGNAL_COLLECT,gtaa,date=2026-06-12 | mode=offensive | targets=SPY:0.25|EFA:0.25|VNQ:0.25|DBC:0.25,6d45042,857d1f4a
2026-06-12T17:47:17Z,NAV_UPDATE,gtaa,date=2026-06-12 | gross_nav=2.083554 | net_nav=2.083554 | daily_return=0.003070,6d45042,857d1f4a
2026-06-12T17:47:32Z,SIGNAL_COLLECT,ivy,date=2026-06-12 | mode=offensive | targets=VTI:0.25|EFA:0.25|VNQ:0.25|DBC:0.25,6d45042,857d1f4a
2026-06-12T17:47:32Z,NAV_UPDATE,ivy,date=2026-06-12 | gross_nav=2.065775 | net_nav=2.065775 | daily_return=0.003451,6d45042,857d1f4a
2026-06-12T17:47:51Z,SIGNAL_COLLECT,faa,date=2026-06-12 | mode=offensive | targets=VNQ:0.33|EEM:0.33|AGG:0.33,6d45042,857d1f4a
2026-06-12T17:47:51Z,NAV_UPDATE,faa,date=2026-06-12 | gross_nav=1.904723 | net_nav=1.904723 | daily_return=0.007672,6d45042,857d1f4a
2026-06-12T17:48:11Z,SIGNAL_COLLECT,eaa,date=2026-06-12 | mode=offensive | targets=VNQ:0.41|SPY:0.30|EEM:0.29,6d45042,857d1f4a
2026-06-12T17:48:12Z,NAV_UPDATE,eaa,date=2026-06-12 | gross_nav=1.256847 | net_nav=1.256847 | daily_return=0.010281,6d45042,857d1f4a
2026-06-12T17:48:28Z,SIGNAL_COLLECT,laa,date=2026-06-12 | mode=offensive | targets=QQQ:0.25|IWD:0.25|GLD:0.25|IEF:0.25,6d45042,857d1f4a
2026-06-12T17:48:28Z,NAV_UPDATE,laa,date=2026-06-12 | gross_nav=3.735528 | net_nav=3.735528 | daily_return=0.011896,6d45042,857d1f4a
2026-06-12T17:53:42Z,CIRCUIT_BREAKER,portfolio,date=2026-06-12 | state=defensive | current_dd=-0.5672 | threshold=-0.1800 | fallback=permanent,6d45042,857d1f4a
2026-06-12T17:53:45Z,ORDER_EXECUTE,portfolio,date=2026-06-12 | ticker=IEF | side=sell | qty=1.0 | price=0.00 | commission=0.0000,6d45042,857d1f4a
2026-06-12T17:53:45Z,ORDER_EXECUTE,portfolio,date=2026-06-12 | ticker=IWM | side=sell | qty=1.0 | price=0.00 | commission=0.0000,6d45042,857d1f4a
2026-06-12T17:53:45Z,ORDER_EXECUTE,portfolio,date=2026-06-12 | ticker=BIL | side=buy | qty=3.0 | price=0.00 | commission=0.0000,6d45042,857d1f4a
2026-06-12T17:53:45Z,ORDER_EXECUTE,portfolio,date=2026-06-12 | ticker=GLDM | side=buy | qty=2.0 | price=0.00 | commission=0.0000,6d45042,857d1f4a
2026-06-12T17:53:45Z,ORDER_EXECUTE,portfolio,date=2026-06-12 | ticker=TLT | side=buy | qty=3.0 | price=0.00 | commission=0.0000,6d45042,857d1f4a
2026-06-15T19:11:46Z,SIGNAL_COLLECT,daa,date=2026-06-15 | mode=offensive | targets=EEM:0.50|QQQ:0.50,810eaad,857d1f4a
2026-06-15T19:11:47Z,NAV_UPDATE,daa,date=2026-06-15 | gross_nav=2.610148 | net_nav=2.610148 | daily_return=0.013435,810eaad,857d1f4a
2026-06-15T19:12:02Z,SIGNAL_COLLECT,vaa,date=2026-06-15 | mode=offensive | targets=EEM:1.00,810eaad,857d1f4a
2026-06-15T19:12:02Z,NAV_UPDATE,vaa,date=2026-06-15 | gross_nav=2.286909 | net_nav=2.286909 | daily_return=0.025000,810eaad,857d1f4a
2026-06-15T19:12:31Z,SIGNAL_COLLECT,paa,date=2026-06-15 | mode=offensive | targets=SHY:0.17|EEM:0.83,810eaad,857d1f4a
2026-06-15T19:12:31Z,NAV_UPDATE,paa,date=2026-06-15 | gross_nav=2.070749 | net_nav=2.070749 | daily_return=0.001620,810eaad,857d1f4a
2026-06-15T19:13:00Z,SIGNAL_COLLECT,baa_g12,date=2026-06-15 | mode=offensive | targets=EEM:1.00,810eaad,857d1f4a
2026-06-15T19:13:01Z,NAV_UPDATE,baa_g12,date=2026-06-15 | gross_nav=1.996118 | net_nav=1.996118 | daily_return=0.001871,810eaad,857d1f4a
2026-06-15T19:13:15Z,SIGNAL_COLLECT,baa_g4,date=2026-06-15 | mode=offensive | targets=EEM:1.00,810eaad,857d1f4a
2026-06-15T19:13:16Z,NAV_UPDATE,baa_g4,date=2026-06-15 | gross_nav=2.394285 | net_nav=2.394285 | daily_return=0.025000,810eaad,857d1f4a
2026-06-15T19:13:22Z,SIGNAL_COLLECT,gem,date=2026-06-15 | mode=offensive | targets=SPY:1.00,810eaad,857d1f4a
2026-06-15T19:13:22Z,NAV_UPDATE,gem,date=2026-06-15 | gross_nav=3.207766 | net_nav=3.207766 | daily_return=0.017767,810eaad,857d1f4a
2026-06-15T19:13:37Z,SIGNAL_COLLECT,haa,date=2026-06-15 | mode=offensive | targets=EEM:1.00,810eaad,857d1f4a
2026-06-15T19:13:37Z,NAV_UPDATE,haa,date=2026-06-15 | gross_nav=2.424466 | net_nav=2.424466 | daily_return=0.025000,810eaad,857d1f4a
2026-06-15T19:13:45Z,SIGNAL_COLLECT,permanent,date=2026-06-15 | mode=offensive | targets=SPY:0.25|TLT:0.25|GLD:0.25|BIL:0.25,810eaad,857d1f4a
2026-06-15T19:13:46Z,NAV_UPDATE,permanent,date=2026-06-15 | gross_nav=2.552111 | net_nav=2.552111 | daily_return=0.010426,810eaad,857d1f4a
2026-06-15T19:13:56Z,SIGNAL_COLLECT,all_weather,date=2026-06-15 | mode=offensive | targets=SPY:0.30|TLT:0.40|IEF:0.15|GLD:0.07|DBC:0.07,810eaad,857d1f4a
2026-06-15T19:13:57Z,NAV_UPDATE,all_weather,date=2026-06-15 | gross_nav=2.305594 | net_nav=2.305594 | daily_return=0.006501,810eaad,857d1f4a
2026-06-15T19:14:07Z,SIGNAL_COLLECT,golden_butterfly,date=2026-06-15 | mode=offensive | targets=SPY:0.20|VBR:0.20|TLT:0.20|SHY:0.20|GLD:0.20,810eaad,857d1f4a
2026-06-15T19:14:07Z,NAV_UPDATE,golden_butterfly,date=2026-06-15 | gross_nav=2.819848 | net_nav=2.819848 | daily_return=0.008409,810eaad,857d1f4a
2026-06-15T19:14:20Z,SIGNAL_COLLECT,gtaa,date=2026-06-15 | mode=offensive | targets=SPY:0.25|EFA:0.25|VNQ:0.25|DBC:0.25,810eaad,857d1f4a
2026-06-15T19:14:20Z,NAV_UPDATE,gtaa,date=2026-06-15 | gross_nav=2.077405 | net_nav=2.077405 | daily_return=-0.002951,810eaad,857d1f4a
2026-06-15T19:14:33Z,SIGNAL_COLLECT,ivy,date=2026-06-15 | mode=offensive | targets=VTI:0.25|EFA:0.25|VNQ:0.25|DBC:0.25,810eaad,857d1f4a
2026-06-15T19:14:33Z,NAV_UPDATE,ivy,date=2026-06-15 | gross_nav=2.058995 | net_nav=2.058995 | daily_return=-0.003282,810eaad,857d1f4a
2026-06-15T19:14:48Z,SIGNAL_COLLECT,faa,date=2026-06-15 | mode=offensive | targets=SPY:0.33|EEM:0.33|AGG:0.33,810eaad,857d1f4a
2026-06-15T19:14:48Z,NAV_UPDATE,faa,date=2026-06-15 | gross_nav=1.917300 | net_nav=1.917300 | daily_return=0.006603,810eaad,857d1f4a
2026-06-15T19:15:05Z,SIGNAL_COLLECT,eaa,date=2026-06-15 | mode=offensive | targets=VNQ:0.34|SPY:0.33|EEM:0.33,810eaad,857d1f4a
2026-06-15T19:15:05Z,NAV_UPDATE,eaa,date=2026-06-15 | gross_nav=1.269370 | net_nav=1.269370 | daily_return=0.009964,810eaad,857d1f4a
2026-06-15T19:15:18Z,SIGNAL_COLLECT,laa,date=2026-06-15 | mode=offensive | targets=QQQ:0.25|IWD:0.25|GLD:0.25|IEF:0.25,810eaad,857d1f4a
2026-06-15T19:15:19Z,NAV_UPDATE,laa,date=2026-06-15 | gross_nav=3.791768 | net_nav=3.791768 | daily_return=0.015055,810eaad,857d1f4a
2026-06-15T19:19:38Z,CIRCUIT_BREAKER,portfolio,date=2026-06-15 | state=defensive | current_dd=-0.2948 | threshold=-0.1800 | fallback=permanent,810eaad,857d1f4a
2026-06-15T19:19:38Z,ORDER_EXECUTE,portfolio,date=2026-06-15 | ticker=IWM | side=sell | qty=1.0 | price=0.00 | commission=0.0000,810eaad,857d1f4a
2026-06-16T19:01:39Z,SIGNAL_COLLECT,daa,date=2026-06-16 | mode=offensive | targets=EEM:0.50|IWM:0.50,6a7bb42,857d1f4a
2026-06-16T19:01:40Z,NAV_UPDATE,daa,date=2026-06-16 | gross_nav=2.573924 | net_nav=2.573924 | daily_return=-0.013878,6a7bb42,857d1f4a
2026-06-16T19:01:54Z,SIGNAL_COLLECT,vaa,date=2026-06-16 | mode=offensive | targets=EEM:1.00,6a7bb42,857d1f4a
2026-06-16T19:01:54Z,NAV_UPDATE,vaa,date=2026-06-16 | gross_nav=2.256067 | net_nav=2.256067 | daily_return=-0.013486,6a7bb42,857d1f4a
2026-06-16T19:02:22Z,SIGNAL_COLLECT,paa,date=2026-06-16 | mode=offensive | targets=IEF:0.17|EEM:0.83,6a7bb42,857d1f4a
2026-06-16T19:02:22Z,NAV_UPDATE,paa,date=2026-06-16 | gross_nav=2.047562 | net_nav=2.047562 | daily_return=-0.011198,6a7bb42,857d1f4a
2026-06-16T19:02:49Z,SIGNAL_COLLECT,baa_g12,date=2026-06-16 | mode=offensive | targets=EEM:1.00,6a7bb42,857d1f4a
2026-06-16T19:02:50Z,NAV_UPDATE,baa_g12,date=2026-06-16 | gross_nav=1.969198 | net_nav=1.969198 | daily_return=-0.013486,6a7bb42,857d1f4a
2026-06-16T19:03:04Z,SIGNAL_COLLECT,baa_g4,date=2026-06-16 | mode=offensive | targets=EEM:1.00,6a7bb42,857d1f4a
2026-06-16T19:03:04Z,NAV_UPDATE,baa_g4,date=2026-06-16 | gross_nav=2.361995 | net_nav=2.361995 | daily_return=-0.013486,6a7bb42,857d1f4a
2026-06-16T19:03:10Z,SIGNAL_COLLECT,gem,date=2026-06-16 | mode=offensive | targets=SPY:1.00,6a7bb42,857d1f4a
2026-06-16T19:03:10Z,NAV_UPDATE,gem,date=2026-06-16 | gross_nav=3.192811 | net_nav=3.192811 | daily_return=-0.004662,6a7bb42,857d1f4a
2026-06-16T19:03:24Z,SIGNAL_COLLECT,haa,date=2026-06-16 | mode=offensive | targets=EEM:1.00,6a7bb42,857d1f4a
2026-06-16T19:03:25Z,NAV_UPDATE,haa,date=2026-06-16 | gross_nav=2.391769 | net_nav=2.391769 | daily_return=-0.013486,6a7bb42,857d1f4a
2026-06-16T19:03:33Z,SIGNAL_COLLECT,permanent,date=2026-06-16 | mode=offensive | targets=SPY:0.25|TLT:0.25|GLD:0.25|BIL:0.25,6a7bb42,857d1f4a
2026-06-16T19:03:33Z,NAV_UPDATE,permanent,date=2026-06-16 | gross_nav=2.555935 | net_nav=2.555935 | daily_return=0.001498,6a7bb42,857d1f4a
2026-06-16T19:03:43Z,SIGNAL_COLLECT,all_weather,date=2026-06-16 | mode=offensive | targets=SPY:0.30|TLT:0.40|IEF:0.15|GLD:0.07|DBC:0.07,6a7bb42,857d1f4a
2026-06-16T19:03:43Z,NAV_UPDATE,all_weather,date=2026-06-16 | gross_nav=2.307964 | net_nav=2.307964 | daily_return=0.001028,6a7bb42,857d1f4a
2026-06-16T19:03:53Z,SIGNAL_COLLECT,golden_butterfly,date=2026-06-16 | mode=offensive | targets=SPY:0.20|VBR:0.20|TLT:0.20|SHY:0.20|GLD:0.20,6a7bb42,857d1f4a
2026-06-16T19:03:53Z,NAV_UPDATE,golden_butterfly,date=2026-06-16 | gross_nav=2.821997 | net_nav=2.821997 | daily_return=0.000762,6a7bb42,857d1f4a
2026-06-16T19:04:05Z,SIGNAL_COLLECT,gtaa,date=2026-06-16 | mode=offensive | targets=SPY:0.20|EFA:0.20|VNQ:0.20|IEF:0.20|DBC:0.20,6a7bb42,857d1f4a
2026-06-16T19:04:05Z,NAV_UPDATE,gtaa,date=2026-06-16 | gross_nav=2.071190 | net_nav=2.071190 | daily_return=-0.002992,6a7bb42,857d1f4a
2026-06-16T19:04:17Z,SIGNAL_COLLECT,ivy,date=2026-06-16 | mode=offensive | targets=VTI:0.20|EFA:0.20|VNQ:0.20|IEF:0.20|DBC:0.20,6a7bb42,857d1f4a
2026-06-16T19:04:17Z,NAV_UPDATE,ivy,date=2026-06-16 | gross_nav=2.053067 | net_nav=2.053067 | daily_return=-0.002879,6a7bb42,857d1f4a
2026-06-16T19:04:32Z,SIGNAL_COLLECT,faa,date=2026-06-16 | mode=offensive | targets=SPY:0.33|EEM:0.33|AGG:0.33,6a7bb42,857d1f4a
2026-06-16T19:04:32Z,NAV_UPDATE,faa,date=2026-06-16 | gross_nav=1.906995 | net_nav=1.906995 | daily_return=-0.005375,6a7bb42,857d1f4a
2026-06-16T19:04:48Z,SIGNAL_COLLECT,eaa,date=2026-06-16 | mode=offensive | targets=VNQ:0.37|SPY:0.32|EEM:0.31,6a7bb42,857d1f4a
2026-06-16T19:04:48Z,NAV_UPDATE,eaa,date=2026-06-16 | gross_nav=1.262320 | net_nav=1.262320 | daily_return=-0.005554,6a7bb42,857d1f4a
2026-06-16T19:05:01Z,SIGNAL_COLLECT,laa,date=2026-06-16 | mode=offensive | targets=QQQ:0.25|IWD:0.25|GLD:0.25|IEF:0.25,6a7bb42,857d1f4a
2026-06-16T19:05:01Z,NAV_UPDATE,laa,date=2026-06-16 | gross_nav=3.781770 | net_nav=3.781770 | daily_return=-0.002637,6a7bb42,857d1f4a
2026-06-16T19:09:13Z,ORDER_EXECUTE,portfolio,date=2026-06-16 | ticker=BIL | side=sell | qty=3.0 | price=0.00 | commission=0.0000,6a7bb42,857d1f4a
2026-06-16T19:09:13Z,ORDER_EXECUTE,portfolio,date=2026-06-16 | ticker=GLDM | side=sell | qty=2.0 | price=0.00 | commission=0.0000,6a7bb42,857d1f4a
2026-06-16T19:09:13Z,ORDER_EXECUTE,portfolio,date=2026-06-16 | ticker=TLT | side=sell | qty=3.0 | price=0.00 | commission=0.0000,6a7bb42,857d1f4a
2026-06-16T19:09:13Z,ORDER_EXECUTE,portfolio,date=2026-06-16 | ticker=EEM | side=buy | qty=4.0 | price=0.00 | commission=0.0000,6a7bb42,857d1f4a
2026-06-16T19:09:13Z,ORDER_EXECUTE,portfolio,date=2026-06-16 | ticker=IEF | side=buy | qty=1.0 | price=0.00 | commission=0.0000,6a7bb42,857d1f4a
2026-06-16T19:09:13Z,ORDER_EXECUTE,portfolio,date=2026-06-16 | ticker=IWM | side=buy | qty=1.0 | price=0.00 | commission=0.0000,6a7bb42,857d1f4a
2026-06-17T18:02:15Z,SIGNAL_COLLECT,daa,date=2026-06-17 | mode=offensive | targets=EEM:0.50|IWM:0.50,8a02183,857d1f4a
2026-06-17T18:02:15Z,NAV_UPDATE,daa,date=2026-06-17 | gross_nav=2.592807 | net_nav=2.592807 | daily_return=0.007336,8a02183,857d1f4a
2026-06-17T18:02:34Z,SIGNAL_COLLECT,vaa,date=2026-06-17 | mode=offensive | targets=EEM:1.00,8a02183,857d1f4a
2026-06-17T18:02:34Z,NAV_UPDATE,vaa,date=2026-06-17 | gross_nav=2.282316 | net_nav=2.282316 | daily_return=0.011635,8a02183,857d1f4a
2026-06-17T18:03:13Z,SIGNAL_COLLECT,paa,date=2026-06-17 | mode=offensive | targets=IEF:0.17|EEM:0.83,8a02183,857d1f4a
2026-06-17T18:03:13Z,NAV_UPDATE,paa,date=2026-06-17 | gross_nav=2.066367 | net_nav=2.066367 | daily_return=0.009184,8a02183,857d1f4a
2026-06-17T18:03:51Z,SIGNAL_COLLECT,baa_g12,date=2026-06-17 | mode=offensive | targets=EEM:1.00,8a02183,857d1f4a
2026-06-17T18:03:52Z,NAV_UPDATE,baa_g12,date=2026-06-17 | gross_nav=1.992109 | net_nav=1.992109 | daily_return=0.011635,8a02183,857d1f4a
2026-06-17T18:04:11Z,SIGNAL_COLLECT,baa_g4,date=2026-06-17 | mode=offensive | targets=EEM:1.00,8a02183,857d1f4a
2026-06-17T18:04:11Z,NAV_UPDATE,baa_g4,date=2026-06-17 | gross_nav=2.389476 | net_nav=2.389476 | daily_return=0.011635,8a02183,857d1f4a
2026-06-17T18:04:19Z,SIGNAL_COLLECT,gem,date=2026-06-17 | mode=offensive | targets=SPY:1.00,8a02183,857d1f4a
2026-06-17T18:04:19Z,NAV_UPDATE,gem,date=2026-06-17 | gross_nav=3.177686 | net_nav=3.177686 | daily_return=-0.004737,8a02183,857d1f4a
2026-06-17T18:04:38Z,SIGNAL_COLLECT,haa,date=2026-06-17 | mode=offensive | targets=EEM:1.00,8a02183,857d1f4a
2026-06-17T18:04:38Z,NAV_UPDATE,haa,date=2026-06-17 | gross_nav=2.419596 | net_nav=2.419596 | daily_return=0.011635,8a02183,857d1f4a
2026-06-17T18:04:49Z,SIGNAL_COLLECT,permanent,date=2026-06-17 | mode=offensive | targets=SPY:0.25|TLT:0.25|GLD:0.25|BIL:0.25,8a02183,857d1f4a
2026-06-17T18:04:50Z,NAV_UPDATE,permanent,date=2026-06-17 | gross_nav=2.552010 | net_nav=2.552010 | daily_return=-0.001536,8a02183,857d1f4a
2026-06-17T18:05:04Z,SIGNAL_COLLECT,all_weather,date=2026-06-17 | mode=offensive | targets=SPY:0.30|TLT:0.40|IEF:0.15|GLD:0.07|DBC:0.07,8a02183,857d1f4a
2026-06-17T18:05:04Z,NAV_UPDATE,all_weather,date=2026-06-17 | gross_nav=2.301188 | net_nav=2.301188 | daily_return=-0.002936,8a02183,857d1f4a
2026-06-17T18:05:17Z,SIGNAL_COLLECT,golden_butterfly,date=2026-06-17 | mode=offensive | targets=SPY:0.20|VBR:0.20|TLT:0.20|SHY:0.20|GLD:0.20,8a02183,857d1f4a
2026-06-17T18:05:18Z,NAV_UPDATE,golden_butterfly,date=2026-06-17 | gross_nav=2.812348 | net_nav=2.812348 | daily_return=-0.003419,8a02183,857d1f4a
2026-06-17T18:05:34Z,SIGNAL_COLLECT,gtaa,date=2026-06-17 | mode=offensive | targets=SPY:0.25|EFA:0.25|VNQ:0.25|DBC:0.25,8a02183,857d1f4a
2026-06-17T18:05:34Z,NAV_UPDATE,gtaa,date=2026-06-17 | gross_nav=2.064437 | net_nav=2.064437 | daily_return=-0.003260,8a02183,857d1f4a
2026-06-17T18:05:50Z,SIGNAL_COLLECT,ivy,date=2026-06-17 | mode=offensive | targets=VTI:0.25|EFA:0.25|VNQ:0.25|DBC:0.25,8a02183,857d1f4a
2026-06-17T18:05:50Z,NAV_UPDATE,ivy,date=2026-06-17 | gross_nav=2.044104 | net_nav=2.044104 | daily_return=-0.004366,8a02183,857d1f4a
2026-06-17T18:06:10Z,SIGNAL_COLLECT,faa,date=2026-06-17 | mode=offensive | targets=SPY:0.33|EEM:0.33|AGG:0.33,8a02183,857d1f4a
2026-06-17T18:06:10Z,NAV_UPDATE,faa,date=2026-06-17 | gross_nav=1.909839 | net_nav=1.909839 | daily_return=0.001491,8a02183,857d1f4a
2026-06-17T18:06:32Z,SIGNAL_COLLECT,eaa,date=2026-06-17 | mode=offensive | targets=EEM:0.39|SPY:0.33|VNQ:0.27,8a02183,857d1f4a
2026-06-17T18:06:32Z,NAV_UPDATE,eaa,date=2026-06-17 | gross_nav=1.258792 | net_nav=1.258792 | daily_return=-0.002795,8a02183,857d1f4a
2026-06-17T18:06:49Z,SIGNAL_COLLECT,laa,date=2026-06-17 | mode=offensive | targets=QQQ:0.25|IWD:0.25|GLD:0.25|IEF:0.25,8a02183,857d1f4a
2026-06-17T18:06:49Z,NAV_UPDATE,laa,date=2026-06-17 | gross_nav=3.769521 | net_nav=3.769521 | daily_return=-0.003239,8a02183,857d1f4a
2026-06-17T18:12:27Z,CIRCUIT_BREAKER,portfolio,date=2026-06-17 | state=defensive | current_dd=-0.3020 | threshold=-0.1800 | fallback=permanent,8a02183,857d1f4a
2026-06-17T18:12:30Z,ORDER_EXECUTE,portfolio,date=2026-06-17 | ticker=EEM | side=sell | qty=4.0 | price=0.00 | commission=0.0000,8a02183,857d1f4a
2026-06-17T18:12:30Z,ORDER_EXECUTE,portfolio,date=2026-06-17 | ticker=IEF | side=sell | qty=1.0 | price=0.00 | commission=0.0000,8a02183,857d1f4a
2026-06-17T18:12:30Z,ORDER_EXECUTE,portfolio,date=2026-06-17 | ticker=IWM | side=sell | qty=1.0 | price=0.00 | commission=0.0000,8a02183,857d1f4a
2026-06-17T18:12:30Z,ORDER_EXECUTE,portfolio,date=2026-06-17 | ticker=BIL | side=buy | qty=3.0 | price=0.00 | commission=0.0000,8a02183,857d1f4a
2026-06-17T18:12:30Z,ORDER_EXECUTE,portfolio,date=2026-06-17 | ticker=TLT | side=buy | qty=3.0 | price=0.00 | commission=0.0000,8a02183,857d1f4a
2026-06-19T17:30:17Z,SIGNAL_COLLECT,daa,date=2026-06-19 | mode=offensive | targets=EEM:0.50|IWM:0.50,349e0c5,857d1f4a
2026-06-19T17:30:18Z,NAV_UPDATE,daa,date=2026-06-19 | gross_nav=2.592807 | net_nav=2.592807 | daily_return=0.000000,349e0c5,857d1f4a
2026-06-19T17:30:35Z,SIGNAL_COLLECT,vaa,date=2026-06-19 | mode=offensive | targets=EEM:1.00,349e0c5,857d1f4a
2026-06-19T17:30:35Z,NAV_UPDATE,vaa,date=2026-06-19 | gross_nav=2.282316 | net_nav=2.282316 | daily_return=0.000000,349e0c5,857d1f4a
2026-06-19T17:31:11Z,SIGNAL_COLLECT,paa,date=2026-06-19 | mode=offensive | targets=IEF:0.17|EEM:0.83,349e0c5,857d1f4a
2026-06-19T17:31:11Z,NAV_UPDATE,paa,date=2026-06-19 | gross_nav=2.066367 | net_nav=2.066367 | daily_return=0.000000,349e0c5,857d1f4a
2026-06-19T17:31:45Z,SIGNAL_COLLECT,baa_g12,date=2026-06-19 | mode=offensive | targets=EEM:1.00,349e0c5,857d1f4a
2026-06-19T17:31:45Z,NAV_UPDATE,baa_g12,date=2026-06-19 | gross_nav=1.992109 | net_nav=1.992109 | daily_return=0.000000,349e0c5,857d1f4a
2026-06-19T17:32:03Z,SIGNAL_COLLECT,baa_g4,date=2026-06-19 | mode=offensive | targets=EEM:1.00,349e0c5,857d1f4a
2026-06-19T17:32:04Z,NAV_UPDATE,baa_g4,date=2026-06-19 | gross_nav=2.389476 | net_nav=2.389476 | daily_return=0.000000,349e0c5,857d1f4a
2026-06-19T17:32:11Z,SIGNAL_COLLECT,gem,date=2026-06-19 | mode=offensive | targets=SPY:1.00,349e0c5,857d1f4a
2026-06-19T17:32:11Z,NAV_UPDATE,gem,date=2026-06-19 | gross_nav=3.177686 | net_nav=3.177686 | daily_return=0.000000,349e0c5,857d1f4a
2026-06-19T17:32:29Z,SIGNAL_COLLECT,haa,date=2026-06-19 | mode=offensive | targets=EEM:1.00,349e0c5,857d1f4a
2026-06-19T17:32:29Z,NAV_UPDATE,haa,date=2026-06-19 | gross_nav=2.419596 | net_nav=2.419596 | daily_return=0.000000,349e0c5,857d1f4a
2026-06-19T17:32:39Z,SIGNAL_COLLECT,permanent,date=2026-06-19 | mode=offensive | targets=SPY:0.25|TLT:0.25|GLD:0.25|BIL:0.25,349e0c5,857d1f4a
2026-06-19T17:32:39Z,NAV_UPDATE,permanent,date=2026-06-19 | gross_nav=2.552010 | net_nav=2.552010 | daily_return=0.000000,349e0c5,857d1f4a
2026-06-19T17:32:52Z,SIGNAL_COLLECT,all_weather,date=2026-06-19 | mode=offensive | targets=SPY:0.30|TLT:0.40|IEF:0.15|GLD:0.07|DBC:0.07,349e0c5,857d1f4a
2026-06-19T17:32:52Z,NAV_UPDATE,all_weather,date=2026-06-19 | gross_nav=2.301188 | net_nav=2.301188 | daily_return=0.000000,349e0c5,857d1f4a
2026-06-19T17:33:04Z,SIGNAL_COLLECT,golden_butterfly,date=2026-06-19 | mode=offensive | targets=SPY:0.20|VBR:0.20|TLT:0.20|SHY:0.20|GLD:0.20,349e0c5,857d1f4a
2026-06-19T17:33:04Z,NAV_UPDATE,golden_butterfly,date=2026-06-19 | gross_nav=2.812348 | net_nav=2.812348 | daily_return=0.000000,349e0c5,857d1f4a
2026-06-19T17:33:19Z,SIGNAL_COLLECT,gtaa,date=2026-06-19 | mode=offensive | targets=SPY:0.25|EFA:0.25|VNQ:0.25|DBC:0.25,349e0c5,857d1f4a
2026-06-19T17:33:19Z,NAV_UPDATE,gtaa,date=2026-06-19 | gross_nav=2.064437 | net_nav=2.064437 | daily_return=0.000000,349e0c5,857d1f4a
2026-06-19T17:33:34Z,SIGNAL_COLLECT,ivy,date=2026-06-19 | mode=offensive | targets=VTI:0.25|EFA:0.25|VNQ:0.25|DBC:0.25,349e0c5,857d1f4a
2026-06-19T17:33:34Z,NAV_UPDATE,ivy,date=2026-06-19 | gross_nav=2.044104 | net_nav=2.044104 | daily_return=0.000000,349e0c5,857d1f4a
2026-06-19T17:33:51Z,SIGNAL_COLLECT,faa,date=2026-06-19 | mode=offensive | targets=SPY:0.33|EEM:0.33|AGG:0.33,349e0c5,857d1f4a
2026-06-19T17:33:51Z,NAV_UPDATE,faa,date=2026-06-19 | gross_nav=1.909839 | net_nav=1.909839 | daily_return=0.000000,349e0c5,857d1f4a
2026-06-19T17:34:11Z,SIGNAL_COLLECT,eaa,date=2026-06-19 | mode=offensive | targets=EEM:0.42|SPY:0.33|EFA:0.24,349e0c5,857d1f4a
2026-06-19T17:34:11Z,NAV_UPDATE,eaa,date=2026-06-19 | gross_nav=1.258792 | net_nav=1.258792 | daily_return=0.000000,349e0c5,857d1f4a
2026-06-19T17:34:27Z,SIGNAL_COLLECT,laa,date=2026-06-19 | mode=offensive | targets=QQQ:0.25|IWD:0.25|GLD:0.25|IEF:0.25,349e0c5,857d1f4a
2026-06-19T17:34:27Z,NAV_UPDATE,laa,date=2026-06-19 | gross_nav=3.769521 | net_nav=3.769521 | daily_return=0.000000,349e0c5,857d1f4a
2026-06-22T18:55:45Z,SIGNAL_COLLECT,daa,date=2026-06-22 | mode=offensive | targets=EEM:0.50|IWM:0.50,23ab0ea,857d1f4a
2026-06-22T18:55:45Z,NAV_UPDATE,daa,date=2026-06-22 | gross_nav=2.592807 | net_nav=2.592807 | daily_return=0.000000,23ab0ea,857d1f4a
2026-06-22T18:56:01Z,SIGNAL_COLLECT,vaa,date=2026-06-22 | mode=offensive | targets=EEM:1.00,23ab0ea,857d1f4a
2026-06-22T18:56:01Z,NAV_UPDATE,vaa,date=2026-06-22 | gross_nav=2.282316 | net_nav=2.282316 | daily_return=0.000000,23ab0ea,857d1f4a
2026-06-22T18:56:34Z,SIGNAL_COLLECT,paa,date=2026-06-22 | mode=offensive | targets=IEF:0.17|EEM:0.83,23ab0ea,857d1f4a
2026-06-22T18:56:34Z,NAV_UPDATE,paa,date=2026-06-22 | gross_nav=2.066367 | net_nav=2.066367 | daily_return=0.000000,23ab0ea,857d1f4a
2026-06-22T18:57:07Z,SIGNAL_COLLECT,baa_g12,date=2026-06-22 | mode=offensive | targets=EEM:1.00,23ab0ea,857d1f4a
2026-06-22T18:57:07Z,NAV_UPDATE,baa_g12,date=2026-06-22 | gross_nav=1.992109 | net_nav=1.992109 | daily_return=0.000000,23ab0ea,857d1f4a
2026-06-22T18:57:23Z,SIGNAL_COLLECT,baa_g4,date=2026-06-22 | mode=offensive | targets=EEM:1.00,23ab0ea,857d1f4a
2026-06-22T18:57:23Z,NAV_UPDATE,baa_g4,date=2026-06-22 | gross_nav=2.389476 | net_nav=2.389476 | daily_return=0.000000,23ab0ea,857d1f4a
2026-06-22T18:57:30Z,SIGNAL_COLLECT,gem,date=2026-06-22 | mode=offensive | targets=SPY:1.00,23ab0ea,857d1f4a
2026-06-22T18:57:31Z,NAV_UPDATE,gem,date=2026-06-22 | gross_nav=3.177686 | net_nav=3.177686 | daily_return=0.000000,23ab0ea,857d1f4a
2026-06-22T18:57:47Z,SIGNAL_COLLECT,haa,date=2026-06-22 | mode=offensive | targets=EEM:1.00,23ab0ea,857d1f4a
2026-06-22T18:57:47Z,NAV_UPDATE,haa,date=2026-06-22 | gross_nav=2.419596 | net_nav=2.419596 | daily_return=0.000000,23ab0ea,857d1f4a
2026-06-22T18:57:56Z,SIGNAL_COLLECT,permanent,date=2026-06-22 | mode=offensive | targets=SPY:0.25|TLT:0.25|GLD:0.25|BIL:0.25,23ab0ea,857d1f4a
2026-06-22T18:57:57Z,NAV_UPDATE,permanent,date=2026-06-22 | gross_nav=2.552010 | net_nav=2.552010 | daily_return=0.000000,23ab0ea,857d1f4a
2026-06-22T18:58:08Z,SIGNAL_COLLECT,all_weather,date=2026-06-22 | mode=offensive | targets=SPY:0.30|TLT:0.40|IEF:0.15|GLD:0.07|DBC:0.07,23ab0ea,857d1f4a
2026-06-22T18:58:08Z,NAV_UPDATE,all_weather,date=2026-06-22 | gross_nav=2.301188 | net_nav=2.301188 | daily_return=0.000000,23ab0ea,857d1f4a
2026-06-22T18:58:20Z,SIGNAL_COLLECT,golden_butterfly,date=2026-06-22 | mode=offensive | targets=SPY:0.20|VBR:0.20|TLT:0.20|SHY:0.20|GLD:0.20,23ab0ea,857d1f4a
2026-06-22T18:58:20Z,NAV_UPDATE,golden_butterfly,date=2026-06-22 | gross_nav=2.812348 | net_nav=2.812348 | daily_return=0.000000,23ab0ea,857d1f4a
2026-06-22T18:58:34Z,SIGNAL_COLLECT,gtaa,date=2026-06-22 | mode=offensive | targets=SPY:0.25|EFA:0.25|VNQ:0.25|DBC:0.25,23ab0ea,857d1f4a
2026-06-22T18:58:34Z,NAV_UPDATE,gtaa,date=2026-06-22 | gross_nav=2.064437 | net_nav=2.064437 | daily_return=0.000000,23ab0ea,857d1f4a
2026-06-22T18:58:48Z,SIGNAL_COLLECT,ivy,date=2026-06-22 | mode=offensive | targets=VTI:0.25|EFA:0.25|VNQ:0.25|DBC:0.25,23ab0ea,857d1f4a
2026-06-22T18:58:49Z,NAV_UPDATE,ivy,date=2026-06-22 | gross_nav=2.044104 | net_nav=2.044104 | daily_return=0.000000,23ab0ea,857d1f4a
2026-06-22T18:59:05Z,SIGNAL_COLLECT,faa,date=2026-06-22 | mode=offensive | targets=SPY:0.33|EEM:0.33|AGG:0.33,23ab0ea,857d1f4a
2026-06-22T18:59:05Z,NAV_UPDATE,faa,date=2026-06-22 | gross_nav=1.909839 | net_nav=1.909839 | daily_return=0.000000,23ab0ea,857d1f4a
2026-06-22T18:59:23Z,SIGNAL_COLLECT,eaa,date=2026-06-22 | mode=offensive | targets=EEM:0.43|SPY:0.31|VNQ:0.26,23ab0ea,857d1f4a
2026-06-22T18:59:24Z,NAV_UPDATE,eaa,date=2026-06-22 | gross_nav=1.258792 | net_nav=1.258792 | daily_return=0.000000,23ab0ea,857d1f4a
2026-06-22T18:59:38Z,SIGNAL_COLLECT,laa,date=2026-06-22 | mode=offensive | targets=QQQ:0.25|IWD:0.25|GLD:0.25|IEF:0.25,23ab0ea,857d1f4a
2026-06-22T18:59:38Z,NAV_UPDATE,laa,date=2026-06-22 | gross_nav=3.769521 | net_nav=3.769521 | daily_return=0.000000,23ab0ea,857d1f4a
2026-06-22T19:04:25Z,CIRCUIT_BREAKER,portfolio,date=2026-06-22 | state=defensive | current_dd=-0.2936 | threshold=-0.1800 | fallback=permanent,23ab0ea,857d1f4a
2026-06-23T17:25:01Z,SIGNAL_COLLECT,daa,date=2026-06-23 | mode=offensive | targets=IWM:0.50|EEM:0.50,00085d8,857d1f4a
2026-06-23T17:25:01Z,NAV_UPDATE,daa,date=2026-06-23 | gross_nav=2.527406 | net_nav=2.527406 | daily_return=-0.025224,00085d8,857d1f4a
2026-06-23T17:25:17Z,SIGNAL_COLLECT,vaa,date=2026-06-23 | mode=offensive | targets=EEM:1.00,00085d8,857d1f4a
2026-06-23T17:25:17Z,NAV_UPDATE,vaa,date=2026-06-23 | gross_nav=2.172228 | net_nav=2.172228 | daily_return=-0.048235,00085d8,857d1f4a
2026-06-23T17:25:47Z,SIGNAL_COLLECT,paa,date=2026-06-23 | mode=offensive | targets=IEF:0.17|IWM:0.83,00085d8,857d1f4a
2026-06-23T17:25:47Z,NAV_UPDATE,paa,date=2026-06-23 | gross_nav=1.983934 | net_nav=1.983934 | daily_return=-0.039893,00085d8,857d1f4a
2026-06-23T17:26:17Z,SIGNAL_COLLECT,baa_g12,date=2026-06-23 | mode=offensive | targets=IWM:1.00,00085d8,857d1f4a
2026-06-23T17:26:17Z,NAV_UPDATE,baa_g12,date=2026-06-23 | gross_nav=1.896019 | net_nav=1.896019 | daily_return=-0.048235,00085d8,857d1f4a
2026-06-23T17:26:32Z,SIGNAL_COLLECT,baa_g4,date=2026-06-23 | mode=offensive | targets=EEM:1.00,00085d8,857d1f4a
2026-06-23T17:26:32Z,NAV_UPDATE,baa_g4,date=2026-06-23 | gross_nav=2.274219 | net_nav=2.274219 | daily_return=-0.048235,00085d8,857d1f4a
2026-06-23T17:26:39Z,SIGNAL_COLLECT,gem,date=2026-06-23 | mode=offensive | targets=SPY:1.00,00085d8,857d1f4a
2026-06-23T17:26:39Z,NAV_UPDATE,gem,date=2026-06-23 | gross_nav=3.151630 | net_nav=3.151630 | daily_return=-0.008200,00085d8,857d1f4a
2026-06-23T17:26:54Z,SIGNAL_COLLECT,haa,date=2026-06-23 | mode=offensive | targets=EEM:1.00,00085d8,857d1f4a
2026-06-23T17:26:54Z,NAV_UPDATE,haa,date=2026-06-23 | gross_nav=2.302886 | net_nav=2.302886 | daily_return=-0.048235,00085d8,857d1f4a
2026-06-23T17:27:03Z,SIGNAL_COLLECT,permanent,date=2026-06-23 | mode=offensive | targets=SPY:0.25|TLT:0.25|GLD:0.25|BIL:0.25,00085d8,857d1f4a
2026-06-23T17:27:03Z,NAV_UPDATE,permanent,date=2026-06-23 | gross_nav=2.539534 | net_nav=2.539534 | daily_return=-0.004889,00085d8,857d1f4a
2026-06-23T17:27:14Z,SIGNAL_COLLECT,all_weather,date=2026-06-23 | mode=offensive | targets=SPY:0.30|TLT:0.40|IEF:0.15|GLD:0.07|DBC:0.07,00085d8,857d1f4a
2026-06-23T17:27:15Z,NAV_UPDATE,all_weather,date=2026-06-23 | gross_nav=2.294306 | net_nav=2.294306 | daily_return=-0.002991,00085d8,857d1f4a
2026-06-23T17:27:25Z,SIGNAL_COLLECT,golden_butterfly,date=2026-06-23 | mode=offensive | targets=SPY:0.20|VBR:0.20|TLT:0.20|SHY:0.20|GLD:0.20,00085d8,857d1f4a
2026-06-23T17:27:25Z,NAV_UPDATE,golden_butterfly,date=2026-06-23 | gross_nav=2.804043 | net_nav=2.804043 | daily_return=-0.002953,00085d8,857d1f4a
2026-06-23T17:27:38Z,SIGNAL_COLLECT,gtaa,date=2026-06-23 | mode=offensive | targets=SPY:0.25|EFA:0.25|VNQ:0.25|DBC:0.25,00085d8,857d1f4a
2026-06-23T17:27:38Z,NAV_UPDATE,gtaa,date=2026-06-23 | gross_nav=2.053948 | net_nav=2.053948 | daily_return=-0.005081,00085d8,857d1f4a
2026-06-23T17:27:51Z,SIGNAL_COLLECT,ivy,date=2026-06-23 | mode=offensive | targets=VTI:0.25|EFA:0.25|VNQ:0.25|DBC:0.25,00085d8,857d1f4a
2026-06-23T17:27:51Z,NAV_UPDATE,ivy,date=2026-06-23 | gross_nav=2.034275 | net_nav=2.034275 | daily_return=-0.004808,00085d8,857d1f4a
2026-06-23T17:28:07Z,SIGNAL_COLLECT,faa,date=2026-06-23 | mode=offensive | targets=VNQ:0.33|SPY:0.33|EEM:0.33,00085d8,857d1f4a
2026-06-23T17:28:07Z,NAV_UPDATE,faa,date=2026-06-23 | gross_nav=1.875013 | net_nav=1.875013 | daily_return=-0.018235,00085d8,857d1f4a
2026-06-23T17:28:24Z,SIGNAL_COLLECT,eaa,date=2026-06-23 | mode=offensive | targets=VNQ:0.39|EEM:0.32|SPY:0.29,00085d8,857d1f4a
2026-06-23T17:28:25Z,NAV_UPDATE,eaa,date=2026-06-23 | gross_nav=1.233127 | net_nav=1.233127 | daily_return=-0.020389,00085d8,857d1f4a
2026-06-23T17:28:38Z,SIGNAL_COLLECT,laa,date=2026-06-23 | mode=offensive | targets=QQQ:0.25|IWD:0.25|GLD:0.25|IEF:0.25,00085d8,857d1f4a
2026-06-23T17:28:38Z,NAV_UPDATE,laa,date=2026-06-23 | gross_nav=3.732570 | net_nav=3.732570 | daily_return=-0.009803,00085d8,857d1f4a
2026-06-23T17:33:07Z,ORDER_EXECUTE,portfolio,date=2026-06-23 | ticker=BIL | side=sell | qty=3.0 | price=0.00 | commission=0.0000,00085d8,857d1f4a
2026-06-23T17:33:07Z,ORDER_EXECUTE,portfolio,date=2026-06-23 | ticker=GLDM | side=sell | qty=2.0 | price=0.00 | commission=0.0000,00085d8,857d1f4a
2026-06-23T17:33:07Z,ORDER_EXECUTE,portfolio,date=2026-06-23 | ticker=TLT | side=sell | qty=3.0 | price=0.00 | commission=0.0000,00085d8,857d1f4a
2026-06-23T17:33:07Z,ORDER_EXECUTE,portfolio,date=2026-06-23 | ticker=EEM | side=buy | qty=4.0 | price=0.00 | commission=0.0000,00085d8,857d1f4a
2026-06-23T17:33:07Z,ORDER_EXECUTE,portfolio,date=2026-06-23 | ticker=IEF | side=buy | qty=1.0 | price=0.00 | commission=0.0000,00085d8,857d1f4a
2026-06-23T17:33:07Z,ORDER_EXECUTE,portfolio,date=2026-06-23 | ticker=IWM | side=buy | qty=1.0 | price=0.00 | commission=0.0000,00085d8,857d1f4a
2026-06-24T17:25:53Z,SIGNAL_COLLECT,daa,date=2026-06-24 | mode=offensive | targets=IWM:0.50|EEM:0.50,a902bd1,857d1f4a
2026-06-24T17:25:53Z,NAV_UPDATE,daa,date=2026-06-24 | gross_nav=2.506228 | net_nav=2.506228 | daily_return=-0.008379,a902bd1,857d1f4a
2026-06-24T17:26:07Z,SIGNAL_COLLECT,vaa,date=2026-06-24 | mode=offensive | targets=EEM:1.00,a902bd1,857d1f4a
2026-06-24T17:26:07Z,NAV_UPDATE,vaa,date=2026-06-24 | gross_nav=2.141737 | net_nav=2.141737 | daily_return=-0.014037,a902bd1,857d1f4a
2026-06-24T17:26:34Z,SIGNAL_COLLECT,paa,date=2026-06-24 | mode=offensive | targets=IEF:0.17|IWM:0.83,a902bd1,857d1f4a
2026-06-24T17:26:35Z,NAV_UPDATE,paa,date=2026-06-24 | gross_nav=1.981225 | net_nav=1.981225 | daily_return=-0.001365,a902bd1,857d1f4a
2026-06-24T17:27:02Z,SIGNAL_COLLECT,baa_g12,date=2026-06-24 | mode=offensive | targets=IWM:1.00,a902bd1,857d1f4a
2026-06-24T17:27:02Z,NAV_UPDATE,baa_g12,date=2026-06-24 | gross_nav=1.890858 | net_nav=1.890858 | daily_return=-0.002722,a902bd1,857d1f4a
2026-06-24T17:27:16Z,SIGNAL_COLLECT,baa_g4,date=2026-06-24 | mode=offensive | targets=EEM:1.00,a902bd1,857d1f4a
2026-06-24T17:27:16Z,NAV_UPDATE,baa_g4,date=2026-06-24 | gross_nav=2.242297 | net_nav=2.242297 | daily_return=-0.014037,a902bd1,857d1f4a
2026-06-24T17:27:22Z,SIGNAL_COLLECT,gem,date=2026-06-24 | mode=offensive | targets=SPY:1.00,a902bd1,857d1f4a
2026-06-24T17:27:22Z,NAV_UPDATE,gem,date=2026-06-24 | gross_nav=3.131767 | net_nav=3.131767 | daily_return=-0.006302,a902bd1,857d1f4a
2026-06-24T17:27:36Z,SIGNAL_COLLECT,haa,date=2026-06-24 | mode=offensive | targets=EEM:1.00,a902bd1,857d1f4a
2026-06-24T17:27:36Z,NAV_UPDATE,haa,date=2026-06-24 | gross_nav=2.270561 | net_nav=2.270561 | daily_return=-0.014037,a902bd1,857d1f4a
2026-06-24T17:27:44Z,SIGNAL_COLLECT,permanent,date=2026-06-24 | mode=offensive | targets=SPY:0.25|TLT:0.25|GLD:0.25|BIL:0.25,a902bd1,857d1f4a
2026-06-24T17:27:44Z,NAV_UPDATE,permanent,date=2026-06-24 | gross_nav=2.521887 | net_nav=2.521887 | daily_return=-0.006949,a902bd1,857d1f4a
2026-06-24T17:27:54Z,SIGNAL_COLLECT,all_weather,date=2026-06-24 | mode=offensive | targets=SPY:0.30|TLT:0.40|IEF:0.15|GLD:0.07|DBC:0.07,a902bd1,857d1f4a
2026-06-24T17:27:54Z,NAV_UPDATE,all_weather,date=2026-06-24 | gross_nav=2.294057 | net_nav=2.294057 | daily_return=-0.000109,a902bd1,857d1f4a
2026-06-24T17:28:04Z,SIGNAL_COLLECT,golden_butterfly,date=2026-06-24 | mode=offensive | targets=SPY:0.20|VBR:0.20|TLT:0.20|SHY:0.20|GLD:0.20,a902bd1,857d1f4a
2026-06-24T17:28:05Z,NAV_UPDATE,golden_butterfly,date=2026-06-24 | gross_nav=2.789787 | net_nav=2.789787 | daily_return=-0.005084,a902bd1,857d1f4a
2026-06-24T17:28:16Z,SIGNAL_COLLECT,gtaa,date=2026-06-24 | mode=offensive | targets=SPY:0.20|EFA:0.20|VNQ:0.20|IEF:0.20|DBC:0.20,a902bd1,857d1f4a
2026-06-24T17:28:16Z,NAV_UPDATE,gtaa,date=2026-06-24 | gross_nav=2.028861 | net_nav=2.028861 | daily_return=-0.012214,a902bd1,857d1f4a
2026-06-24T17:28:28Z,SIGNAL_COLLECT,ivy,date=2026-06-24 | mode=offensive | targets=VTI:0.20|EFA:0.20|VNQ:0.20|IEF:0.20|DBC:0.20,a902bd1,857d1f4a
2026-06-24T17:28:29Z,NAV_UPDATE,ivy,date=2026-06-24 | gross_nav=2.009270 | net_nav=2.009270 | daily_return=-0.012292,a902bd1,857d1f4a
2026-06-24T17:28:42Z,SIGNAL_COLLECT,faa,date=2026-06-24 | mode=offensive | targets=VNQ:0.33|SPY:0.33|EEM:0.33,a902bd1,857d1f4a
2026-06-24T17:28:43Z,NAV_UPDATE,faa,date=2026-06-24 | gross_nav=1.854205 | net_nav=1.854205 | daily_return=-0.011097,a902bd1,857d1f4a
2026-06-24T17:28:59Z,SIGNAL_COLLECT,eaa,date=2026-06-24 | mode=offensive | targets=VNQ:0.39|IEF:0.31|EEM:0.30,a902bd1,857d1f4a
2026-06-24T17:28:59Z,NAV_UPDATE,eaa,date=2026-06-24 | gross_nav=1.219129 | net_nav=1.219129 | daily_return=-0.011351,a902bd1,857d1f4a
2026-06-24T17:29:11Z,SIGNAL_COLLECT,laa,date=2026-06-24 | mode=offensive | targets=QQQ:0.25|IWD:0.25|GLD:0.25|IEF:0.25,a902bd1,857d1f4a
2026-06-24T17:29:12Z,NAV_UPDATE,laa,date=2026-06-24 | gross_nav=3.685906 | net_nav=3.685906 | daily_return=-0.012502,a902bd1,857d1f4a
2026-06-25T17:29:31Z,SIGNAL_COLLECT,daa,date=2026-06-25 | mode=offensive | targets=IWM:0.50|EEM:0.50,eb8a209,857d1f4a
2026-06-25T17:29:31Z,NAV_UPDATE,daa,date=2026-06-25 | gross_nav=2.537565 | net_nav=2.537565 | daily_return=0.012504,eb8a209,857d1f4a
2026-06-25T17:29:50Z,SIGNAL_COLLECT,vaa,date=2026-06-25 | mode=offensive | targets=EEM:1.00,eb8a209,857d1f4a
2026-06-25T17:29:51Z,NAV_UPDATE,vaa,date=2026-06-25 | gross_nav=2.183461 | net_nav=2.183461 | daily_return=0.019481,eb8a209,857d1f4a
2026-06-25T17:30:29Z,SIGNAL_COLLECT,paa,date=2026-06-25 | mode=offensive | targets=IEF:0.17|IWM:0.83,eb8a209,857d1f4a
2026-06-25T17:30:29Z,NAV_UPDATE,paa,date=2026-06-25 | gross_nav=1.991010 | net_nav=1.991010 | daily_return=0.004939,eb8a209,857d1f4a
2026-06-25T17:31:07Z,SIGNAL_COLLECT,baa_g12,date=2026-06-25 | mode=offensive | targets=IWM:1.00,eb8a209,857d1f4a
2026-06-25T17:31:07Z,NAV_UPDATE,baa_g12,date=2026-06-25 | gross_nav=1.901306 | net_nav=1.901306 | daily_return=0.005526,eb8a209,857d1f4a
2026-06-25T17:31:26Z,SIGNAL_COLLECT,baa_g4,date=2026-06-25 | mode=offensive | targets=EEM:1.00,eb8a209,857d1f4a
2026-06-25T17:31:26Z,NAV_UPDATE,baa_g4,date=2026-06-25 | gross_nav=2.285980 | net_nav=2.285980 | daily_return=0.019481,eb8a209,857d1f4a
2026-06-25T17:31:34Z,SIGNAL_COLLECT,gem,date=2026-06-25 | mode=offensive | targets=SPY:1.00,eb8a209,857d1f4a
2026-06-25T17:31:34Z,NAV_UPDATE,gem,date=2026-06-25 | gross_nav=3.132151 | net_nav=3.132151 | daily_return=0.000123,eb8a209,857d1f4a
2026-06-25T17:31:53Z,SIGNAL_COLLECT,haa,date=2026-06-25 | mode=offensive | targets=EEM:1.00,eb8a209,857d1f4a
2026-06-25T17:31:53Z,NAV_UPDATE,haa,date=2026-06-25 | gross_nav=2.314795 | net_nav=2.314795 | daily_return=0.019481,eb8a209,857d1f4a
2026-06-25T17:32:04Z,SIGNAL_COLLECT,permanent,date=2026-06-25 | mode=offensive | targets=SPY:0.25|TLT:0.25|GLD:0.25|BIL:0.25,eb8a209,857d1f4a
2026-06-25T17:32:05Z,NAV_UPDATE,permanent,date=2026-06-25 | gross_nav=2.529169 | net_nav=2.529169 | daily_return=0.002888,eb8a209,857d1f4a
2026-06-25T17:32:18Z,SIGNAL_COLLECT,all_weather,date=2026-06-25 | mode=offensive | targets=SPY:0.30|TLT:0.40|IEF:0.15|GLD:0.07|DBC:0.07,eb8a209,857d1f4a
2026-06-25T17:32:18Z,NAV_UPDATE,all_weather,date=2026-06-25 | gross_nav=2.299210 | net_nav=2.299210 | daily_return=0.002246,eb8a209,857d1f4a
2026-06-25T17:32:32Z,SIGNAL_COLLECT,golden_butterfly,date=2026-06-25 | mode=offensive | targets=SPY:0.20|VBR:0.20|TLT:0.20|SHY:0.20|GLD:0.20,eb8a209,857d1f4a
2026-06-25T17:32:32Z,NAV_UPDATE,golden_butterfly,date=2026-06-25 | gross_nav=2.801714 | net_nav=2.801714 | daily_return=0.004275,eb8a209,857d1f4a
2026-06-25T17:32:48Z,SIGNAL_COLLECT,gtaa,date=2026-06-25 | mode=offensive | targets=SPY:0.20|EFA:0.20|VNQ:0.20|IEF:0.20|DBC:0.20,eb8a209,857d1f4a
2026-06-25T17:32:48Z,NAV_UPDATE,gtaa,date=2026-06-25 | gross_nav=2.039187 | net_nav=2.039187 | daily_return=0.005089,eb8a209,857d1f4a
2026-06-25T17:33:04Z,SIGNAL_COLLECT,ivy,date=2026-06-25 | mode=offensive | targets=VTI:0.20|EFA:0.20|VNQ:0.20|IEF:0.20|DBC:0.20,eb8a209,857d1f4a
2026-06-25T17:33:04Z,NAV_UPDATE,ivy,date=2026-06-25 | gross_nav=2.019989 | net_nav=2.019989 | daily_return=0.005335,eb8a209,857d1f4a
2026-06-25T17:33:23Z,SIGNAL_COLLECT,faa,date=2026-06-25 | mode=offensive | targets=VNQ:0.33|EEM:0.33|AGG:0.33,eb8a209,857d1f4a
2026-06-25T17:33:23Z,NAV_UPDATE,faa,date=2026-06-25 | gross_nav=1.866640 | net_nav=1.866640 | daily_return=0.006706,eb8a209,857d1f4a
2026-06-25T17:33:45Z,SIGNAL_COLLECT,eaa,date=2026-06-25 | mode=offensive | targets=VNQ:0.42|EEM:0.30|IEF:0.28,eb8a209,857d1f4a
2026-06-25T17:33:45Z,NAV_UPDATE,eaa,date=2026-06-25 | gross_nav=1.227251 | net_nav=1.227251 | daily_return=0.006662,eb8a209,857d1f4a
2026-06-25T17:34:02Z,SIGNAL_COLLECT,laa,date=2026-06-25 | mode=offensive | targets=QQQ:0.25|IWD:0.25|GLD:0.25|IEF:0.25,eb8a209,857d1f4a
2026-06-25T17:34:02Z,NAV_UPDATE,laa,date=2026-06-25 | gross_nav=3.722607 | net_nav=3.722607 | daily_return=0.009957,eb8a209,857d1f4a
2026-06-26T17:15:41Z,SIGNAL_COLLECT,daa,date=2026-06-26 | mode=offensive | targets=IWM:0.50|EEM:0.50,4d1650b,857d1f4a
2026-06-26T17:15:41Z,NAV_UPDATE,daa,date=2026-06-26 | gross_nav=2.530700 | net_nav=2.530700 | daily_return=-0.002705,4d1650b,857d1f4a
2026-06-26T17:15:55Z,SIGNAL_COLLECT,vaa,date=2026-06-26 | mode=offensive | targets=EEM:1.00,4d1650b,857d1f4a
2026-06-26T17:15:55Z,NAV_UPDATE,vaa,date=2026-06-26 | gross_nav=2.170623 | net_nav=2.170623 | daily_return=-0.005880,4d1650b,857d1f4a
2026-06-26T17:16:23Z,SIGNAL_COLLECT,paa,date=2026-06-26 | mode=offensive | targets=IEF:0.17|IWM:0.83,4d1650b,857d1f4a
2026-06-26T17:16:23Z,NAV_UPDATE,paa,date=2026-06-26 | gross_nav=1.992243 | net_nav=1.992243 | daily_return=0.000619,4d1650b,857d1f4a
2026-06-26T17:16:51Z,SIGNAL_COLLECT,baa_g12,date=2026-06-26 | mode=offensive | targets=IWM:1.00,4d1650b,857d1f4a
2026-06-26T17:16:51Z,NAV_UPDATE,baa_g12,date=2026-06-26 | gross_nav=1.902198 | net_nav=1.902198 | daily_return=0.000469,4d1650b,857d1f4a
2026-06-26T17:17:06Z,SIGNAL_COLLECT,baa_g4,date=2026-06-26 | mode=offensive | targets=EEM:1.00,4d1650b,857d1f4a
2026-06-26T17:17:06Z,NAV_UPDATE,baa_g4,date=2026-06-26 | gross_nav=2.272539 | net_nav=2.272539 | daily_return=-0.005880,4d1650b,857d1f4a
2026-06-26T17:17:12Z,SIGNAL_COLLECT,gem,date=2026-06-26 | mode=offensive | targets=SPY:1.00,4d1650b,857d1f4a
2026-06-26T17:17:12Z,NAV_UPDATE,gem,date=2026-06-26 | gross_nav=3.139071 | net_nav=3.139071 | daily_return=0.002209,4d1650b,857d1f4a
2026-06-26T17:17:26Z,SIGNAL_COLLECT,haa,date=2026-06-26 | mode=offensive | targets=EEM:1.00,4d1650b,857d1f4a
2026-06-26T17:17:26Z,NAV_UPDATE,haa,date=2026-06-26 | gross_nav=2.301185 | net_nav=2.301185 | daily_return=-0.005880,4d1650b,857d1f4a
2026-06-26T17:17:34Z,SIGNAL_COLLECT,permanent,date=2026-06-26 | mode=offensive | targets=SPY:0.25|TLT:0.25|GLD:0.25|BIL:0.25,4d1650b,857d1f4a
2026-06-26T17:17:34Z,NAV_UPDATE,permanent,date=2026-06-26 | gross_nav=2.537344 | net_nav=2.537344 | daily_return=0.003232,4d1650b,857d1f4a
2026-06-26T17:17:44Z,SIGNAL_COLLECT,all_weather,date=2026-06-26 | mode=offensive | targets=SPY:0.30|TLT:0.40|IEF:0.15|GLD:0.07|DBC:0.07,4d1650b,857d1f4a
2026-06-26T17:17:44Z,NAV_UPDATE,all_weather,date=2026-06-26 | gross_nav=2.299660 | net_nav=2.299660 | daily_return=0.000196,4d1650b,857d1f4a
2026-06-26T17:17:55Z,SIGNAL_COLLECT,golden_butterfly,date=2026-06-26 | mode=offensive | targets=SPY:0.20|VBR:0.20|TLT:0.20|SHY:0.20|GLD:0.20,4d1650b,857d1f4a
2026-06-26T17:17:55Z,NAV_UPDATE,golden_butterfly,date=2026-06-26 | gross_nav=2.808692 | net_nav=2.808692 | daily_return=0.002491,4d1650b,857d1f4a
2026-06-26T17:18:07Z,SIGNAL_COLLECT,gtaa,date=2026-06-26 | mode=offensive | targets=SPY:0.20|EFA:0.20|VNQ:0.20|IEF:0.20|DBC:0.20,4d1650b,857d1f4a
2026-06-26T17:18:07Z,NAV_UPDATE,gtaa,date=2026-06-26 | gross_nav=2.040286 | net_nav=2.040286 | daily_return=0.000539,4d1650b,857d1f4a
2026-06-26T17:18:20Z,SIGNAL_COLLECT,ivy,date=2026-06-26 | mode=offensive | targets=VTI:0.20|EFA:0.20|VNQ:0.20|IEF:0.20|DBC:0.20,4d1650b,857d1f4a
2026-06-26T17:18:20Z,NAV_UPDATE,ivy,date=2026-06-26 | gross_nav=2.019874 | net_nav=2.019874 | daily_return=-0.000057,4d1650b,857d1f4a
2026-06-26T17:18:33Z,SIGNAL_COLLECT,faa,date=2026-06-26 | mode=offensive | targets=VNQ:0.33|EEM:0.33|AGG:0.33,4d1650b,857d1f4a
2026-06-26T17:18:34Z,NAV_UPDATE,faa,date=2026-06-26 | gross_nav=1.872615 | net_nav=1.872615 | daily_return=0.003201,4d1650b,857d1f4a
2026-06-26T17:18:50Z,SIGNAL_COLLECT,eaa,date=2026-06-26 | mode=offensive | targets=VNQ:0.47|IEF:0.29|EEM:0.24,4d1650b,857d1f4a
2026-06-26T17:18:50Z,NAV_UPDATE,eaa,date=2026-06-26 | gross_nav=1.233259 | net_nav=1.233259 | daily_return=0.004895,4d1650b,857d1f4a
2026-06-26T17:19:02Z,SIGNAL_COLLECT,laa,date=2026-06-26 | mode=offensive | targets=QQQ:0.25|IWD:0.25|GLD:0.25|IEF:0.25,4d1650b,857d1f4a
2026-06-26T17:19:02Z,NAV_UPDATE,laa,date=2026-06-26 | gross_nav=3.729195 | net_nav=3.729195 | daily_return=0.001770,4d1650b,857d1f4a
2026-06-29T17:57:49Z,SIGNAL_COLLECT,daa,date=2026-06-29 | mode=offensive | targets=IWM:0.50|EEM:0.50,75caa96,857d1f4a
2026-06-29T17:57:49Z,NAV_UPDATE,daa,date=2026-06-29 | gross_nav=2.520352 | net_nav=2.514908 | daily_return=-0.004089,75caa96,857d1f4a
2026-06-29T17:58:08Z,SIGNAL_COLLECT,vaa,date=2026-06-29 | mode=offensive | targets=EEM:1.00,75caa96,857d1f4a
2026-06-29T17:58:08Z,NAV_UPDATE,vaa,date=2026-06-29 | gross_nav=2.158106 | net_nav=2.153444 | daily_return=-0.005767,75caa96,857d1f4a
2026-06-29T17:58:46Z,SIGNAL_COLLECT,paa,date=2026-06-29 | mode=offensive | targets=IEF:0.17|IWM:0.83,75caa96,857d1f4a
2026-06-29T17:58:46Z,NAV_UPDATE,paa,date=2026-06-29 | gross_nav=1.988205 | net_nav=1.983910 | daily_return=-0.002027,75caa96,857d1f4a
2026-06-29T17:59:24Z,SIGNAL_COLLECT,baa_g12,date=2026-06-29 | mode=offensive | targets=IWM:1.00,75caa96,857d1f4a
2026-06-29T17:59:24Z,NAV_UPDATE,baa_g12,date=2026-06-29 | gross_nav=1.897611 | net_nav=1.893512 | daily_return=-0.002411,75caa96,857d1f4a
2026-06-29T17:59:43Z,SIGNAL_COLLECT,baa_g4,date=2026-06-29 | mode=offensive | targets=EEM:1.00,75caa96,857d1f4a
2026-06-29T17:59:43Z,NAV_UPDATE,baa_g4,date=2026-06-29 | gross_nav=2.259434 | net_nav=2.254554 | daily_return=-0.005767,75caa96,857d1f4a
2026-06-29T17:59:51Z,SIGNAL_COLLECT,gem,date=2026-06-29 | mode=offensive | targets=SPY:1.00,75caa96,857d1f4a
2026-06-29T17:59:51Z,NAV_UPDATE,gem,date=2026-06-29 | gross_nav=3.162821 | net_nav=3.155989 | daily_return=0.007566,75caa96,857d1f4a
2026-06-29T18:00:10Z,SIGNAL_COLLECT,haa,date=2026-06-29 | mode=offensive | targets=EEM:1.00,75caa96,857d1f4a
2026-06-29T18:00:10Z,NAV_UPDATE,haa,date=2026-06-29 | gross_nav=2.287915 | net_nav=2.282973 | daily_return=-0.005767,75caa96,857d1f4a
2026-06-29T18:00:21Z,SIGNAL_COLLECT,permanent,date=2026-06-29 | mode=offensive | targets=SPY:0.25|TLT:0.25|GLD:0.25|BIL:0.25,75caa96,857d1f4a
2026-06-29T18:00:22Z,NAV_UPDATE,permanent,date=2026-06-29 | gross_nav=2.533779 | net_nav=2.528306 | daily_return=-0.001405,75caa96,857d1f4a
2026-06-29T18:00:35Z,SIGNAL_COLLECT,all_weather,date=2026-06-29 | mode=offensive | targets=SPY:0.30|TLT:0.40|IEF:0.15|GLD:0.07|DBC:0.07,75caa96,857d1f4a
2026-06-29T18:00:35Z,NAV_UPDATE,all_weather,date=2026-06-29 | gross_nav=2.304226 | net_nav=2.299249 | daily_return=0.001986,75caa96,857d1f4a
2026-06-29T18:00:49Z,SIGNAL_COLLECT,golden_butterfly,date=2026-06-29 | mode=offensive | targets=SPY:0.20|VBR:0.20|TLT:0.20|SHY:0.20|GLD:0.20,75caa96,857d1f4a
2026-06-29T18:00:49Z,NAV_UPDATE,golden_butterfly,date=2026-06-29 | gross_nav=2.805277 | net_nav=2.799217 | daily_return=-0.001216,75caa96,857d1f4a
2026-06-29T18:01:04Z,SIGNAL_COLLECT,gtaa,date=2026-06-29 | mode=offensive | targets=SPY:0.20|EFA:0.20|VNQ:0.20|IEF:0.20|DBC:0.20,75caa96,857d1f4a
2026-06-29T18:01:05Z,NAV_UPDATE,gtaa,date=2026-06-29 | gross_nav=2.043458 | net_nav=2.039044 | daily_return=0.001555,75caa96,857d1f4a
2026-06-29T18:01:20Z,SIGNAL_COLLECT,ivy,date=2026-06-29 | mode=offensive | targets=VTI:0.20|EFA:0.20|VNQ:0.20|IEF:0.20|DBC:0.20,75caa96,857d1f4a
2026-06-29T18:01:20Z,NAV_UPDATE,ivy,date=2026-06-29 | gross_nav=2.023324 | net_nav=2.018954 | daily_return=0.001708,75caa96,857d1f4a
2026-06-29T18:01:39Z,SIGNAL_COLLECT,faa,date=2026-06-29 | mode=offensive | targets=VNQ:0.33|EEM:0.33|AGG:0.33,75caa96,857d1f4a
2026-06-29T18:01:40Z,NAV_UPDATE,faa,date=2026-06-29 | gross_nav=1.864884 | net_nav=1.860856 | daily_return=-0.004128,75caa96,857d1f4a
2026-06-29T18:02:01Z,SIGNAL_COLLECT,eaa,date=2026-06-29 | mode=offensive | targets=VNQ:0.48|SPY:0.28|IEF:0.25,75caa96,857d1f4a
2026-06-29T18:02:02Z,NAV_UPDATE,eaa,date=2026-06-29 | gross_nav=1.227479 | net_nav=1.224828 | daily_return=-0.004687,75caa96,857d1f4a
2026-06-29T18:02:18Z,SIGNAL_COLLECT,laa,date=2026-06-29 | mode=offensive | targets=QQQ:0.25|IWD:0.25|GLD:0.25|IEF:0.25,75caa96,857d1f4a
2026-06-29T18:02:19Z,NAV_UPDATE,laa,date=2026-06-29 | gross_nav=3.724068 | net_nav=3.716024 | daily_return=-0.001375,75caa96,857d1f4a
2026-06-30T17:23:25Z,SIGNAL_COLLECT,daa,date=2026-06-30 | mode=offensive | targets=IWM:0.50|EEM:0.50,fc3e5be,857d1f4a
2026-06-30T17:23:25Z,NAV_UPDATE,daa,date=2026-06-30 | gross_nav=2.552947 | net_nav=2.547433 | daily_return=0.012933,fc3e5be,857d1f4a
2026-06-30T17:23:44Z,SIGNAL_COLLECT,vaa,date=2026-06-30 | mode=offensive | targets=EEM:1.00,fc3e5be,857d1f4a
2026-06-30T17:23:44Z,NAV_UPDATE,vaa,date=2026-06-30 | gross_nav=2.195016 | net_nav=2.190275 | daily_return=0.017103,fc3e5be,857d1f4a
2026-06-30T17:24:23Z,SIGNAL_COLLECT,paa,date=2026-06-30 | mode=offensive | targets=IEF:0.17|IWM:0.83,fc3e5be,857d1f4a
2026-06-30T17:24:23Z,NAV_UPDATE,paa,date=2026-06-30 | gross_nav=2.001921 | net_nav=1.997596 | daily_return=0.006898,fc3e5be,857d1f4a
2026-06-30T17:25:01Z,SIGNAL_COLLECT,baa_g12,date=2026-06-30 | mode=offensive | targets=IWM:1.00,fc3e5be,857d1f4a
2026-06-30T17:25:01Z,NAV_UPDATE,baa_g12,date=2026-06-30 | gross_nav=1.914239 | net_nav=1.910105 | daily_return=0.008763,fc3e5be,857d1f4a
2026-06-30T17:25:20Z,SIGNAL_COLLECT,baa_g4,date=2026-06-30 | mode=offensive | targets=EEM:1.00,fc3e5be,857d1f4a
2026-06-30T17:25:21Z,NAV_UPDATE,baa_g4,date=2026-06-30 | gross_nav=2.298077 | net_nav=2.293113 | daily_return=0.017103,fc3e5be,857d1f4a
2026-06-30T17:25:29Z,SIGNAL_COLLECT,gem,date=2026-06-30 | mode=offensive | targets=SPY:1.00,fc3e5be,857d1f4a
2026-06-30T17:25:29Z,NAV_UPDATE,gem,date=2026-06-30 | gross_nav=3.189176 | net_nav=3.182288 | daily_return=0.008333,fc3e5be,857d1f4a
2026-06-30T17:25:48Z,SIGNAL_COLLECT,haa,date=2026-06-30 | mode=offensive | targets=EEM:1.00,fc3e5be,857d1f4a
2026-06-30T17:25:49Z,NAV_UPDATE,haa,date=2026-06-30 | gross_nav=2.327045 | net_nav=2.322019 | daily_return=0.017103,fc3e5be,857d1f4a
2026-06-30T17:26:00Z,SIGNAL_COLLECT,permanent,date=2026-06-30 | mode=offensive | targets=SPY:0.25|TLT:0.25|GLD:0.25|BIL:0.25,fc3e5be,857d1f4a
2026-06-30T17:26:00Z,NAV_UPDATE,permanent,date=2026-06-30 | gross_nav=2.535439 | net_nav=2.529963 | daily_return=0.000655,fc3e5be,857d1f4a
2026-06-30T17:26:14Z,SIGNAL_COLLECT,all_weather,date=2026-06-30 | mode=offensive | targets=SPY:0.30|TLT:0.40|IEF:0.15|GLD:0.07|DBC:0.07,fc3e5be,857d1f4a
2026-06-30T17:26:14Z,NAV_UPDATE,all_weather,date=2026-06-30 | gross_nav=2.303195 | net_nav=2.298220 | daily_return=-0.000447,fc3e5be,857d1f4a
2026-06-30T17:26:28Z,SIGNAL_COLLECT,golden_butterfly,date=2026-06-30 | mode=offensive | targets=SPY:0.20|VBR:0.20|TLT:0.20|SHY:0.20|GLD:0.20,fc3e5be,857d1f4a
2026-06-30T17:26:28Z,NAV_UPDATE,golden_butterfly,date=2026-06-30 | gross_nav=2.809138 | net_nav=2.803070 | daily_return=0.001376,fc3e5be,857d1f4a
2026-06-30T17:26:44Z,SIGNAL_COLLECT,gtaa,date=2026-06-30 | mode=offensive | targets=SPY:0.20|EFA:0.20|VNQ:0.20|IEF:0.20|DBC:0.20,fc3e5be,857d1f4a
2026-06-30T17:26:44Z,NAV_UPDATE,gtaa,date=2026-06-30 | gross_nav=2.045372 | net_nav=2.040954 | daily_return=0.000937,fc3e5be,857d1f4a
2026-06-30T17:27:01Z,SIGNAL_COLLECT,ivy,date=2026-06-30 | mode=offensive | targets=VTI:0.20|EFA:0.20|VNQ:0.20|IEF:0.20|DBC:0.20,fc3e5be,857d1f4a
2026-06-30T17:27:01Z,NAV_UPDATE,ivy,date=2026-06-30 | gross_nav=2.025356 | net_nav=2.020981 | daily_return=0.001004,fc3e5be,857d1f4a
2026-06-30T17:27:19Z,SIGNAL_COLLECT,faa,date=2026-06-30 | mode=offensive | targets=VNQ:0.33|SPY:0.33|EEM:0.33,fc3e5be,857d1f4a
2026-06-30T17:27:20Z,NAV_UPDATE,faa,date=2026-06-30 | gross_nav=1.871271 | net_nav=1.867229 | daily_return=0.003425,fc3e5be,857d1f4a
2026-06-30T17:27:41Z,SIGNAL_COLLECT,eaa,date=2026-06-30 | mode=offensive | targets=VNQ:0.44|SPY:0.30|EEM:0.27,fc3e5be,857d1f4a
2026-06-30T17:27:42Z,NAV_UPDATE,eaa,date=2026-06-30 | gross_nav=1.226821 | net_nav=1.224171 | daily_return=-0.000536,fc3e5be,857d1f4a
2026-06-30T17:27:58Z,SIGNAL_COLLECT,laa,date=2026-06-30 | mode=offensive | targets=QQQ:0.25|IWD:0.25|GLD:0.25|IEF:0.25,fc3e5be,857d1f4a
2026-06-30T17:27:59Z,NAV_UPDATE,laa,date=2026-06-30 | gross_nav=3.739937 | net_nav=3.731859 | daily_return=0.004261,fc3e5be,857d1f4a
2026-07-01T17:28:04Z,SIGNAL_COLLECT,daa,date=2026-07-01 | mode=offensive | targets=IWM:0.50|QQQ:0.50,f768a00,857d1f4a
2026-07-01T17:28:05Z,NAV_UPDATE,daa,date=2026-07-01 | gross_nav=2.530082 | net_nav=2.530082 | daily_return=-0.008956,f768a00,857d1f4a
2026-07-01T17:28:24Z,SIGNAL_COLLECT,vaa,date=2026-07-01 | mode=offensive | targets=EEM:1.00,f768a00,857d1f4a
2026-07-01T17:28:24Z,NAV_UPDATE,vaa,date=2026-07-01 | gross_nav=2.147515 | net_nav=2.147515 | daily_return=-0.021641,f768a00,857d1f4a
2026-07-01T17:29:02Z,SIGNAL_COLLECT,paa,date=2026-07-01 | mode=offensive | targets=SHY:0.17|IWM:0.83,f768a00,857d1f4a
2026-07-01T17:29:03Z,NAV_UPDATE,paa,date=2026-07-01 | gross_nav=2.005675 | net_nav=2.005675 | daily_return=0.001875,f768a00,857d1f4a
2026-07-01T17:29:40Z,SIGNAL_COLLECT,baa_g12,date=2026-07-01 | mode=offensive | targets=IWM:1.00,f768a00,857d1f4a
2026-07-01T17:29:40Z,NAV_UPDATE,baa_g12,date=2026-07-01 | gross_nav=1.921375 | net_nav=1.921375 | daily_return=0.003728,f768a00,857d1f4a
2026-07-01T17:29:59Z,SIGNAL_COLLECT,baa_g4,date=2026-07-01 | mode=offensive | targets=EEM:1.00,f768a00,857d1f4a
2026-07-01T17:29:59Z,NAV_UPDATE,baa_g4,date=2026-07-01 | gross_nav=2.248345 | net_nav=2.248345 | daily_return=-0.021641,f768a00,857d1f4a
2026-07-01T17:30:07Z,SIGNAL_COLLECT,gem,date=2026-07-01 | mode=offensive | targets=SPY:1.00,f768a00,857d1f4a
2026-07-01T17:30:08Z,NAV_UPDATE,gem,date=2026-07-01 | gross_nav=3.195840 | net_nav=3.195840 | daily_return=0.002089,f768a00,857d1f4a
2026-07-01T17:30:27Z,SIGNAL_COLLECT,haa,date=2026-07-01 | mode=offensive | targets=EEM:1.00,f768a00,857d1f4a
2026-07-01T17:30:27Z,NAV_UPDATE,haa,date=2026-07-01 | gross_nav=2.276686 | net_nav=2.276686 | daily_return=-0.021641,f768a00,857d1f4a
2026-07-01T17:30:38Z,SIGNAL_COLLECT,permanent,date=2026-07-01 | mode=offensive | targets=SPY:0.25|TLT:0.25|GLD:0.25|BIL:0.25,f768a00,857d1f4a
2026-07-01T17:30:38Z,NAV_UPDATE,permanent,date=2026-07-01 | gross_nav=2.533399 | net_nav=2.533399 | daily_return=-0.000805,f768a00,857d1f4a
2026-07-01T17:30:51Z,SIGNAL_COLLECT,all_weather,date=2026-07-01 | mode=offensive | targets=SPY:0.30|TLT:0.40|IEF:0.15|GLD:0.07|DBC:0.07,f768a00,857d1f4a
2026-07-01T17:30:52Z,NAV_UPDATE,all_weather,date=2026-07-01 | gross_nav=2.290651 | net_nav=2.290651 | daily_return=-0.005446,f768a00,857d1f4a
2026-07-01T17:31:05Z,SIGNAL_COLLECT,golden_butterfly,date=2026-07-01 | mode=offensive | targets=SPY:0.20|VBR:0.20|TLT:0.20|SHY:0.20|GLD:0.20,f768a00,857d1f4a
2026-07-01T17:31:05Z,NAV_UPDATE,golden_butterfly,date=2026-07-01 | gross_nav=2.809349 | net_nav=2.809349 | daily_return=0.000075,f768a00,857d1f4a
2026-07-01T17:31:21Z,SIGNAL_COLLECT,gtaa,date=2026-07-01 | mode=offensive | targets=SPY:0.25|EFA:0.25|VNQ:0.25|DBC:0.25,f768a00,857d1f4a
2026-07-01T17:31:21Z,NAV_UPDATE,gtaa,date=2026-07-01 | gross_nav=2.041070 | net_nav=2.041070 | daily_return=-0.002103,f768a00,857d1f4a
2026-07-01T17:31:37Z,SIGNAL_COLLECT,ivy,date=2026-07-01 | mode=offensive | targets=VTI:0.25|EFA:0.25|VNQ:0.25|DBC:0.25,f768a00,857d1f4a
2026-07-01T17:31:38Z,NAV_UPDATE,ivy,date=2026-07-01 | gross_nav=2.021137 | net_nav=2.021137 | daily_return=-0.002083,f768a00,857d1f4a
2026-07-01T17:31:56Z,SIGNAL_COLLECT,faa,date=2026-07-01 | mode=offensive | targets=VNQ:0.33|SPY:0.33|AGG:0.33,f768a00,857d1f4a
2026-07-01T17:31:56Z,NAV_UPDATE,faa,date=2026-07-01 | gross_nav=1.860811 | net_nav=1.860811 | daily_return=-0.005590,f768a00,857d1f4a
2026-07-01T17:32:19Z,SIGNAL_COLLECT,eaa,date=2026-07-01 | mode=offensive | targets=VNQ:0.56|SPY:0.28|EEM:0.16,f768a00,857d1f4a
2026-07-01T17:32:19Z,NAV_UPDATE,eaa,date=2026-07-01 | gross_nav=1.221961 | net_nav=1.221961 | daily_return=-0.003962,f768a00,857d1f4a
2026-07-01T17:32:36Z,SIGNAL_COLLECT,laa,date=2026-07-01 | mode=offensive | targets=QQQ:0.25|IWD:0.25|GLD:0.25|IEF:0.25,f768a00,857d1f4a
2026-07-01T17:32:36Z,NAV_UPDATE,laa,date=2026-07-01 | gross_nav=3.741568 | net_nav=3.741568 | daily_return=0.000436,f768a00,857d1f4a
2026-07-01T17:38:10Z,ORDER_EXECUTE,portfolio,date=2026-07-01 | ticker=EEM | side=sell | qty=4.0 | price=0.00 | commission=0.0000,f768a00,857d1f4a
2026-07-01T17:38:10Z,ORDER_EXECUTE,portfolio,date=2026-07-01 | ticker=QQQM | side=buy | qty=1.0 | price=0.00 | commission=0.0000,f768a00,857d1f4a
2026-07-02T17:10:28Z,SIGNAL_COLLECT,daa,date=2026-07-02 | mode=offensive | targets=IWM:0.50|VNQ:0.50,fea8b39,857d1f4a
2026-07-02T17:10:28Z,NAV_UPDATE,daa,date=2026-07-02 | gross_nav=2.474893 | net_nav=2.474893 | daily_return=-0.021813,fea8b39,857d1f4a
2026-07-02T17:10:42Z,SIGNAL_COLLECT,vaa,date=2026-07-02 | mode=offensive | targets=EFA:1.00,fea8b39,857d1f4a
2026-07-02T17:10:43Z,NAV_UPDATE,vaa,date=2026-07-02 | gross_nav=2.093273 | net_nav=2.093273 | daily_return=-0.025258,fea8b39,857d1f4a
2026-07-02T17:11:10Z,SIGNAL_COLLECT,paa,date=2026-07-02 | mode=offensive | targets=SHY:0.17|IWM:0.83,fea8b39,857d1f4a
2026-07-02T17:11:10Z,NAV_UPDATE,paa,date=2026-07-02 | gross_nav=1.974801 | net_nav=1.974801 | daily_return=-0.015393,fea8b39,857d1f4a
2026-07-02T17:11:38Z,SIGNAL_COLLECT,baa_g12,date=2026-07-02 | mode=offensive | targets=IWM:1.00,fea8b39,857d1f4a
2026-07-02T17:11:38Z,NAV_UPDATE,baa_g12,date=2026-07-02 | gross_nav=1.885506 | net_nav=1.885506 | daily_return=-0.018668,fea8b39,857d1f4a
2026-07-02T17:11:52Z,SIGNAL_COLLECT,baa_g4,date=2026-07-02 | mode=offensive | targets=EFA:1.00,fea8b39,857d1f4a
2026-07-02T17:11:52Z,NAV_UPDATE,baa_g4,date=2026-07-02 | gross_nav=2.191557 | net_nav=2.191557 | daily_return=-0.025258,fea8b39,857d1f4a
2026-07-02T17:11:58Z,SIGNAL_COLLECT,gem,date=2026-07-02 | mode=offensive | targets=SPY:1.00,fea8b39,857d1f4a
2026-07-02T17:11:59Z,NAV_UPDATE,gem,date=2026-07-02 | gross_nav=3.168032 | net_nav=3.168032 | daily_return=-0.008701,fea8b39,857d1f4a
2026-07-02T17:12:13Z,SIGNAL_COLLECT,haa,date=2026-07-02 | mode=offensive | targets=EFA:1.00,fea8b39,857d1f4a
2026-07-02T17:12:13Z,NAV_UPDATE,haa,date=2026-07-02 | gross_nav=2.219182 | net_nav=2.219182 | daily_return=-0.025258,fea8b39,857d1f4a
2026-07-02T17:12:21Z,SIGNAL_COLLECT,permanent,date=2026-07-02 | mode=offensive | targets=SPY:0.25|TLT:0.25|GLD:0.25|BIL:0.25,fea8b39,857d1f4a
2026-07-02T17:12:21Z,NAV_UPDATE,permanent,date=2026-07-02 | gross_nav=2.534063 | net_nav=2.534063 | daily_return=0.000262,fea8b39,857d1f4a
2026-07-02T17:12:31Z,SIGNAL_COLLECT,all_weather,date=2026-07-02 | mode=offensive | targets=SPY:0.30|TLT:0.40|IEF:0.15|GLD:0.07|DBC:0.07,fea8b39,857d1f4a
2026-07-02T17:12:31Z,NAV_UPDATE,all_weather,date=2026-07-02 | gross_nav=2.284533 | net_nav=2.284533 | daily_return=-0.002671,fea8b39,857d1f4a
2026-07-02T17:12:41Z,SIGNAL_COLLECT,golden_butterfly,date=2026-07-02 | mode=offensive | targets=SPY:0.20|VBR:0.20|TLT:0.20|SHY:0.20|GLD:0.20,fea8b39,857d1f4a
2026-07-02T17:12:41Z,NAV_UPDATE,golden_butterfly,date=2026-07-02 | gross_nav=2.804695 | net_nav=2.804695 | daily_return=-0.001657,fea8b39,857d1f4a
2026-07-02T17:12:53Z,SIGNAL_COLLECT,gtaa,date=2026-07-02 | mode=offensive | targets=SPY:0.25|EFA:0.25|VNQ:0.25|DBC:0.25,fea8b39,857d1f4a
2026-07-02T17:12:53Z,NAV_UPDATE,gtaa,date=2026-07-02 | gross_nav=2.041257 | net_nav=2.041257 | daily_return=0.000092,fea8b39,857d1f4a
2026-07-02T17:13:05Z,SIGNAL_COLLECT,ivy,date=2026-07-02 | mode=offensive | targets=VTI:0.25|EFA:0.25|VNQ:0.25|DBC:0.25,fea8b39,857d1f4a
2026-07-02T17:13:05Z,NAV_UPDATE,ivy,date=2026-07-02 | gross_nav=2.020580 | net_nav=2.020580 | daily_return=-0.000276,fea8b39,857d1f4a
2026-07-02T17:13:19Z,SIGNAL_COLLECT,faa,date=2026-07-02 | mode=offensive | targets=VNQ:0.33|SPY:0.33|AGG:0.33,fea8b39,857d1f4a
2026-07-02T17:13:19Z,NAV_UPDATE,faa,date=2026-07-02 | gross_nav=1.856051 | net_nav=1.856051 | daily_return=-0.002558,fea8b39,857d1f4a
2026-07-02T17:13:34Z,SIGNAL_COLLECT,eaa,date=2026-07-02 | mode=offensive | targets=VNQ:0.59|SPY:0.24|EFA:0.18,fea8b39,857d1f4a
2026-07-02T17:13:34Z,NAV_UPDATE,eaa,date=2026-07-02 | gross_nav=1.214633 | net_nav=1.214633 | daily_return=-0.005997,fea8b39,857d1f4a
2026-07-02T17:13:47Z,SIGNAL_COLLECT,laa,date=2026-07-02 | mode=offensive | targets=QQQ:0.25|IWD:0.25|GLD:0.25|IEF:0.25,fea8b39,857d1f4a
2026-07-02T17:13:47Z,NAV_UPDATE,laa,date=2026-07-02 | gross_nav=3.733014 | net_nav=3.733014 | daily_return=-0.002286,fea8b39,857d1f4a
2026-07-02T17:17:47Z,CIRCUIT_BREAKER,portfolio,date=2026-07-02 | state=defensive | current_dd=-0.3169 | threshold=-0.1800 | fallback=permanent,fea8b39,857d1f4a
2026-07-02T17:17:50Z,ORDER_EXECUTE,portfolio,date=2026-07-02 | ticker=IEF | side=sell | qty=1.0 | price=0.00 | commission=0.0000,fea8b39,857d1f4a
2026-07-02T17:17:50Z,ORDER_EXECUTE,portfolio,date=2026-07-02 | ticker=IWM | side=sell | qty=1.0 | price=0.00 | commission=0.0000,fea8b39,857d1f4a
2026-07-02T17:17:50Z,ORDER_EXECUTE,portfolio,date=2026-07-02 | ticker=QQQM | side=sell | qty=1.0 | price=0.00 | commission=0.0000,fea8b39,857d1f4a
2026-07-02T17:17:50Z,ORDER_EXECUTE,portfolio,date=2026-07-02 | ticker=BIL | side=buy | qty=3.0 | price=0.00 | commission=0.0000,fea8b39,857d1f4a
2026-07-02T17:17:50Z,ORDER_EXECUTE,portfolio,date=2026-07-02 | ticker=GLDM | side=buy | qty=2.0 | price=0.00 | commission=0.0000,fea8b39,857d1f4a
2026-07-02T17:17:50Z,ORDER_EXECUTE,portfolio,date=2026-07-02 | ticker=TLT | side=buy | qty=3.0 | price=0.00 | commission=0.0000,fea8b39,857d1f4a
2026-07-03T16:53:33Z,SIGNAL_COLLECT,daa,date=2026-07-03 | mode=offensive | targets=IWM:0.50|VNQ:0.50,2db47aa,857d1f4a
2026-07-03T16:53:33Z,NAV_UPDATE,daa,date=2026-07-03 | gross_nav=2.474893 | net_nav=2.474893 | daily_return=0.000000,2db47aa,857d1f4a
2026-07-03T16:53:53Z,SIGNAL_COLLECT,vaa,date=2026-07-03 | mode=offensive | targets=EFA:1.00,2db47aa,857d1f4a
2026-07-03T16:53:53Z,NAV_UPDATE,vaa,date=2026-07-03 | gross_nav=2.093273 | net_nav=2.093273 | daily_return=0.000000,2db47aa,857d1f4a
2026-07-03T16:54:32Z,SIGNAL_COLLECT,paa,date=2026-07-03 | mode=offensive | targets=SHY:0.17|IWM:0.83,2db47aa,857d1f4a
2026-07-03T16:54:32Z,NAV_UPDATE,paa,date=2026-07-03 | gross_nav=1.974801 | net_nav=1.974801 | daily_return=0.000000,2db47aa,857d1f4a
2026-07-03T16:55:11Z,SIGNAL_COLLECT,baa_g12,date=2026-07-03 | mode=offensive | targets=IWM:1.00,2db47aa,857d1f4a
2026-07-03T16:55:12Z,NAV_UPDATE,baa_g12,date=2026-07-03 | gross_nav=1.885506 | net_nav=1.885506 | daily_return=0.000000,2db47aa,857d1f4a
2026-07-03T16:55:32Z,SIGNAL_COLLECT,baa_g4,date=2026-07-03 | mode=offensive | targets=EFA:1.00,2db47aa,857d1f4a
2026-07-03T16:55:32Z,NAV_UPDATE,baa_g4,date=2026-07-03 | gross_nav=2.191557 | net_nav=2.191557 | daily_return=0.000000,2db47aa,857d1f4a
2026-07-03T16:55:40Z,SIGNAL_COLLECT,gem,date=2026-07-03 | mode=offensive | targets=SPY:1.00,2db47aa,857d1f4a
2026-07-03T16:55:41Z,NAV_UPDATE,gem,date=2026-07-03 | gross_nav=3.168032 | net_nav=3.168032 | daily_return=0.000000,2db47aa,857d1f4a
2026-07-03T16:56:00Z,SIGNAL_COLLECT,haa,date=2026-07-03 | mode=offensive | targets=EFA:1.00,2db47aa,857d1f4a
2026-07-03T16:56:00Z,NAV_UPDATE,haa,date=2026-07-03 | gross_nav=2.219182 | net_nav=2.219182 | daily_return=0.000000,2db47aa,857d1f4a
2026-07-03T16:56:12Z,SIGNAL_COLLECT,permanent,date=2026-07-03 | mode=offensive | targets=SPY:0.25|TLT:0.25|GLD:0.25|BIL:0.25,2db47aa,857d1f4a
2026-07-03T16:56:12Z,NAV_UPDATE,permanent,date=2026-07-03 | gross_nav=2.534063 | net_nav=2.534063 | daily_return=0.000000,2db47aa,857d1f4a
2026-07-03T16:56:26Z,SIGNAL_COLLECT,all_weather,date=2026-07-03 | mode=offensive | targets=SPY:0.30|TLT:0.40|IEF:0.15|GLD:0.07|DBC:0.07,2db47aa,857d1f4a
2026-07-03T16:56:26Z,NAV_UPDATE,all_weather,date=2026-07-03 | gross_nav=2.284533 | net_nav=2.284533 | daily_return=0.000000,2db47aa,857d1f4a
2026-07-03T16:56:40Z,SIGNAL_COLLECT,golden_butterfly,date=2026-07-03 | mode=offensive | targets=SPY:0.20|VBR:0.20|TLT:0.20|SHY:0.20|GLD:0.20,2db47aa,857d1f4a
2026-07-03T16:56:41Z,NAV_UPDATE,golden_butterfly,date=2026-07-03 | gross_nav=2.804695 | net_nav=2.804695 | daily_return=0.000000,2db47aa,857d1f4a
2026-07-03T16:56:57Z,SIGNAL_COLLECT,gtaa,date=2026-07-03 | mode=offensive | targets=SPY:0.25|EFA:0.25|VNQ:0.25|DBC:0.25,2db47aa,857d1f4a
2026-07-03T16:56:57Z,NAV_UPDATE,gtaa,date=2026-07-03 | gross_nav=2.041257 | net_nav=2.041257 | daily_return=0.000000,2db47aa,857d1f4a
2026-07-03T16:57:26Z,SIGNAL_COLLECT,ivy,date=2026-07-03 | mode=offensive | targets=VTI:0.25|EFA:0.25|VNQ:0.25|DBC:0.25,2db47aa,857d1f4a
2026-07-03T16:57:26Z,NAV_UPDATE,ivy,date=2026-07-03 | gross_nav=2.020580 | net_nav=2.020580 | daily_return=0.000000,2db47aa,857d1f4a
2026-07-03T16:57:45Z,SIGNAL_COLLECT,faa,date=2026-07-03 | mode=offensive | targets=VNQ:0.33|SPY:0.33|AGG:0.33,2db47aa,857d1f4a
2026-07-03T16:57:45Z,NAV_UPDATE,faa,date=2026-07-03 | gross_nav=1.856051 | net_nav=1.856051 | daily_return=0.000000,2db47aa,857d1f4a
2026-07-03T16:58:07Z,SIGNAL_COLLECT,eaa,date=2026-07-03 | mode=offensive | targets=VNQ:0.58|SPY:0.24|EFA:0.18,2db47aa,857d1f4a
2026-07-03T16:58:08Z,NAV_UPDATE,eaa,date=2026-07-03 | gross_nav=1.214633 | net_nav=1.214633 | daily_return=0.000000,2db47aa,857d1f4a
2026-07-03T16:58:25Z,SIGNAL_COLLECT,laa,date=2026-07-03 | mode=offensive | targets=QQQ:0.25|IWD:0.25|GLD:0.25|IEF:0.25,2db47aa,857d1f4a
2026-07-03T16:58:25Z,NAV_UPDATE,laa,date=2026-07-03 | gross_nav=3.733014 | net_nav=3.733014 | daily_return=0.000000,2db47aa,857d1f4a
2026-07-06T17:57:16Z,SIGNAL_COLLECT,daa,date=2026-07-06 | mode=offensive | targets=IWM:0.50|EWJ:0.50,eb0fa1d,857d1f4a
2026-07-06T17:57:16Z,NAV_UPDATE,daa,date=2026-07-06 | gross_nav=2.474893 | net_nav=2.474893 | daily_return=0.000000,eb0fa1d,857d1f4a
2026-07-06T17:57:30Z,SIGNAL_COLLECT,vaa,date=2026-07-06 | mode=offensive | targets=EEM:1.00,eb0fa1d,857d1f4a
2026-07-06T17:57:30Z,NAV_UPDATE,vaa,date=2026-07-06 | gross_nav=2.093273 | net_nav=2.093273 | daily_return=0.000000,eb0fa1d,857d1f4a
2026-07-06T17:57:57Z,SIGNAL_COLLECT,paa,date=2026-07-06 | mode=offensive | targets=SHY:0.17|IWM:0.83,eb0fa1d,857d1f4a
2026-07-06T17:57:57Z,NAV_UPDATE,paa,date=2026-07-06 | gross_nav=1.974801 | net_nav=1.974801 | daily_return=0.000000,eb0fa1d,857d1f4a
2026-07-06T17:58:25Z,SIGNAL_COLLECT,baa_g12,date=2026-07-06 | mode=offensive | targets=IWM:1.00,eb0fa1d,857d1f4a
2026-07-06T17:58:25Z,NAV_UPDATE,baa_g12,date=2026-07-06 | gross_nav=1.885506 | net_nav=1.885506 | daily_return=0.000000,eb0fa1d,857d1f4a
2026-07-06T17:58:39Z,SIGNAL_COLLECT,baa_g4,date=2026-07-06 | mode=offensive | targets=EEM:1.00,eb0fa1d,857d1f4a
2026-07-06T17:58:39Z,NAV_UPDATE,baa_g4,date=2026-07-06 | gross_nav=2.191557 | net_nav=2.191557 | daily_return=0.000000,eb0fa1d,857d1f4a
2026-07-06T17:58:45Z,SIGNAL_COLLECT,gem,date=2026-07-06 | mode=offensive | targets=SPY:1.00,eb0fa1d,857d1f4a
2026-07-06T17:58:45Z,NAV_UPDATE,gem,date=2026-07-06 | gross_nav=3.168032 | net_nav=3.168032 | daily_return=0.000000,eb0fa1d,857d1f4a
2026-07-06T17:58:59Z,SIGNAL_COLLECT,haa,date=2026-07-06 | mode=offensive | targets=EEM:1.00,eb0fa1d,857d1f4a
2026-07-06T17:58:59Z,NAV_UPDATE,haa,date=2026-07-06 | gross_nav=2.219182 | net_nav=2.219182 | daily_return=0.000000,eb0fa1d,857d1f4a
2026-07-06T17:59:07Z,SIGNAL_COLLECT,permanent,date=2026-07-06 | mode=offensive | targets=SPY:0.25|TLT:0.25|GLD:0.25|BIL:0.25,eb0fa1d,857d1f4a
2026-07-06T17:59:08Z,NAV_UPDATE,permanent,date=2026-07-06 | gross_nav=2.534063 | net_nav=2.534063 | daily_return=0.000000,eb0fa1d,857d1f4a
2026-07-06T17:59:18Z,SIGNAL_COLLECT,all_weather,date=2026-07-06 | mode=offensive | targets=SPY:0.30|TLT:0.40|IEF:0.15|GLD:0.07|DBC:0.07,eb0fa1d,857d1f4a
2026-07-06T17:59:18Z,NAV_UPDATE,all_weather,date=2026-07-06 | gross_nav=2.284533 | net_nav=2.284533 | daily_return=0.000000,eb0fa1d,857d1f4a
2026-07-06T17:59:28Z,SIGNAL_COLLECT,golden_butterfly,date=2026-07-06 | mode=offensive | targets=SPY:0.20|VBR:0.20|TLT:0.20|SHY:0.20|GLD:0.20,eb0fa1d,857d1f4a
2026-07-06T17:59:28Z,NAV_UPDATE,golden_butterfly,date=2026-07-06 | gross_nav=2.804695 | net_nav=2.804695 | daily_return=0.000000,eb0fa1d,857d1f4a
2026-07-06T17:59:40Z,SIGNAL_COLLECT,gtaa,date=2026-07-06 | mode=offensive | targets=SPY:0.25|EFA:0.25|VNQ:0.25|DBC:0.25,eb0fa1d,857d1f4a
2026-07-06T17:59:40Z,NAV_UPDATE,gtaa,date=2026-07-06 | gross_nav=2.041257 | net_nav=2.041257 | daily_return=0.000000,eb0fa1d,857d1f4a
2026-07-06T17:59:52Z,SIGNAL_COLLECT,ivy,date=2026-07-06 | mode=offensive | targets=VTI:0.25|EFA:0.25|VNQ:0.25|DBC:0.25,eb0fa1d,857d1f4a
2026-07-06T17:59:53Z,NAV_UPDATE,ivy,date=2026-07-06 | gross_nav=2.020580 | net_nav=2.020580 | daily_return=0.000000,eb0fa1d,857d1f4a
2026-07-06T18:00:06Z,SIGNAL_COLLECT,faa,date=2026-07-06 | mode=offensive | targets=VNQ:0.33|EEM:0.33|AGG:0.33,eb0fa1d,857d1f4a
2026-07-06T18:00:06Z,NAV_UPDATE,faa,date=2026-07-06 | gross_nav=1.856051 | net_nav=1.856051 | daily_return=0.000000,eb0fa1d,857d1f4a
2026-07-06T18:00:22Z,SIGNAL_COLLECT,eaa,date=2026-07-06 | mode=offensive | targets=VNQ:0.47|SPY:0.30|EFA:0.23,eb0fa1d,857d1f4a
2026-07-06T18:00:22Z,NAV_UPDATE,eaa,date=2026-07-06 | gross_nav=1.214633 | net_nav=1.214633 | daily_return=0.000000,eb0fa1d,857d1f4a
2026-07-06T18:00:35Z,SIGNAL_COLLECT,laa,date=2026-07-06 | mode=offensive | targets=QQQ:0.25|IWD:0.25|GLD:0.25|IEF:0.25,eb0fa1d,857d1f4a
2026-07-06T18:00:35Z,NAV_UPDATE,laa,date=2026-07-06 | gross_nav=3.733014 | net_nav=3.733014 | daily_return=0.000000,eb0fa1d,857d1f4a
2026-07-06T18:04:42Z,CIRCUIT_BREAKER,portfolio,date=2026-07-06 | state=defensive | current_dd=-0.4252 | threshold=-0.1800 | fallback=permanent,eb0fa1d,857d1f4a
2026-07-06T18:04:42Z,ORDER_EXECUTE,portfolio,date=2026-07-06 | ticker=BIL | side=buy | qty=3.0 | price=0.00 | commission=0.0000,eb0fa1d,857d1f4a
2026-07-07T17:32:23Z,SIGNAL_COLLECT,daa,date=2026-07-07 | mode=offensive | targets=IWM:0.50|VNQ:0.50,b9ef3af,857d1f4a
2026-07-07T17:32:23Z,NAV_UPDATE,daa,date=2026-07-07 | gross_nav=2.443539 | net_nav=2.443539 | daily_return=-0.012669,b9ef3af,857d1f4a
2026-07-07T17:32:40Z,SIGNAL_COLLECT,vaa,date=2026-07-07 | mode=offensive | targets=EEM:1.00,b9ef3af,857d1f4a
2026-07-07T17:32:40Z,NAV_UPDATE,vaa,date=2026-07-07 | gross_nav=2.044599 | net_nav=2.044599 | daily_return=-0.023252,b9ef3af,857d1f4a
2026-07-07T17:33:13Z,SIGNAL_COLLECT,paa,date=2026-07-07 | mode=offensive | targets=SHY:0.25|IWM:0.75,b9ef3af,857d1f4a
2026-07-07T17:33:13Z,NAV_UPDATE,paa,date=2026-07-07 | gross_nav=1.963050 | net_nav=1.963050 | daily_return=-0.005950,b9ef3af,857d1f4a
2026-07-07T17:33:46Z,SIGNAL_COLLECT,baa_g12,date=2026-07-07 | mode=offensive | targets=IWM:1.00,b9ef3af,857d1f4a
2026-07-07T17:33:46Z,NAV_UPDATE,baa_g12,date=2026-07-07 | gross_nav=1.872226 | net_nav=1.872226 | daily_return=-0.007043,b9ef3af,857d1f4a
2026-07-07T17:34:04Z,SIGNAL_COLLECT,baa_g4,date=2026-07-07 | mode=offensive | targets=EEM:1.00,b9ef3af,857d1f4a
2026-07-07T17:34:04Z,NAV_UPDATE,baa_g4,date=2026-07-07 | gross_nav=2.140598 | net_nav=2.140598 | daily_return=-0.023252,b9ef3af,857d1f4a
2026-07-07T17:34:11Z,SIGNAL_COLLECT,gem,date=2026-07-07 | mode=offensive | targets=SPY:1.00,b9ef3af,857d1f4a
2026-07-07T17:34:11Z,NAV_UPDATE,gem,date=2026-07-07 | gross_nav=3.163977 | net_nav=3.163977 | daily_return=-0.001280,b9ef3af,857d1f4a
2026-07-07T17:34:27Z,SIGNAL_COLLECT,haa,date=2026-07-07 | mode=offensive | targets=EEM:1.00,b9ef3af,857d1f4a
2026-07-07T17:34:28Z,NAV_UPDATE,haa,date=2026-07-07 | gross_nav=2.167581 | net_nav=2.167581 | daily_return=-0.023252,b9ef3af,857d1f4a
2026-07-07T17:34:37Z,SIGNAL_COLLECT,permanent,date=2026-07-07 | mode=offensive | targets=SPY:0.25|TLT:0.25|GLD:0.25|BIL:0.25,b9ef3af,857d1f4a
2026-07-07T17:34:38Z,NAV_UPDATE,permanent,date=2026-07-07 | gross_nav=2.527233 | net_nav=2.527233 | daily_return=-0.002695,b9ef3af,857d1f4a
2026-07-07T17:34:49Z,SIGNAL_COLLECT,all_weather,date=2026-07-07 | mode=offensive | targets=SPY:0.30|TLT:0.40|IEF:0.15|GLD:0.07|DBC:0.07,b9ef3af,857d1f4a
2026-07-07T17:34:50Z,NAV_UPDATE,all_weather,date=2026-07-07 | gross_nav=2.278318 | net_nav=2.278318 | daily_return=-0.002720,b9ef3af,857d1f4a
2026-07-07T17:35:01Z,SIGNAL_COLLECT,golden_butterfly,date=2026-07-07 | mode=offensive | targets=SPY:0.20|VBR:0.20|TLT:0.20|SHY:0.20|GLD:0.20,b9ef3af,857d1f4a
2026-07-07T17:35:02Z,NAV_UPDATE,golden_butterfly,date=2026-07-07 | gross_nav=2.796831 | net_nav=2.796831 | daily_return=-0.002804,b9ef3af,857d1f4a
2026-07-07T17:35:15Z,SIGNAL_COLLECT,gtaa,date=2026-07-07 | mode=offensive | targets=SPY:0.25|EFA:0.25|VNQ:0.25|DBC:0.25,b9ef3af,857d1f4a
2026-07-07T17:35:16Z,NAV_UPDATE,gtaa,date=2026-07-07 | gross_nav=2.049287 | net_nav=2.049287 | daily_return=0.003934,b9ef3af,857d1f4a
2026-07-07T17:35:29Z,SIGNAL_COLLECT,ivy,date=2026-07-07 | mode=offensive | targets=VTI:0.25|EFA:0.25|VNQ:0.25|DBC:0.25,b9ef3af,857d1f4a
2026-07-07T17:35:29Z,NAV_UPDATE,ivy,date=2026-07-07 | gross_nav=2.028237 | net_nav=2.028237 | daily_return=0.003789,b9ef3af,857d1f4a
2026-07-07T17:35:46Z,SIGNAL_COLLECT,faa,date=2026-07-07 | mode=offensive | targets=VNQ:0.33|SHY:0.33|SPY:0.33,b9ef3af,857d1f4a
2026-07-07T17:35:46Z,NAV_UPDATE,faa,date=2026-07-07 | gross_nav=1.849710 | net_nav=1.849710 | daily_return=-0.003416,b9ef3af,857d1f4a
2026-07-07T17:36:05Z,SIGNAL_COLLECT,eaa,date=2026-07-07 | mode=offensive | targets=VNQ:0.53|SPY:0.29|EFA:0.18,b9ef3af,857d1f4a
2026-07-07T17:36:05Z,NAV_UPDATE,eaa,date=2026-07-07 | gross_nav=1.220621 | net_nav=1.220621 | daily_return=0.004930,b9ef3af,857d1f4a
2026-07-07T17:36:20Z,SIGNAL_COLLECT,laa,date=2026-07-07 | mode=offensive | targets=QQQ:0.25|IWD:0.25|GLD:0.25|IEF:0.25,b9ef3af,857d1f4a
2026-07-07T17:36:20Z,NAV_UPDATE,laa,date=2026-07-07 | gross_nav=3.719590 | net_nav=3.719590 | daily_return=-0.003596,b9ef3af,857d1f4a
2026-07-07T17:41:12Z,ORDER_EXECUTE,portfolio,date=2026-07-07 | ticker=BIL | side=sell | qty=3.0 | price=0.00 | commission=0.0000,b9ef3af,857d1f4a
2026-07-07T17:41:12Z,ORDER_EXECUTE,portfolio,date=2026-07-07 | ticker=GLDM | side=sell | qty=2.0 | price=0.00 | commission=0.0000,b9ef3af,857d1f4a
2026-07-07T17:41:12Z,ORDER_EXECUTE,portfolio,date=2026-07-07 | ticker=TLT | side=sell | qty=3.0 | price=0.00 | commission=0.0000,b9ef3af,857d1f4a
2026-07-07T17:41:12Z,ORDER_EXECUTE,portfolio,date=2026-07-07 | ticker=DBC | side=buy | qty=5.0 | price=0.00 | commission=0.0000,b9ef3af,857d1f4a
2026-07-07T17:41:12Z,ORDER_EXECUTE,portfolio,date=2026-07-07 | ticker=EFA | side=buy | qty=1.0 | price=0.00 | commission=0.0000,b9ef3af,857d1f4a
2026-07-07T17:41:12Z,ORDER_EXECUTE,portfolio,date=2026-07-07 | ticker=IEF | side=buy | qty=1.0 | price=0.00 | commission=0.0000,b9ef3af,857d1f4a
2026-07-07T17:41:12Z,ORDER_EXECUTE,portfolio,date=2026-07-07 | ticker=VNQ | side=buy | qty=1.0 | price=0.00 | commission=0.0000,b9ef3af,857d1f4a
2026-07-08T16:56:07Z,SIGNAL_COLLECT,daa,date=2026-07-08 | mode=offensive | targets=IWM:0.50|EEM:0.50,a0873f8,857d1f4a
2026-07-08T16:56:08Z,NAV_UPDATE,daa,date=2026-07-08 | gross_nav=2.407471 | net_nav=2.407471 | daily_return=-0.014760,a0873f8,857d1f4a
2026-07-08T16:56:21Z,SIGNAL_COLLECT,vaa,date=2026-07-08 | mode=offensive | targets=EEM:1.00,a0873f8,857d1f4a
2026-07-08T16:56:22Z,NAV_UPDATE,vaa,date=2026-07-08 | gross_nav=2.041809 | net_nav=2.041809 | daily_return=-0.001365,a0873f8,857d1f4a
2026-07-08T16:56:49Z,SIGNAL_COLLECT,paa,date=2026-07-08 | mode=offensive | targets=SHY:0.33|IWM:0.67,a0873f8,857d1f4a
2026-07-08T16:56:49Z,NAV_UPDATE,paa,date=2026-07-08 | gross_nav=1.939942 | net_nav=1.939942 | daily_return=-0.011772,a0873f8,857d1f4a
2026-07-08T16:57:17Z,SIGNAL_COLLECT,baa_g12,date=2026-07-08 | mode=offensive | targets=IWM:1.00,a0873f8,857d1f4a
2026-07-08T16:57:17Z,NAV_UPDATE,baa_g12,date=2026-07-08 | gross_nav=1.843526 | net_nav=1.843526 | daily_return=-0.015329,a0873f8,857d1f4a
2026-07-08T16:57:31Z,SIGNAL_COLLECT,baa_g4,date=2026-07-08 | mode=offensive | targets=EEM:1.00,a0873f8,857d1f4a
2026-07-08T16:57:31Z,NAV_UPDATE,baa_g4,date=2026-07-08 | gross_nav=2.137677 | net_nav=2.137677 | daily_return=-0.001365,a0873f8,857d1f4a
2026-07-08T16:57:37Z,SIGNAL_COLLECT,gem,date=2026-07-08 | mode=offensive | targets=SPY:1.00,a0873f8,857d1f4a
2026-07-08T16:57:37Z,NAV_UPDATE,gem,date=2026-07-08 | gross_nav=3.144295 | net_nav=3.144295 | daily_return=-0.006221,a0873f8,857d1f4a
2026-07-08T16:57:51Z,SIGNAL_COLLECT,haa,date=2026-07-08 | mode=offensive | targets=EEM:1.00,a0873f8,857d1f4a
2026-07-08T16:57:51Z,NAV_UPDATE,haa,date=2026-07-08 | gross_nav=2.164623 | net_nav=2.164623 | daily_return=-0.001365,a0873f8,857d1f4a
2026-07-08T16:58:00Z,SIGNAL_COLLECT,permanent,date=2026-07-08 | mode=offensive | targets=SPY:0.25|TLT:0.25|GLD:0.25|BIL:0.25,a0873f8,857d1f4a
2026-07-08T16:58:00Z,NAV_UPDATE,permanent,date=2026-07-08 | gross_nav=2.507219 | net_nav=2.507219 | daily_return=-0.007919,a0873f8,857d1f4a
2026-07-08T16:58:10Z,SIGNAL_COLLECT,all_weather,date=2026-07-08 | mode=offensive | targets=SPY:0.30|TLT:0.40|IEF:0.15|GLD:0.07|DBC:0.07,a0873f8,857d1f4a
2026-07-08T16:58:10Z,NAV_UPDATE,all_weather,date=2026-07-08 | gross_nav=2.267915 | net_nav=2.267915 | daily_return=-0.004566,a0873f8,857d1f4a
2026-07-08T16:58:20Z,SIGNAL_COLLECT,golden_butterfly,date=2026-07-08 | mode=offensive | targets=SPY:0.20|VBR:0.20|TLT:0.20|SHY:0.20|GLD:0.20,a0873f8,857d1f4a
2026-07-08T16:58:20Z,NAV_UPDATE,golden_butterfly,date=2026-07-08 | gross_nav=2.769256 | net_nav=2.769256 | daily_return=-0.009859,a0873f8,857d1f4a
2026-07-08T16:58:32Z,SIGNAL_COLLECT,gtaa,date=2026-07-08 | mode=offensive | targets=SPY:0.25|EFA:0.25|VNQ:0.25|DBC:0.25,a0873f8,857d1f4a
2026-07-08T16:58:32Z,NAV_UPDATE,gtaa,date=2026-07-08 | gross_nav=2.043509 | net_nav=2.043509 | daily_return=-0.002820,a0873f8,857d1f4a
2026-07-08T16:58:44Z,SIGNAL_COLLECT,ivy,date=2026-07-08 | mode=offensive | targets=VTI:0.25|EFA:0.25|VNQ:0.25|DBC:0.25,a0873f8,857d1f4a
2026-07-08T16:58:44Z,NAV_UPDATE,ivy,date=2026-07-08 | gross_nav=2.021977 | net_nav=2.021977 | daily_return=-0.003086,a0873f8,857d1f4a
2026-07-08T16:58:58Z,SIGNAL_COLLECT,faa,date=2026-07-08 | mode=offensive | targets=SPY:0.33|SHY:0.33|EEM:0.33,a0873f8,857d1f4a
2026-07-08T16:58:58Z,NAV_UPDATE,faa,date=2026-07-08 | gross_nav=1.836448 | net_nav=1.836448 | daily_return=-0.007170,a0873f8,857d1f4a
2026-07-08T16:59:13Z,SIGNAL_COLLECT,eaa,date=2026-07-08 | mode=offensive | targets=VNQ:0.39|SPY:0.36|EEM:0.25,a0873f8,857d1f4a
2026-07-08T16:59:14Z,NAV_UPDATE,eaa,date=2026-07-08 | gross_nav=1.206280 | net_nav=1.206280 | daily_return=-0.011749,a0873f8,857d1f4a
2026-07-08T16:59:26Z,SIGNAL_COLLECT,laa,date=2026-07-08 | mode=offensive | targets=QQQ:0.25|IWD:0.25|GLD:0.25|IEF:0.25,a0873f8,857d1f4a
2026-07-08T16:59:26Z,NAV_UPDATE,laa,date=2026-07-08 | gross_nav=3.681518 | net_nav=3.681518 | daily_return=-0.010236,a0873f8,857d1f4a
2026-07-08T17:03:28Z,CIRCUIT_BREAKER,portfolio,date=2026-07-08 | state=defensive | current_dd=-0.2571 | threshold=-0.1800 | fallback=permanent,a0873f8,857d1f4a
2026-07-08T17:03:31Z,ORDER_EXECUTE,portfolio,date=2026-07-08 | ticker=DBC | side=sell | qty=5.0 | price=0.00 | commission=0.0000,a0873f8,857d1f4a
2026-07-08T17:03:31Z,ORDER_EXECUTE,portfolio,date=2026-07-08 | ticker=EFA | side=sell | qty=1.0 | price=0.00 | commission=0.0000,a0873f8,857d1f4a
2026-07-08T17:03:31Z,ORDER_EXECUTE,portfolio,date=2026-07-08 | ticker=IEF | side=sell | qty=1.0 | price=0.00 | commission=0.0000,a0873f8,857d1f4a
2026-07-08T17:03:31Z,ORDER_EXECUTE,portfolio,date=2026-07-08 | ticker=VNQ | side=sell | qty=1.0 | price=0.00 | commission=0.0000,a0873f8,857d1f4a
2026-07-08T17:03:31Z,ORDER_EXECUTE,portfolio,date=2026-07-08 | ticker=BIL | side=buy | qty=3.0 | price=0.00 | commission=0.0000,a0873f8,857d1f4a
2026-07-08T17:03:31Z,ORDER_EXECUTE,portfolio,date=2026-07-08 | ticker=GLDM | side=buy | qty=2.0 | price=0.00 | commission=0.0000,a0873f8,857d1f4a
2026-07-08T17:03:31Z,ORDER_EXECUTE,portfolio,date=2026-07-08 | ticker=TLT | side=buy | qty=3.0 | price=0.00 | commission=0.0000,a0873f8,857d1f4a
2026-07-09T17:29:15Z,SIGNAL_COLLECT,daa,date=2026-07-09 | mode=offensive | targets=IWM:0.50|QQQ:0.50,0a94bc0,857d1f4a
2026-07-09T17:29:15Z,NAV_UPDATE,daa,date=2026-07-09 | gross_nav=2.446347 | net_nav=2.446347 | daily_return=0.016148,0a94bc0,857d1f4a
2026-07-09T17:29:34Z,SIGNAL_COLLECT,vaa,date=2026-07-09 | mode=offensive | targets=EEM:1.00,0a94bc0,857d1f4a
2026-07-09T17:29:35Z,NAV_UPDATE,vaa,date=2026-07-09 | gross_nav=2.074361 | net_nav=2.074361 | daily_return=0.015943,0a94bc0,857d1f4a
2026-07-09T17:30:14Z,SIGNAL_COLLECT,paa,date=2026-07-09 | mode=offensive | targets=SHY:0.25|IWM:0.75,0a94bc0,857d1f4a
2026-07-09T17:30:14Z,NAV_UPDATE,paa,date=2026-07-09 | gross_nav=1.961804 | net_nav=1.961804 | daily_return=0.011269,0a94bc0,857d1f4a
2026-07-09T17:30:52Z,SIGNAL_COLLECT,baa_g12,date=2026-07-09 | mode=offensive | targets=IWM:1.00,0a94bc0,857d1f4a
2026-07-09T17:30:52Z,NAV_UPDATE,baa_g12,date=2026-07-09 | gross_nav=1.873673 | net_nav=1.873673 | daily_return=0.016353,0a94bc0,857d1f4a
2026-07-09T17:31:12Z,SIGNAL_COLLECT,baa_g4,date=2026-07-09 | mode=offensive | targets=EEM:1.00,0a94bc0,857d1f4a
2026-07-09T17:31:12Z,NAV_UPDATE,baa_g4,date=2026-07-09 | gross_nav=2.171758 | net_nav=2.171758 | daily_return=0.015943,0a94bc0,857d1f4a
2026-07-09T17:31:21Z,SIGNAL_COLLECT,gem,date=2026-07-09 | mode=offensive | targets=SPY:1.00,0a94bc0,857d1f4a
2026-07-09T17:31:21Z,NAV_UPDATE,gem,date=2026-07-09 | gross_nav=3.174873 | net_nav=3.174873 | daily_return=0.009725,0a94bc0,857d1f4a
2026-07-09T17:31:39Z,SIGNAL_COLLECT,haa,date=2026-07-09 | mode=offensive | targets=EEM:1.00,0a94bc0,857d1f4a
2026-07-09T17:31:40Z,NAV_UPDATE,haa,date=2026-07-09 | gross_nav=2.199133 | net_nav=2.199133 | daily_return=0.015943,0a94bc0,857d1f4a
2026-07-09T17:31:51Z,SIGNAL_COLLECT,permanent,date=2026-07-09 | mode=offensive | targets=SPY:0.25|TLT:0.25|GLD:0.25|BIL:0.25,0a94bc0,857d1f4a
2026-07-09T17:31:51Z,NAV_UPDATE,permanent,date=2026-07-09 | gross_nav=2.525537 | net_nav=2.525537 | daily_return=0.007306,0a94bc0,857d1f4a
2026-07-09T17:32:05Z,SIGNAL_COLLECT,all_weather,date=2026-07-09 | mode=offensive | targets=SPY:0.30|TLT:0.40|IEF:0.15|GLD:0.07|DBC:0.07,0a94bc0,857d1f4a
2026-07-09T17:32:05Z,NAV_UPDATE,all_weather,date=2026-07-09 | gross_nav=2.280715 | net_nav=2.280715 | daily_return=0.005644,0a94bc0,857d1f4a
2026-07-09T17:32:18Z,SIGNAL_COLLECT,golden_butterfly,date=2026-07-09 | mode=offensive | targets=SPY:0.20|VBR:0.20|TLT:0.20|SHY:0.20|GLD:0.20,0a94bc0,857d1f4a
2026-07-09T17:32:19Z,NAV_UPDATE,golden_butterfly,date=2026-07-09 | gross_nav=2.793037 | net_nav=2.793037 | daily_return=0.008587,0a94bc0,857d1f4a
2026-07-09T17:32:35Z,SIGNAL_COLLECT,gtaa,date=2026-07-09 | mode=offensive | targets=SPY:0.25|EFA:0.25|VNQ:0.25|DBC:0.25,0a94bc0,857d1f4a
2026-07-09T17:32:35Z,NAV_UPDATE,gtaa,date=2026-07-09 | gross_nav=2.050338 | net_nav=2.050338 | daily_return=0.003342,0a94bc0,857d1f4a
2026-07-09T17:32:51Z,SIGNAL_COLLECT,ivy,date=2026-07-09 | mode=offensive | targets=VTI:0.25|EFA:0.25|VNQ:0.25|DBC:0.25,0a94bc0,857d1f4a
2026-07-09T17:32:51Z,NAV_UPDATE,ivy,date=2026-07-09 | gross_nav=2.029150 | net_nav=2.029150 | daily_return=0.003548,0a94bc0,857d1f4a
2026-07-09T17:33:10Z,SIGNAL_COLLECT,faa,date=2026-07-09 | mode=offensive | targets=SPY:0.33|VNQ:0.33|EEM:0.33,0a94bc0,857d1f4a
2026-07-09T17:33:10Z,NAV_UPDATE,faa,date=2026-07-09 | gross_nav=1.852832 | net_nav=1.852832 | daily_return=0.008922,0a94bc0,857d1f4a
2026-07-09T17:33:32Z,SIGNAL_COLLECT,eaa,date=2026-07-09 | mode=offensive | targets=VNQ:0.42|SPY:0.36|EEM:0.22,0a94bc0,857d1f4a
2026-07-09T17:33:32Z,NAV_UPDATE,eaa,date=2026-07-09 | gross_nav=1.216276 | net_nav=1.216276 | daily_return=0.008287,0a94bc0,857d1f4a
2026-07-09T17:33:48Z,SIGNAL_COLLECT,laa,date=2026-07-09 | mode=offensive | targets=QQQ:0.25|IWD:0.25|GLD:0.25|IEF:0.25,0a94bc0,857d1f4a
2026-07-09T17:33:49Z,NAV_UPDATE,laa,date=2026-07-09 | gross_nav=3.723113 | net_nav=3.723113 | daily_return=0.011298,0a94bc0,857d1f4a
2026-07-09T17:39:24Z,CIRCUIT_BREAKER,portfolio,date=2026-07-09 | state=defensive | current_dd=-0.4893 | threshold=-0.1800 | fallback=permanent,0a94bc0,857d1f4a
2026-07-09T17:39:25Z,ORDER_EXECUTE,portfolio,date=2026-07-09 | ticker=BIL | side=buy | qty=3.0 | price=0.00 | commission=0.0000,0a94bc0,857d1f4a
2026-07-10T17:17:10Z,SIGNAL_COLLECT,daa,date=2026-07-10 | mode=offensive | targets=QQQ:0.50|IWM:0.50,aee4711,857d1f4a
2026-07-10T17:17:10Z,NAV_UPDATE,daa,date=2026-07-10 | gross_nav=2.440662 | net_nav=2.440662 | daily_return=-0.002324,aee4711,857d1f4a
2026-07-10T17:17:29Z,SIGNAL_COLLECT,vaa,date=2026-07-10 | mode=offensive | targets=EEM:1.00,aee4711,857d1f4a
2026-07-10T17:17:29Z,NAV_UPDATE,vaa,date=2026-07-10 | gross_nav=2.074361 | net_nav=2.074361 | daily_return=0.000000,aee4711,857d1f4a
2026-07-10T17:18:10Z,SIGNAL_COLLECT,paa,date=2026-07-10 | mode=offensive | targets=SHY:0.33|QQQ:0.67,aee4711,857d1f4a
2026-07-10T17:18:10Z,NAV_UPDATE,paa,date=2026-07-10 | gross_nav=1.952876 | net_nav=1.952876 | daily_return=-0.004551,aee4711,857d1f4a
2026-07-10T17:18:47Z,SIGNAL_COLLECT,baa_g12,date=2026-07-10 | mode=offensive | targets=QQQ:1.00,aee4711,857d1f4a
2026-07-10T17:18:47Z,NAV_UPDATE,baa_g12,date=2026-07-10 | gross_nav=1.862533 | net_nav=1.862533 | daily_return=-0.005946,aee4711,857d1f4a
2026-07-10T17:19:07Z,SIGNAL_COLLECT,baa_g4,date=2026-07-10 | mode=offensive | targets=EEM:1.00,aee4711,857d1f4a
2026-07-10T17:19:07Z,NAV_UPDATE,baa_g4,date=2026-07-10 | gross_nav=2.171758 | net_nav=2.171758 | daily_return=0.000000,aee4711,857d1f4a
2026-07-10T17:19:15Z,SIGNAL_COLLECT,gem,date=2026-07-10 | mode=offensive | targets=SPY:1.00,aee4711,857d1f4a
2026-07-10T17:19:16Z,NAV_UPDATE,gem,date=2026-07-10 | gross_nav=3.184123 | net_nav=3.184123 | daily_return=0.002913,aee4711,857d1f4a
2026-07-10T17:19:35Z,SIGNAL_COLLECT,haa,date=2026-07-10 | mode=offensive | targets=EEM:1.00,aee4711,857d1f4a
2026-07-10T17:19:35Z,NAV_UPDATE,haa,date=2026-07-10 | gross_nav=2.199133 | net_nav=2.199133 | daily_return=0.000000,aee4711,857d1f4a
2026-07-10T17:19:46Z,SIGNAL_COLLECT,permanent,date=2026-07-10 | mode=offensive | targets=SPY:0.25|TLT:0.25|GLD:0.25|BIL:0.25,aee4711,857d1f4a
2026-07-10T17:19:46Z,NAV_UPDATE,permanent,date=2026-07-10 | gross_nav=2.522555 | net_nav=2.522555 | daily_return=-0.001181,aee4711,857d1f4a
2026-07-10T17:20:00Z,SIGNAL_COLLECT,all_weather,date=2026-07-10 | mode=offensive | targets=SPY:0.30|TLT:0.40|IEF:0.15|GLD:0.07|DBC:0.07,aee4711,857d1f4a
2026-07-10T17:20:01Z,NAV_UPDATE,all_weather,date=2026-07-10 | gross_nav=2.278125 | net_nav=2.278125 | daily_return=-0.001136,aee4711,857d1f4a
2026-07-10T17:20:14Z,SIGNAL_COLLECT,golden_butterfly,date=2026-07-10 | mode=offensive | targets=SPY:0.20|VBR:0.20|TLT:0.20|SHY:0.20|GLD:0.20,aee4711,857d1f4a
2026-07-10T17:20:14Z,NAV_UPDATE,golden_butterfly,date=2026-07-10 | gross_nav=2.790672 | net_nav=2.790672 | daily_return=-0.000847,aee4711,857d1f4a
2026-07-10T17:20:30Z,SIGNAL_COLLECT,gtaa,date=2026-07-10 | mode=offensive | targets=SPY:0.25|EFA:0.25|VNQ:0.25|DBC:0.25,aee4711,857d1f4a
2026-07-10T17:20:30Z,NAV_UPDATE,gtaa,date=2026-07-10 | gross_nav=2.048881 | net_nav=2.048881 | daily_return=-0.000711,aee4711,857d1f4a
2026-07-10T17:20:47Z,SIGNAL_COLLECT,ivy,date=2026-07-10 | mode=offensive | targets=VTI:0.25|EFA:0.25|VNQ:0.25|DBC:0.25,aee4711,857d1f4a
2026-07-10T17:20:47Z,NAV_UPDATE,ivy,date=2026-07-10 | gross_nav=2.027077 | net_nav=2.027077 | daily_return=-0.001022,aee4711,857d1f4a
2026-07-10T17:21:05Z,SIGNAL_COLLECT,faa,date=2026-07-10 | mode=offensive | targets=SPY:0.33|SHY:0.33|EEM:0.33,aee4711,857d1f4a
2026-07-10T17:21:06Z,NAV_UPDATE,faa,date=2026-07-10 | gross_nav=1.850765 | net_nav=1.850765 | daily_return=-0.001116,aee4711,857d1f4a
2026-07-10T17:21:27Z,SIGNAL_COLLECT,eaa,date=2026-07-10 | mode=offensive | targets=SPY:0.45|VNQ:0.28|EEM:0.26,aee4711,857d1f4a
2026-07-10T17:21:27Z,NAV_UPDATE,eaa,date=2026-07-10 | gross_nav=1.214344 | net_nav=1.214344 | daily_return=-0.001589,aee4711,857d1f4a
2026-07-10T17:21:44Z,SIGNAL_COLLECT,laa,date=2026-07-10 | mode=offensive | targets=QQQ:0.25|IWD:0.25|GLD:0.25|IEF:0.25,aee4711,857d1f4a
2026-07-10T17:21:44Z,NAV_UPDATE,laa,date=2026-07-10 | gross_nav=3.718753 | net_nav=3.718753 | daily_return=-0.001171,aee4711,857d1f4a
2026-07-10T17:27:19Z,CIRCUIT_BREAKER,portfolio,date=2026-07-10 | state=defensive | current_dd=-0.3056 | threshold=-0.1800 | fallback=permanent,aee4711,857d1f4a
2026-07-10T17:27:20Z,ORDER_EXECUTE,portfolio,date=2026-07-10 | ticker=BIL | side=buy | qty=3.0 | price=0.00 | commission=0.0000,aee4711,857d1f4a
2026-07-13T17:29:03Z,SIGNAL_COLLECT,daa,date=2026-07-13 | mode=defensive | targets=SHY:1.00,39c3da1,857d1f4a
2026-07-13T17:29:04Z,NAV_UPDATE,daa,date=2026-07-13 | gross_nav=2.409907 | net_nav=2.409907 | daily_return=-0.012601,39c3da1,857d1f4a
2026-07-13T17:29:22Z,SIGNAL_COLLECT,vaa,date=2026-07-13 | mode=defensive | targets=SHY:1.00,39c3da1,857d1f4a
2026-07-13T17:29:23Z,NAV_UPDATE,vaa,date=2026-07-13 | gross_nav=2.004916 | net_nav=2.004916 | daily_return=-0.033478,39c3da1,857d1f4a
2026-07-13T17:30:01Z,SIGNAL_COLLECT,paa,date=2026-07-13 | mode=offensive | targets=SHY:0.25|QQQ:0.75,39c3da1,857d1f4a
2026-07-13T17:30:01Z,NAV_UPDATE,paa,date=2026-07-13 | gross_nav=1.930602 | net_nav=1.930602 | daily_return=-0.011406,39c3da1,857d1f4a
2026-07-13T17:30:39Z,SIGNAL_COLLECT,baa_g12,date=2026-07-13 | mode=offensive | targets=QQQ:1.00,39c3da1,857d1f4a
2026-07-13T17:30:39Z,NAV_UPDATE,baa_g12,date=2026-07-13 | gross_nav=1.831579 | net_nav=1.831579 | daily_return=-0.016619,39c3da1,857d1f4a
2026-07-13T17:30:58Z,SIGNAL_COLLECT,baa_g4,date=2026-07-13 | mode=offensive | targets=SPY:1.00,39c3da1,857d1f4a
2026-07-13T17:30:59Z,NAV_UPDATE,baa_g4,date=2026-07-13 | gross_nav=2.099052 | net_nav=2.099052 | daily_return=-0.033478,39c3da1,857d1f4a
2026-07-13T17:31:07Z,SIGNAL_COLLECT,gem,date=2026-07-13 | mode=offensive | targets=SPY:1.00,39c3da1,857d1f4a
2026-07-13T17:31:07Z,NAV_UPDATE,gem,date=2026-07-13 | gross_nav=3.167060 | net_nav=3.167060 | daily_return=-0.005359,39c3da1,857d1f4a
2026-07-13T17:31:26Z,SIGNAL_COLLECT,haa,date=2026-07-13 | mode=offensive | targets=SPY:1.00,39c3da1,857d1f4a
2026-07-13T17:31:26Z,NAV_UPDATE,haa,date=2026-07-13 | gross_nav=2.125511 | net_nav=2.125511 | daily_return=-0.033478,39c3da1,857d1f4a
2026-07-13T17:31:37Z,SIGNAL_COLLECT,permanent,date=2026-07-13 | mode=offensive | targets=SPY:0.25|TLT:0.25|GLD:0.25|BIL:0.25,39c3da1,857d1f4a
2026-07-13T17:31:38Z,NAV_UPDATE,permanent,date=2026-07-13 | gross_nav=2.499764 | net_nav=2.499764 | daily_return=-0.009035,39c3da1,857d1f4a
2026-07-13T17:31:51Z,SIGNAL_COLLECT,all_weather,date=2026-07-13 | mode=offensive | targets=SPY:0.30|TLT:0.40|IEF:0.15|GLD:0.07|DBC:0.07,39c3da1,857d1f4a
2026-07-13T17:31:51Z,NAV_UPDATE,all_weather,date=2026-07-13 | gross_nav=2.268287 | net_nav=2.268287 | daily_return=-0.004318,39c3da1,857d1f4a
2026-07-13T17:32:05Z,SIGNAL_COLLECT,golden_butterfly,date=2026-07-13 | mode=offensive | targets=SPY:0.20|VBR:0.20|TLT:0.20|SHY:0.20|GLD:0.20,39c3da1,857d1f4a
2026-07-13T17:32:05Z,NAV_UPDATE,golden_butterfly,date=2026-07-13 | gross_nav=2.768766 | net_nav=2.768766 | daily_return=-0.007850,39c3da1,857d1f4a
2026-07-13T17:32:22Z,SIGNAL_COLLECT,gtaa,date=2026-07-13 | mode=offensive | targets=SPY:0.25|EFA:0.25|VNQ:0.25|DBC:0.25,39c3da1,857d1f4a
2026-07-13T17:32:22Z,NAV_UPDATE,gtaa,date=2026-07-13 | gross_nav=2.056256 | net_nav=2.056256 | daily_return=0.003600,39c3da1,857d1f4a
2026-07-13T17:32:39Z,SIGNAL_COLLECT,ivy,date=2026-07-13 | mode=offensive | targets=VTI:0.25|EFA:0.25|VNQ:0.25|DBC:0.25,39c3da1,857d1f4a
2026-07-13T17:32:39Z,NAV_UPDATE,ivy,date=2026-07-13 | gross_nav=2.034149 | net_nav=2.034149 | daily_return=0.003489,39c3da1,857d1f4a
2026-07-13T17:32:57Z,SIGNAL_COLLECT,faa,date=2026-07-13 | mode=offensive | targets=SPY:0.33|SHY:0.33|VNQ:0.33,39c3da1,857d1f4a
2026-07-13T17:32:57Z,NAV_UPDATE,faa,date=2026-07-13 | gross_nav=1.826206 | net_nav=1.826206 | daily_return=-0.013270,39c3da1,857d1f4a
2026-07-13T17:33:19Z,SIGNAL_COLLECT,eaa,date=2026-07-13 | mode=offensive | targets=SPY:0.46|VNQ:0.33|EFA:0.21,39c3da1,857d1f4a
2026-07-13T17:33:20Z,NAV_UPDATE,eaa,date=2026-07-13 | gross_nav=1.203385 | net_nav=1.203385 | daily_return=-0.009025,39c3da1,857d1f4a
2026-07-13T17:33:37Z,SIGNAL_COLLECT,laa,date=2026-07-13 | mode=offensive | targets=QQQ:0.25|IWD:0.25|GLD:0.25|IEF:0.25,39c3da1,857d1f4a
2026-07-13T17:33:37Z,NAV_UPDATE,laa,date=2026-07-13 | gross_nav=3.679938 | net_nav=3.679938 | daily_return=-0.010438,39c3da1,857d1f4a
2026-07-13T17:39:10Z,CIRCUIT_BREAKER,portfolio,date=2026-07-13 | state=defensive | current_dd=-0.3073 | threshold=-0.1800 | fallback=permanent,39c3da1,857d1f4a
2026-07-14T16:44:14Z,SIGNAL_COLLECT,daa,date=2026-07-14 | mode=defensive | targets=SHY:1.00,f330bd5,857d1f4a
2026-07-14T16:44:14Z,NAV_UPDATE,daa,date=2026-07-14 | gross_nav=2.412558 | net_nav=2.412558 | daily_return=0.001100,f330bd5,857d1f4a
2026-07-14T16:44:33Z,SIGNAL_COLLECT,vaa,date=2026-07-14 | mode=defensive | targets=SHY:1.00,f330bd5,857d1f4a
2026-07-14T16:44:34Z,NAV_UPDATE,vaa,date=2026-07-14 | gross_nav=2.007122 | net_nav=2.007122 | daily_return=0.001100,f330bd5,857d1f4a
2026-07-14T16:45:11Z,SIGNAL_COLLECT,paa,date=2026-07-14 | mode=offensive | targets=SHY:0.25|QQQ:0.75,f330bd5,857d1f4a
2026-07-14T16:45:11Z,NAV_UPDATE,paa,date=2026-07-14 | gross_nav=1.946242 | net_nav=1.946242 | daily_return=0.008101,f330bd5,857d1f4a
2026-07-14T16:45:49Z,SIGNAL_COLLECT,baa_g12,date=2026-07-14 | mode=offensive | targets=QQQ:1.00,f330bd5,857d1f4a
2026-07-14T16:45:49Z,NAV_UPDATE,baa_g12,date=2026-07-14 | gross_nav=1.850691 | net_nav=1.850691 | daily_return=0.010434,f330bd5,857d1f4a
2026-07-14T16:46:08Z,SIGNAL_COLLECT,baa_g4,date=2026-07-14 | mode=offensive | targets=SPY:1.00,f330bd5,857d1f4a
2026-07-14T16:46:08Z,NAV_UPDATE,baa_g4,date=2026-07-14 | gross_nav=2.104119 | net_nav=2.104119 | daily_return=0.002414,f330bd5,857d1f4a
2026-07-14T16:46:16Z,SIGNAL_COLLECT,gem,date=2026-07-14 | mode=offensive | targets=SPY:1.00,f330bd5,857d1f4a
2026-07-14T16:46:16Z,NAV_UPDATE,gem,date=2026-07-14 | gross_nav=3.174705 | net_nav=3.174705 | daily_return=0.002414,f330bd5,857d1f4a
2026-07-14T16:46:35Z,SIGNAL_COLLECT,haa,date=2026-07-14 | mode=offensive | targets=SPY:1.00,f330bd5,857d1f4a
2026-07-14T16:46:35Z,NAV_UPDATE,haa,date=2026-07-14 | gross_nav=2.130642 | net_nav=2.130642 | daily_return=0.002414,f330bd5,857d1f4a
2026-07-14T16:46:46Z,SIGNAL_COLLECT,permanent,date=2026-07-14 | mode=offensive | targets=SPY:0.25|TLT:0.25|GLD:0.25|BIL:0.25,f330bd5,857d1f4a
2026-07-14T16:46:46Z,NAV_UPDATE,permanent,date=2026-07-14 | gross_nav=2.512417 | net_nav=2.512417 | daily_return=0.005062,f330bd5,857d1f4a
2026-07-14T16:47:00Z,SIGNAL_COLLECT,all_weather,date=2026-07-14 | mode=offensive | targets=SPY:0.30|TLT:0.40|IEF:0.15|GLD:0.07|DBC:0.07,f330bd5,857d1f4a
2026-07-14T16:47:00Z,NAV_UPDATE,all_weather,date=2026-07-14 | gross_nav=2.277702 | net_nav=2.277702 | daily_return=0.004151,f330bd5,857d1f4a
2026-07-14T16:47:13Z,SIGNAL_COLLECT,golden_butterfly,date=2026-07-14 | mode=offensive | targets=SPY:0.20|VBR:0.20|TLT:0.20|SHY:0.20|GLD:0.20,f330bd5,857d1f4a
2026-07-14T16:47:14Z,NAV_UPDATE,golden_butterfly,date=2026-07-14 | gross_nav=2.780152 | net_nav=2.780152 | daily_return=0.004112,f330bd5,857d1f4a
2026-07-14T16:47:29Z,SIGNAL_COLLECT,gtaa,date=2026-07-14 | mode=offensive | targets=SPY:0.25|EFA:0.25|VNQ:0.25|DBC:0.25,f330bd5,857d1f4a
2026-07-14T16:47:30Z,NAV_UPDATE,gtaa,date=2026-07-14 | gross_nav=2.068498 | net_nav=2.068498 | daily_return=0.005953,f330bd5,857d1f4a
2026-07-14T16:47:46Z,SIGNAL_COLLECT,ivy,date=2026-07-14 | mode=offensive | targets=VTI:0.25|EFA:0.25|VNQ:0.25|DBC:0.25,f330bd5,857d1f4a
2026-07-14T16:47:46Z,NAV_UPDATE,ivy,date=2026-07-14 | gross_nav=2.046076 | net_nav=2.046076 | daily_return=0.005863,f330bd5,857d1f4a
2026-07-14T16:48:05Z,SIGNAL_COLLECT,faa,date=2026-07-14 | mode=offensive | targets=SPY:0.33|VNQ:0.33|DBC:0.33,f330bd5,857d1f4a
2026-07-14T16:48:05Z,NAV_UPDATE,faa,date=2026-07-14 | gross_nav=1.827783 | net_nav=1.827783 | daily_return=0.000864,f330bd5,857d1f4a
2026-07-14T16:48:26Z,SIGNAL_COLLECT,eaa,date=2026-07-14 | mode=offensive | targets=SPY:0.40|VNQ:0.33|DBC:0.28,f330bd5,857d1f4a
2026-07-14T16:48:27Z,NAV_UPDATE,eaa,date=2026-07-14 | gross_nav=1.206268 | net_nav=1.206268 | daily_return=0.002396,f330bd5,857d1f4a
2026-07-14T16:48:43Z,SIGNAL_COLLECT,laa,date=2026-07-14 | mode=offensive | targets=QQQ:0.25|IWD:0.25|GLD:0.25|IEF:0.25,f330bd5,857d1f4a
2026-07-14T16:48:43Z,NAV_UPDATE,laa,date=2026-07-14 | gross_nav=3.700470 | net_nav=3.700470 | daily_return=0.005579,f330bd5,857d1f4a
2026-07-14T16:54:13Z,ORDER_EXECUTE,portfolio,date=2026-07-14 | ticker=BIL | side=sell | qty=3.0 | price=0.00 | commission=0.0000,f330bd5,857d1f4a
2026-07-14T16:54:13Z,ORDER_EXECUTE,portfolio,date=2026-07-14 | ticker=GLDM | side=sell | qty=2.0 | price=0.00 | commission=0.0000,f330bd5,857d1f4a
2026-07-14T16:54:13Z,ORDER_EXECUTE,portfolio,date=2026-07-14 | ticker=TLT | side=sell | qty=3.0 | price=0.00 | commission=0.0000,f330bd5,857d1f4a
2026-07-14T16:54:13Z,ORDER_EXECUTE,portfolio,date=2026-07-14 | ticker=DBC | side=buy | qty=5.0 | price=0.00 | commission=0.0000,f330bd5,857d1f4a
2026-07-14T16:54:13Z,ORDER_EXECUTE,portfolio,date=2026-07-14 | ticker=EFA | side=buy | qty=1.0 | price=0.00 | commission=0.0000,f330bd5,857d1f4a
2026-07-14T16:54:13Z,ORDER_EXECUTE,portfolio,date=2026-07-14 | ticker=IEF | side=buy | qty=1.0 | price=0.00 | commission=0.0000,f330bd5,857d1f4a
2026-07-14T16:54:13Z,ORDER_EXECUTE,portfolio,date=2026-07-14 | ticker=VNQ | side=buy | qty=1.0 | price=0.00 | commission=0.0000,f330bd5,857d1f4a
2026-07-14T16:54:13Z,ORDER_EXECUTE,portfolio,date=2026-07-14 | ticker=SCHB | side=buy | qty=5.0 | price=0.00 | commission=0.0000,f330bd5,857d1f4a
2026-07-15T16:50:32Z,SIGNAL_COLLECT,daa,date=2026-07-15 | mode=defensive | targets=SHY:1.00,44b814b,857d1f4a
2026-07-15T16:50:33Z,NAV_UPDATE,daa,date=2026-07-15 | gross_nav=2.415504 | net_nav=2.415504 | daily_return=0.001221,44b814b,857d1f4a
2026-07-15T16:50:52Z,SIGNAL_COLLECT,vaa,date=2026-07-15 | mode=defensive | targets=SHY:1.00,44b814b,857d1f4a
2026-07-15T16:50:52Z,NAV_UPDATE,vaa,date=2026-07-15 | gross_nav=2.009573 | net_nav=2.009573 | daily_return=0.001221,44b814b,857d1f4a
2026-07-15T16:51:30Z,SIGNAL_COLLECT,paa,date=2026-07-15 | mode=offensive | targets=SHY:0.25|IWM:0.75,44b814b,857d1f4a
2026-07-15T16:51:30Z,NAV_UPDATE,paa,date=2026-07-15 | gross_nav=1.930790 | net_nav=1.930790 | daily_return=-0.007939,44b814b,857d1f4a
2026-07-15T16:52:07Z,SIGNAL_COLLECT,baa_g12,date=2026-07-15 | mode=offensive | targets=IWM:1.00,44b814b,857d1f4a
2026-07-15T16:52:08Z,NAV_UPDATE,baa_g12,date=2026-07-15 | gross_nav=1.830346 | net_nav=1.830346 | daily_return=-0.010993,44b814b,857d1f4a
2026-07-15T16:52:27Z,SIGNAL_COLLECT,baa_g4,date=2026-07-15 | mode=offensive | targets=SPY:1.00,44b814b,857d1f4a
2026-07-15T16:52:27Z,NAV_UPDATE,baa_g4,date=2026-07-15 | gross_nav=2.103811 | net_nav=2.103811 | daily_return=-0.000146,44b814b,857d1f4a
2026-07-15T16:52:35Z,SIGNAL_COLLECT,gem,date=2026-07-15 | mode=offensive | targets=SPY:1.00,44b814b,857d1f4a
2026-07-15T16:52:35Z,NAV_UPDATE,gem,date=2026-07-15 | gross_nav=3.174240 | net_nav=3.174240 | daily_return=-0.000146,44b814b,857d1f4a
2026-07-15T16:52:54Z,SIGNAL_COLLECT,haa,date=2026-07-15 | mode=offensive | targets=SPY:1.00,44b814b,857d1f4a
2026-07-15T16:52:54Z,NAV_UPDATE,haa,date=2026-07-15 | gross_nav=2.130330 | net_nav=2.130330 | daily_return=-0.000146,44b814b,857d1f4a
2026-07-15T16:53:06Z,SIGNAL_COLLECT,permanent,date=2026-07-15 | mode=offensive | targets=SPY:0.25|TLT:0.25|GLD:0.25|BIL:0.25,44b814b,857d1f4a
2026-07-15T16:53:06Z,NAV_UPDATE,permanent,date=2026-07-15 | gross_nav=2.509346 | net_nav=2.509346 | daily_return=-0.001222,44b814b,857d1f4a
2026-07-15T16:53:19Z,SIGNAL_COLLECT,all_weather,date=2026-07-15 | mode=offensive | targets=SPY:0.30|TLT:0.40|IEF:0.15|GLD:0.07|DBC:0.07,44b814b,857d1f4a
2026-07-15T16:53:19Z,NAV_UPDATE,all_weather,date=2026-07-15 | gross_nav=2.279179 | net_nav=2.279179 | daily_return=0.000648,44b814b,857d1f4a
2026-07-15T16:53:33Z,SIGNAL_COLLECT,golden_butterfly,date=2026-07-15 | mode=offensive | targets=SPY:0.20|VBR:0.20|TLT:0.20|SHY:0.20|GLD:0.20,44b814b,857d1f4a
2026-07-15T16:53:33Z,NAV_UPDATE,golden_butterfly,date=2026-07-15 | gross_nav=2.780109 | net_nav=2.780109 | daily_return=-0.000016,44b814b,857d1f4a
2026-07-15T16:53:50Z,SIGNAL_COLLECT,gtaa,date=2026-07-15 | mode=offensive | targets=SPY:0.25|EFA:0.25|VNQ:0.25|DBC:0.25,44b814b,857d1f4a
2026-07-15T16:53:51Z,NAV_UPDATE,gtaa,date=2026-07-15 | gross_nav=2.072243 | net_nav=2.072243 | daily_return=0.001811,44b814b,857d1f4a
2026-07-15T16:54:07Z,SIGNAL_COLLECT,ivy,date=2026-07-15 | mode=offensive | targets=VTI:0.25|EFA:0.25|VNQ:0.25|DBC:0.25,44b814b,857d1f4a
2026-07-15T16:54:08Z,NAV_UPDATE,ivy,date=2026-07-15 | gross_nav=2.050048 | net_nav=2.050048 | daily_return=0.001941,44b814b,857d1f4a
2026-07-15T16:54:27Z,SIGNAL_COLLECT,faa,date=2026-07-15 | mode=offensive | targets=SPY:0.33|DBC:0.33|VNQ:0.33,44b814b,857d1f4a
2026-07-15T16:54:27Z,NAV_UPDATE,faa,date=2026-07-15 | gross_nav=1.833189 | net_nav=1.833189 | daily_return=0.002958,44b814b,857d1f4a
2026-07-15T16:54:49Z,SIGNAL_COLLECT,eaa,date=2026-07-15 | mode=offensive | targets=SPY:0.35|DBC:0.34|VNQ:0.30,44b814b,857d1f4a
2026-07-15T16:54:49Z,NAV_UPDATE,eaa,date=2026-07-15 | gross_nav=1.209596 | net_nav=1.209596 | daily_return=0.002759,44b814b,857d1f4a
2026-07-15T16:55:06Z,SIGNAL_COLLECT,laa,date=2026-07-15 | mode=offensive | targets=QQQ:0.25|IWD:0.25|GLD:0.25|IEF:0.25,44b814b,857d1f4a
2026-07-15T16:55:06Z,NAV_UPDATE,laa,date=2026-07-15 | gross_nav=3.691435 | net_nav=3.691435 | daily_return=-0.002441,44b814b,857d1f4a
2026-07-15T17:00:37Z,CIRCUIT_BREAKER,portfolio,date=2026-07-15 | state=defensive | current_dd=-0.2575 | threshold=-0.1800 | fallback=permanent,44b814b,857d1f4a
2026-07-15T17:00:42Z,ORDER_EXECUTE,portfolio,date=2026-07-15 | ticker=DBC | side=sell | qty=5.0 | price=0.00 | commission=0.0000,44b814b,857d1f4a
2026-07-15T17:00:42Z,ORDER_EXECUTE,portfolio,date=2026-07-15 | ticker=EFA | side=sell | qty=1.0 | price=0.00 | commission=0.0000,44b814b,857d1f4a
2026-07-15T17:00:42Z,ORDER_EXECUTE,portfolio,date=2026-07-15 | ticker=IEF | side=sell | qty=1.0 | price=0.00 | commission=0.0000,44b814b,857d1f4a
2026-07-15T17:00:42Z,ORDER_EXECUTE,portfolio,date=2026-07-15 | ticker=VNQ | side=sell | qty=1.0 | price=0.00 | commission=0.0000,44b814b,857d1f4a
2026-07-15T17:00:42Z,ORDER_EXECUTE,portfolio,date=2026-07-15 | ticker=SCHB | side=sell | qty=5.0 | price=0.00 | commission=0.0000,44b814b,857d1f4a
2026-07-15T17:00:42Z,ORDER_EXECUTE,portfolio,date=2026-07-15 | ticker=BIL | side=buy | qty=3.0 | price=0.00 | commission=0.0000,44b814b,857d1f4a
2026-07-15T17:00:42Z,ORDER_EXECUTE,portfolio,date=2026-07-15 | ticker=GLDM | side=buy | qty=2.0 | price=0.00 | commission=0.0000,44b814b,857d1f4a
2026-07-15T17:00:42Z,ORDER_EXECUTE,portfolio,date=2026-07-15 | ticker=TLT | side=buy | qty=3.0 | price=0.00 | commission=0.0000,44b814b,857d1f4a
2026-07-16T16:48:13Z,SIGNAL_COLLECT,daa,date=2026-07-16 | mode=defensive | targets=SHY:1.00,ad2863e,857d1f4a
2026-07-16T16:48:13Z,NAV_UPDATE,daa,date=2026-07-16 | gross_nav=2.414620 | net_nav=2.414620 | daily_return=-0.000366,ad2863e,857d1f4a
2026-07-16T16:48:27Z,SIGNAL_COLLECT,vaa,date=2026-07-16 | mode=defensive | targets=SHY:1.00,ad2863e,857d1f4a
2026-07-16T16:48:27Z,NAV_UPDATE,vaa,date=2026-07-16 | gross_nav=2.008838 | net_nav=2.008838 | daily_return=-0.000366,ad2863e,857d1f4a
2026-07-16T16:48:55Z,SIGNAL_COLLECT,paa,date=2026-07-16 | mode=offensive | targets=SHY:0.33|IWM:0.67,ad2863e,857d1f4a
2026-07-16T16:48:55Z,NAV_UPDATE,paa,date=2026-07-16 | gross_nav=1.933509 | net_nav=1.933509 | daily_return=0.001408,ad2863e,857d1f4a
2026-07-16T16:49:22Z,SIGNAL_COLLECT,baa_g12,date=2026-07-16 | mode=defensive | targets=SHY:1.00,ad2863e,857d1f4a
2026-07-16T16:49:23Z,NAV_UPDATE,baa_g12,date=2026-07-16 | gross_nav=1.834006 | net_nav=1.834006 | daily_return=0.002000,ad2863e,857d1f4a
2026-07-16T16:49:37Z,SIGNAL_COLLECT,baa_g4,date=2026-07-16 | mode=defensive | targets=SHY:1.00,ad2863e,857d1f4a
2026-07-16T16:49:37Z,NAV_UPDATE,baa_g4,date=2026-07-16 | gross_nav=2.104567 | net_nav=2.104567 | daily_return=0.000359,ad2863e,857d1f4a
2026-07-16T16:49:43Z,SIGNAL_COLLECT,gem,date=2026-07-16 | mode=offensive | targets=SPY:1.00,ad2863e,857d1f4a
2026-07-16T16:49:43Z,NAV_UPDATE,gem,date=2026-07-16 | gross_nav=3.175380 | net_nav=3.175380 | daily_return=0.000359,ad2863e,857d1f4a
2026-07-16T16:49:57Z,SIGNAL_COLLECT,haa,date=2026-07-16 | mode=defensive | targets=SHY:1.00,ad2863e,857d1f4a
2026-07-16T16:49:57Z,NAV_UPDATE,haa,date=2026-07-16 | gross_nav=2.131095 | net_nav=2.131095 | daily_return=0.000359,ad2863e,857d1f4a
2026-07-16T16:50:06Z,SIGNAL_COLLECT,permanent,date=2026-07-16 | mode=offensive | targets=SPY:0.25|TLT:0.25|GLD:0.25|BIL:0.25,ad2863e,857d1f4a
2026-07-16T16:50:06Z,NAV_UPDATE,permanent,date=2026-07-16 | gross_nav=2.500268 | net_nav=2.500268 | daily_return=-0.003618,ad2863e,857d1f4a
2026-07-16T16:50:16Z,SIGNAL_COLLECT,all_weather,date=2026-07-16 | mode=offensive | targets=SPY:0.30|TLT:0.40|IEF:0.15|GLD:0.07|DBC:0.07,ad2863e,857d1f4a
2026-07-16T16:50:16Z,NAV_UPDATE,all_weather,date=2026-07-16 | gross_nav=2.273095 | net_nav=2.273095 | daily_return=-0.002669,ad2863e,857d1f4a
2026-07-16T16:50:26Z,SIGNAL_COLLECT,golden_butterfly,date=2026-07-16 | mode=offensive | targets=SPY:0.20|VBR:0.20|TLT:0.20|SHY:0.20|GLD:0.20,ad2863e,857d1f4a
2026-07-16T16:50:26Z,NAV_UPDATE,golden_butterfly,date=2026-07-16 | gross_nav=2.777967 | net_nav=2.777967 | daily_return=-0.000771,ad2863e,857d1f4a
2026-07-16T16:50:38Z,SIGNAL_COLLECT,gtaa,date=2026-07-16 | mode=offensive | targets=SPY:0.25|EFA:0.25|VNQ:0.25|DBC:0.25,ad2863e,857d1f4a
2026-07-16T16:50:38Z,NAV_UPDATE,gtaa,date=2026-07-16 | gross_nav=2.077852 | net_nav=2.077852 | daily_return=0.002707,ad2863e,857d1f4a
2026-07-16T16:50:50Z,SIGNAL_COLLECT,ivy,date=2026-07-16 | mode=offensive | targets=VTI:0.25|EFA:0.25|VNQ:0.25|DBC:0.25,ad2863e,857d1f4a
2026-07-16T16:50:51Z,NAV_UPDATE,ivy,date=2026-07-16 | gross_nav=2.055745 | net_nav=2.055745 | daily_return=0.002779,ad2863e,857d1f4a
2026-07-16T16:51:04Z,SIGNAL_COLLECT,faa,date=2026-07-16 | mode=offensive | targets=VNQ:0.33|DBC:0.33|SHY:0.33,ad2863e,857d1f4a
2026-07-16T16:51:04Z,NAV_UPDATE,faa,date=2026-07-16 | gross_nav=1.841156 | net_nav=1.841156 | daily_return=0.004346,ad2863e,857d1f4a
2026-07-16T16:51:20Z,SIGNAL_COLLECT,eaa,date=2026-07-16 | mode=offensive | targets=VNQ:0.44|DBC:0.32|SPY:0.23,ad2863e,857d1f4a
2026-07-16T16:51:20Z,NAV_UPDATE,eaa,date=2026-07-16 | gross_nav=1.214310 | net_nav=1.214310 | daily_return=0.003897,ad2863e,857d1f4a
2026-07-16T16:51:32Z,SIGNAL_COLLECT,laa,date=2026-07-16 | mode=offensive | targets=QQQ:0.25|IWD:0.25|GLD:0.25|IEF:0.25,ad2863e,857d1f4a
2026-07-16T16:51:33Z,NAV_UPDATE,laa,date=2026-07-16 | gross_nav=3.679481 | net_nav=3.679481 | daily_return=-0.003238,ad2863e,857d1f4a
2026-07-16T16:55:32Z,CIRCUIT_BREAKER,portfolio,date=2026-07-16 | state=defensive | current_dd=-0.4103 | threshold=-0.1800 | fallback=permanent,ad2863e,857d1f4a
2026-07-17T16:39:54Z,SIGNAL_COLLECT,daa,date=2026-07-17 | mode=defensive | targets=SHY:1.00,c97b854,857d1f4a
2026-07-17T16:39:54Z,NAV_UPDATE,daa,date=2026-07-17 | gross_nav=2.415504 | net_nav=2.415504 | daily_return=0.000366,c97b854,857d1f4a
2026-07-17T16:40:11Z,SIGNAL_COLLECT,vaa,date=2026-07-17 | mode=defensive | targets=SHY:1.00,c97b854,857d1f4a
2026-07-17T16:40:11Z,NAV_UPDATE,vaa,date=2026-07-17 | gross_nav=2.009573 | net_nav=2.009573 | daily_return=0.000366,c97b854,857d1f4a
2026-07-17T16:40:45Z,SIGNAL_COLLECT,paa,date=2026-07-17 | mode=offensive | targets=SHY:0.33|DBC:0.67,c97b854,857d1f4a
2026-07-17T16:40:45Z,NAV_UPDATE,paa,date=2026-07-17 | gross_nav=1.927160 | net_nav=1.927160 | daily_return=-0.003284,c97b854,857d1f4a
2026-07-17T16:41:17Z,SIGNAL_COLLECT,baa_g12,date=2026-07-17 | mode=defensive | targets=SHY:1.00,c97b854,857d1f4a
2026-07-17T16:41:17Z,NAV_UPDATE,baa_g12,date=2026-07-17 | gross_nav=1.834677 | net_nav=1.834677 | daily_return=0.000366,c97b854,857d1f4a
2026-07-17T16:41:33Z,SIGNAL_COLLECT,baa_g4,date=2026-07-17 | mode=defensive | targets=SHY:1.00,c97b854,857d1f4a
2026-07-17T16:41:33Z,NAV_UPDATE,baa_g4,date=2026-07-17 | gross_nav=2.105337 | net_nav=2.105337 | daily_return=0.000366,c97b854,857d1f4a
2026-07-17T16:41:40Z,SIGNAL_COLLECT,gem,date=2026-07-17 | mode=offensive | targets=EFA:1.00,c97b854,857d1f4a
2026-07-17T16:41:40Z,NAV_UPDATE,gem,date=2026-07-17 | gross_nav=3.150165 | net_nav=3.150165 | daily_return=-0.007941,c97b854,857d1f4a
2026-07-17T16:41:56Z,SIGNAL_COLLECT,haa,date=2026-07-17 | mode=defensive | targets=SHY:1.00,c97b854,857d1f4a
2026-07-17T16:41:56Z,NAV_UPDATE,haa,date=2026-07-17 | gross_nav=2.131875 | net_nav=2.131875 | daily_return=0.000366,c97b854,857d1f4a
2026-07-17T16:42:06Z,SIGNAL_COLLECT,permanent,date=2026-07-17 | mode=offensive | targets=SPY:0.25|TLT:0.25|GLD:0.25|BIL:0.25,c97b854,857d1f4a
2026-07-17T16:42:06Z,NAV_UPDATE,permanent,date=2026-07-17 | gross_nav=2.503634 | net_nav=2.503634 | daily_return=0.001346,c97b854,857d1f4a
2026-07-17T16:42:17Z,SIGNAL_COLLECT,all_weather,date=2026-07-17 | mode=offensive | targets=SPY:0.30|TLT:0.40|IEF:0.15|GLD:0.07|DBC:0.07,c97b854,857d1f4a
2026-07-17T16:42:18Z,NAV_UPDATE,all_weather,date=2026-07-17 | gross_nav=2.278598 | net_nav=2.278598 | daily_return=0.002421,c97b854,857d1f4a
2026-07-17T16:42:29Z,SIGNAL_COLLECT,golden_butterfly,date=2026-07-17 | mode=offensive | targets=SPY:0.20|VBR:0.20|TLT:0.20|SHY:0.20|GLD:0.20,c97b854,857d1f4a
2026-07-17T16:42:30Z,NAV_UPDATE,golden_butterfly,date=2026-07-17 | gross_nav=2.778329 | net_nav=2.778329 | daily_return=0.000130,c97b854,857d1f4a
2026-07-17T16:42:43Z,SIGNAL_COLLECT,gtaa,date=2026-07-17 | mode=offensive | targets=SPY:0.25|EFA:0.25|VNQ:0.25|DBC:0.25,c97b854,857d1f4a
2026-07-17T16:42:44Z,NAV_UPDATE,gtaa,date=2026-07-17 | gross_nav=2.081033 | net_nav=2.081033 | daily_return=0.001531,c97b854,857d1f4a
2026-07-17T16:42:57Z,SIGNAL_COLLECT,ivy,date=2026-07-17 | mode=offensive | targets=VTI:0.25|EFA:0.25|VNQ:0.25|DBC:0.25,c97b854,857d1f4a
2026-07-17T16:42:57Z,NAV_UPDATE,ivy,date=2026-07-17 | gross_nav=2.058918 | net_nav=2.058918 | daily_return=0.001543,c97b854,857d1f4a
2026-07-17T16:43:13Z,SIGNAL_COLLECT,faa,date=2026-07-17 | mode=offensive | targets=DBC:0.33|VNQ:0.33|SHY:0.33,c97b854,857d1f4a
2026-07-17T16:43:14Z,NAV_UPDATE,faa,date=2026-07-17 | gross_nav=1.852909 | net_nav=1.852909 | daily_return=0.006383,c97b854,857d1f4a
2026-07-17T16:43:32Z,SIGNAL_COLLECT,eaa,date=2026-07-17 | mode=offensive | targets=DBC:0.43|VNQ:0.38|SPY:0.18,c97b854,857d1f4a
2026-07-17T16:43:32Z,NAV_UPDATE,eaa,date=2026-07-17 | gross_nav=1.219864 | net_nav=1.219864 | daily_return=0.004574,c97b854,857d1f4a
2026-07-17T16:43:46Z,SIGNAL_COLLECT,laa,date=2026-07-17 | mode=offensive | targets=QQQ:0.25|IWD:0.25|GLD:0.25|IEF:0.25,c97b854,857d1f4a
2026-07-17T16:43:47Z,NAV_UPDATE,laa,date=2026-07-17 | gross_nav=3.674418 | net_nav=3.674418 | daily_return=-0.001376,c97b854,857d1f4a
2026-07-17T16:48:50Z,ORDER_EXECUTE,portfolio,date=2026-07-17 | ticker=BIL | side=sell | qty=3.0 | price=0.00 | commission=0.0000,c97b854,857d1f4a
2026-07-17T16:48:50Z,ORDER_EXECUTE,portfolio,date=2026-07-17 | ticker=GLDM | side=sell | qty=3.0 | price=0.00 | commission=0.0000,c97b854,857d1f4a
2026-07-17T16:48:50Z,ORDER_EXECUTE,portfolio,date=2026-07-17 | ticker=DBC | side=buy | qty=6.0 | price=0.00 | commission=0.0000,c97b854,857d1f4a
2026-07-17T16:48:50Z,ORDER_EXECUTE,portfolio,date=2026-07-17 | ticker=EFA | side=buy | qty=1.0 | price=0.00 | commission=0.0000,c97b854,857d1f4a
2026-07-17T16:48:50Z,ORDER_EXECUTE,portfolio,date=2026-07-17 | ticker=SCHR | side=buy | qty=3.0 | price=0.00 | commission=0.0000,c97b854,857d1f4a
2026-07-17T16:48:50Z,ORDER_EXECUTE,portfolio,date=2026-07-17 | ticker=VNQ | side=buy | qty=1.0 | price=0.00 | commission=0.0000,c97b854,857d1f4a
2026-07-17T16:48:50Z,ORDER_EXECUTE,portfolio,date=2026-07-17 | ticker=SCHB | side=buy | qty=5.0 | price=0.00 | commission=0.0000,c97b854,857d1f4a
2026-07-20T16:53:38Z,SIGNAL_COLLECT,daa,date=2026-07-20 | mode=defensive | targets=SHY:1.00,ab40a41,857d1f4a
2026-07-20T16:53:38Z,NAV_UPDATE,daa,date=2026-07-20 | gross_nav=2.413147 | net_nav=2.413147 | daily_return=-0.000976,ab40a41,857d1f4a
2026-07-20T16:53:53Z,SIGNAL_COLLECT,vaa,date=2026-07-20 | mode=defensive | targets=SHY:1.00,ab40a41,857d1f4a
2026-07-20T16:53:53Z,NAV_UPDATE,vaa,date=2026-07-20 | gross_nav=2.007612 | net_nav=2.007612 | daily_return=-0.000976,ab40a41,857d1f4a
2026-07-20T16:54:20Z,SIGNAL_COLLECT,paa,date=2026-07-20 | mode=offensive | targets=SHY:0.33|DBC:0.67,ab40a41,857d1f4a
2026-07-20T16:54:21Z,NAV_UPDATE,paa,date=2026-07-20 | gross_nav=1.929637 | net_nav=1.929637 | daily_return=0.001285,ab40a41,857d1f4a
2026-07-20T16:54:47Z,SIGNAL_COLLECT,baa_g12,date=2026-07-20 | mode=defensive | targets=SHY:1.00,ab40a41,857d1f4a
2026-07-20T16:54:48Z,NAV_UPDATE,baa_g12,date=2026-07-20 | gross_nav=1.832887 | net_nav=1.832887 | daily_return=-0.000976,ab40a41,857d1f4a
2026-07-20T16:55:02Z,SIGNAL_COLLECT,baa_g4,date=2026-07-20 | mode=defensive | targets=SHY:1.00,ab40a41,857d1f4a
2026-07-20T16:55:02Z,NAV_UPDATE,baa_g4,date=2026-07-20 | gross_nav=2.103283 | net_nav=2.103283 | daily_return=-0.000976,ab40a41,857d1f4a
2026-07-20T16:55:08Z,SIGNAL_COLLECT,gem,date=2026-07-20 | mode=offensive | targets=EFA:1.00,ab40a41,857d1f4a
2026-07-20T16:55:08Z,NAV_UPDATE,gem,date=2026-07-20 | gross_nav=3.140103 | net_nav=3.140103 | daily_return=-0.003194,ab40a41,857d1f4a
2026-07-20T16:55:22Z,SIGNAL_COLLECT,haa,date=2026-07-20 | mode=defensive | targets=SHY:1.00,ab40a41,857d1f4a
2026-07-20T16:55:22Z,NAV_UPDATE,haa,date=2026-07-20 | gross_nav=2.129795 | net_nav=2.129795 | daily_return=-0.000976,ab40a41,857d1f4a
2026-07-20T16:55:30Z,SIGNAL_COLLECT,permanent,date=2026-07-20 | mode=offensive | targets=SPY:0.25|TLT:0.25|GLD:0.25|BIL:0.25,ab40a41,857d1f4a
2026-07-20T16:55:30Z,NAV_UPDATE,permanent,date=2026-07-20 | gross_nav=2.497106 | net_nav=2.497106 | daily_return=-0.002607,ab40a41,857d1f4a
2026-07-20T16:55:40Z,SIGNAL_COLLECT,all_weather,date=2026-07-20 | mode=offensive | targets=SPY:0.30|TLT:0.40|IEF:0.15|GLD:0.07|DBC:0.07,ab40a41,857d1f4a
2026-07-20T16:55:40Z,NAV_UPDATE,all_weather,date=2026-07-20 | gross_nav=2.269369 | net_nav=2.269369 | daily_return=-0.004050,ab40a41,857d1f4a
2026-07-20T16:55:50Z,SIGNAL_COLLECT,golden_butterfly,date=2026-07-20 | mode=offensive | targets=SPY:0.20|VBR:0.20|TLT:0.20|SHY:0.20|GLD:0.20,ab40a41,857d1f4a
2026-07-20T16:55:50Z,NAV_UPDATE,golden_butterfly,date=2026-07-20 | gross_nav=2.770079 | net_nav=2.770079 | daily_return=-0.002969,ab40a41,857d1f4a
2026-07-20T16:56:02Z,SIGNAL_COLLECT,gtaa,date=2026-07-20 | mode=offensive | targets=SPY:0.25|EFA:0.25|VNQ:0.25|DBC:0.25,ab40a41,857d1f4a
2026-07-20T16:56:03Z,NAV_UPDATE,gtaa,date=2026-07-20 | gross_nav=2.077501 | net_nav=2.077501 | daily_return=-0.001697,ab40a41,857d1f4a
2026-07-20T16:56:15Z,SIGNAL_COLLECT,ivy,date=2026-07-20 | mode=offensive | targets=VTI:0.25|EFA:0.25|VNQ:0.25|DBC:0.25,ab40a41,857d1f4a
2026-07-20T16:56:15Z,NAV_UPDATE,ivy,date=2026-07-20 | gross_nav=2.055119 | net_nav=2.055119 | daily_return=-0.001845,ab40a41,857d1f4a
2026-07-20T16:56:29Z,SIGNAL_COLLECT,faa,date=2026-07-20 | mode=offensive | targets=DBC:0.33|VNQ:0.33|SHY:0.33,ab40a41,857d1f4a
2026-07-20T16:56:29Z,NAV_UPDATE,faa,date=2026-07-20 | gross_nav=1.850459 | net_nav=1.850459 | daily_return=-0.001322,ab40a41,857d1f4a
2026-07-20T16:56:45Z,SIGNAL_COLLECT,eaa,date=2026-07-20 | mode=offensive | targets=DBC:0.45|VNQ:0.38|SPY:0.17,ab40a41,857d1f4a
2026-07-20T16:56:45Z,NAV_UPDATE,eaa,date=2026-07-20 | gross_nav=1.218495 | net_nav=1.218495 | daily_return=-0.001123,ab40a41,857d1f4a
2026-07-20T16:56:57Z,SIGNAL_COLLECT,laa,date=2026-07-20 | mode=offensive | targets=QQQ:0.25|IWD:0.25|GLD:0.25|IEF:0.25,ab40a41,857d1f4a
2026-07-20T16:56:57Z,NAV_UPDATE,laa,date=2026-07-20 | gross_nav=3.668262 | net_nav=3.668262 | daily_return=-0.001675,ab40a41,857d1f4a
2026-07-20T17:00:58Z,CIRCUIT_BREAKER,portfolio,date=2026-07-20 | state=defensive | current_dd=-0.3638 | threshold=-0.1800 | fallback=permanent,ab40a41,857d1f4a
2026-07-20T17:01:02Z,ORDER_EXECUTE,portfolio,date=2026-07-20 | ticker=DBC | side=sell | qty=6.0 | price=0.00 | commission=0.0000,ab40a41,857d1f4a
2026-07-20T17:01:02Z,ORDER_EXECUTE,portfolio,date=2026-07-20 | ticker=EFA | side=sell | qty=1.0 | price=0.00 | commission=0.0000,ab40a41,857d1f4a
2026-07-20T17:01:02Z,ORDER_EXECUTE,portfolio,date=2026-07-20 | ticker=VNQ | side=sell | qty=1.0 | price=0.00 | commission=0.0000,ab40a41,857d1f4a
2026-07-20T17:01:02Z,ORDER_EXECUTE,portfolio,date=2026-07-20 | ticker=SCHB | side=sell | qty=5.0 | price=0.00 | commission=0.0000,ab40a41,857d1f4a
2026-07-20T17:01:02Z,ORDER_EXECUTE,portfolio,date=2026-07-20 | ticker=BIL | side=buy | qty=3.0 | price=0.00 | commission=0.0000,ab40a41,857d1f4a
2026-07-20T17:01:02Z,ORDER_EXECUTE,portfolio,date=2026-07-20 | ticker=GLDM | side=buy | qty=3.0 | price=0.00 | commission=0.0000,ab40a41,857d1f4a
2026-07-21T16:53:53Z,SIGNAL_COLLECT,daa,date=2026-07-21 | mode=defensive | targets=SHY:1.00,65f41a8,857d1f4a
2026-07-21T16:53:53Z,NAV_UPDATE,daa,date=2026-07-21 | gross_nav=2.412558 | net_nav=2.412558 | daily_return=-0.000244,65f41a8,857d1f4a
2026-07-21T16:54:12Z,SIGNAL_COLLECT,vaa,date=2026-07-21 | mode=defensive | targets=SHY:1.00,65f41a8,857d1f4a
2026-07-21T16:54:13Z,NAV_UPDATE,vaa,date=2026-07-21 | gross_nav=2.007122 | net_nav=2.007122 | daily_return=-0.000244,65f41a8,857d1f4a
2026-07-21T16:54:51Z,SIGNAL_COLLECT,paa,date=2026-07-21 | mode=offensive | targets=SHY:0.33|DBC:0.67,65f41a8,857d1f4a
2026-07-21T16:54:51Z,NAV_UPDATE,paa,date=2026-07-21 | gross_nav=1.951623 | net_nav=1.951623 | daily_return=0.011394,65f41a8,857d1f4a
2026-07-21T16:55:30Z,SIGNAL_COLLECT,baa_g12,date=2026-07-21 | mode=defensive | targets=SHY:1.00,65f41a8,857d1f4a
2026-07-21T16:55:30Z,NAV_UPDATE,baa_g12,date=2026-07-21 | gross_nav=1.832440 | net_nav=1.832440 | daily_return=-0.000244,65f41a8,857d1f4a
2026-07-21T16:55:49Z,SIGNAL_COLLECT,baa_g4,date=2026-07-21 | mode=defensive | targets=SHY:1.00,65f41a8,857d1f4a
2026-07-21T16:55:49Z,NAV_UPDATE,baa_g4,date=2026-07-21 | gross_nav=2.102770 | net_nav=2.102770 | daily_return=-0.000244,65f41a8,857d1f4a
2026-07-21T16:55:57Z,SIGNAL_COLLECT,gem,date=2026-07-21 | mode=offensive | targets=EFA:1.00,65f41a8,857d1f4a
2026-07-21T16:55:57Z,NAV_UPDATE,gem,date=2026-07-21 | gross_nav=3.176694 | net_nav=3.176694 | daily_return=0.011653,65f41a8,857d1f4a
2026-07-21T16:56:17Z,SIGNAL_COLLECT,haa,date=2026-07-21 | mode=defensive | targets=SHY:1.00,65f41a8,857d1f4a
2026-07-21T16:56:17Z,NAV_UPDATE,haa,date=2026-07-21 | gross_nav=2.129275 | net_nav=2.129275 | daily_return=-0.000244,65f41a8,857d1f4a
2026-07-21T16:56:28Z,SIGNAL_COLLECT,permanent,date=2026-07-21 | mode=offensive | targets=SPY:0.25|TLT:0.25|GLD:0.25|BIL:0.25,65f41a8,857d1f4a
2026-07-21T16:56:29Z,NAV_UPDATE,permanent,date=2026-07-21 | gross_nav=2.508506 | net_nav=2.508506 | daily_return=0.004565,65f41a8,857d1f4a
2026-07-21T16:56:42Z,SIGNAL_COLLECT,all_weather,date=2026-07-21 | mode=offensive | targets=SPY:0.30|TLT:0.40|IEF:0.15|GLD:0.07|DBC:0.07,65f41a8,857d1f4a
2026-07-21T16:56:42Z,NAV_UPDATE,all_weather,date=2026-07-21 | gross_nav=2.275434 | net_nav=2.275434 | daily_return=0.002672,65f41a8,857d1f4a
2026-07-21T16:56:56Z,SIGNAL_COLLECT,golden_butterfly,date=2026-07-21 | mode=offensive | targets=SPY:0.20|VBR:0.20|TLT:0.20|SHY:0.20|GLD:0.20,65f41a8,857d1f4a
2026-07-21T16:56:57Z,NAV_UPDATE,golden_butterfly,date=2026-07-21 | gross_nav=2.780767 | net_nav=2.780767 | daily_return=0.003858,65f41a8,857d1f4a
2026-07-21T16:57:13Z,SIGNAL_COLLECT,gtaa,date=2026-07-21 | mode=offensive | targets=SPY:0.25|EFA:0.25|VNQ:0.25|DBC:0.25,65f41a8,857d1f4a
2026-07-21T16:57:13Z,NAV_UPDATE,gtaa,date=2026-07-21 | gross_nav=2.096224 | net_nav=2.096224 | daily_return=0.009012,65f41a8,857d1f4a
2026-07-21T16:57:30Z,SIGNAL_COLLECT,ivy,date=2026-07-21 | mode=offensive | targets=VTI:0.25|EFA:0.25|VNQ:0.25|DBC:0.25,65f41a8,857d1f4a
2026-07-21T16:57:30Z,NAV_UPDATE,ivy,date=2026-07-21 | gross_nav=2.073840 | net_nav=2.073840 | daily_return=0.009109,65f41a8,857d1f4a
2026-07-21T16:57:48Z,SIGNAL_COLLECT,faa,date=2026-07-21 | mode=offensive | targets=DBC:0.33|VNQ:0.33|SHY:0.33,65f41a8,857d1f4a
2026-07-21T16:57:49Z,NAV_UPDATE,faa,date=2026-07-21 | gross_nav=1.862476 | net_nav=1.862476 | daily_return=0.006494,65f41a8,857d1f4a
2026-07-21T16:58:10Z,SIGNAL_COLLECT,eaa,date=2026-07-21 | mode=offensive | targets=DBC:0.50|VNQ:0.34|SPY:0.15,65f41a8,857d1f4a
2026-07-21T16:58:10Z,NAV_UPDATE,eaa,date=2026-07-21 | gross_nav=1.230145 | net_nav=1.230145 | daily_return=0.009561,65f41a8,857d1f4a
2026-07-21T16:58:28Z,SIGNAL_COLLECT,laa,date=2026-07-21 | mode=offensive | targets=QQQ:0.25|IWD:0.25|GLD:0.25|IEF:0.25,65f41a8,857d1f4a
2026-07-21T16:58:28Z,NAV_UPDATE,laa,date=2026-07-21 | gross_nav=3.692517 | net_nav=3.692517 | daily_return=0.006612,65f41a8,857d1f4a
2026-07-21T17:04:01Z,CIRCUIT_BREAKER,portfolio,date=2026-07-21 | state=defensive | current_dd=-0.4844 | threshold=-0.1800 | fallback=permanent,65f41a8,857d1f4a
2026-07-21T17:04:01Z,ORDER_EXECUTE,portfolio,date=2026-07-21 | ticker=BIL | side=buy | qty=3.0 | price=0.00 | commission=0.0000,65f41a8,857d1f4a
2026-07-22T16:55:30Z,SIGNAL_COLLECT,daa,date=2026-07-22 | mode=defensive | targets=SHY:1.00,ae38efb,857d1f4a
2026-07-22T16:55:31Z,NAV_UPDATE,daa,date=2026-07-22 | gross_nav=2.410791 | net_nav=2.410791 | daily_return=-0.000733,ae38efb,857d1f4a
2026-07-22T16:55:48Z,SIGNAL_COLLECT,vaa,date=2026-07-22 | mode=defensive | targets=SHY:1.00,ae38efb,857d1f4a
2026-07-22T16:55:48Z,NAV_UPDATE,vaa,date=2026-07-22 | gross_nav=2.005652 | net_nav=2.005652 | daily_return=-0.000733,ae38efb,857d1f4a
2026-07-22T16:56:22Z,SIGNAL_COLLECT,paa,date=2026-07-22 | mode=offensive | targets=SHY:0.33|DBC:0.67,ae38efb,857d1f4a
2026-07-22T16:56:22Z,NAV_UPDATE,paa,date=2026-07-22 | gross_nav=1.963916 | net_nav=1.963916 | daily_return=0.006299,ae38efb,857d1f4a
2026-07-22T16:56:54Z,SIGNAL_COLLECT,baa_g12,date=2026-07-22 | mode=defensive | targets=SHY:1.00,ae38efb,857d1f4a
2026-07-22T16:56:54Z,NAV_UPDATE,baa_g12,date=2026-07-22 | gross_nav=1.831098 | net_nav=1.831098 | daily_return=-0.000733,ae38efb,857d1f4a
2026-07-22T16:57:11Z,SIGNAL_COLLECT,baa_g4,date=2026-07-22 | mode=defensive | targets=SHY:1.00,ae38efb,857d1f4a
2026-07-22T16:57:11Z,NAV_UPDATE,baa_g4,date=2026-07-22 | gross_nav=2.101230 | net_nav=2.101230 | daily_return=-0.000733,ae38efb,857d1f4a
2026-07-22T16:57:18Z,SIGNAL_COLLECT,gem,date=2026-07-22 | mode=offensive | targets=EFA:1.00,ae38efb,857d1f4a
2026-07-22T16:57:18Z,NAV_UPDATE,gem,date=2026-07-22 | gross_nav=3.185842 | net_nav=3.185842 | daily_return=0.002880,ae38efb,857d1f4a
2026-07-22T16:57:35Z,SIGNAL_COLLECT,haa,date=2026-07-22 | mode=defensive | targets=SHY:1.00,ae38efb,857d1f4a
2026-07-22T16:57:35Z,NAV_UPDATE,haa,date=2026-07-22 | gross_nav=2.127715 | net_nav=2.127715 | daily_return=-0.000733,ae38efb,857d1f4a
2026-07-22T16:57:45Z,SIGNAL_COLLECT,permanent,date=2026-07-22 | mode=offensive | targets=SPY:0.25|TLT:0.25|GLD:0.25|BIL:0.25,ae38efb,857d1f4a
2026-07-22T16:57:45Z,NAV_UPDATE,permanent,date=2026-07-22 | gross_nav=2.520065 | net_nav=2.520065 | daily_return=0.004608,ae38efb,857d1f4a
2026-07-22T16:57:57Z,SIGNAL_COLLECT,all_weather,date=2026-07-22 | mode=offensive | targets=SPY:0.30|TLT:0.40|IEF:0.15|GLD:0.07|DBC:0.07,ae38efb,857d1f4a
2026-07-22T16:57:57Z,NAV_UPDATE,all_weather,date=2026-07-22 | gross_nav=2.279619 | net_nav=2.279619 | daily_return=0.001839,ae38efb,857d1f4a
2026-07-22T16:58:09Z,SIGNAL_COLLECT,golden_butterfly,date=2026-07-22 | mode=offensive | targets=SPY:0.20|VBR:0.20|TLT:0.20|SHY:0.20|GLD:0.20,ae38efb,857d1f4a
2026-07-22T16:58:09Z,NAV_UPDATE,golden_butterfly,date=2026-07-22 | gross_nav=2.791837 | net_nav=2.791837 | daily_return=0.003981,ae38efb,857d1f4a
2026-07-22T16:58:22Z,SIGNAL_COLLECT,gtaa,date=2026-07-22 | mode=offensive | targets=SPY:0.25|EFA:0.25|VNQ:0.25|DBC:0.25,ae38efb,857d1f4a
2026-07-22T16:58:23Z,NAV_UPDATE,gtaa,date=2026-07-22 | gross_nav=2.100805 | net_nav=2.100805 | daily_return=0.002185,ae38efb,857d1f4a
2026-07-22T16:58:37Z,SIGNAL_COLLECT,ivy,date=2026-07-22 | mode=offensive | targets=VTI:0.25|EFA:0.25|VNQ:0.25|DBC:0.25,ae38efb,857d1f4a
2026-07-22T16:58:37Z,NAV_UPDATE,ivy,date=2026-07-22 | gross_nav=2.078357 | net_nav=2.078357 | daily_return=0.002178,ae38efb,857d1f4a
2026-07-22T16:58:53Z,SIGNAL_COLLECT,faa,date=2026-07-22 | mode=offensive | targets=DBC:0.33|VNQ:0.33|SHY:0.33,ae38efb,857d1f4a
2026-07-22T16:58:54Z,NAV_UPDATE,faa,date=2026-07-22 | gross_nav=1.865121 | net_nav=1.865121 | daily_return=0.001420,ae38efb,857d1f4a
2026-07-22T16:59:12Z,SIGNAL_COLLECT,eaa,date=2026-07-22 | mode=offensive | targets=DBC:0.53|VNQ:0.30|SPY:0.18,ae38efb,857d1f4a
2026-07-22T16:59:13Z,NAV_UPDATE,eaa,date=2026-07-22 | gross_nav=1.234321 | net_nav=1.234321 | daily_return=0.003395,ae38efb,857d1f4a
2026-07-22T16:59:27Z,SIGNAL_COLLECT,laa,date=2026-07-22 | mode=offensive | targets=QQQ:0.25|IWD:0.25|GLD:0.25|IEF:0.25,ae38efb,857d1f4a
2026-07-22T16:59:28Z,NAV_UPDATE,laa,date=2026-07-22 | gross_nav=3.706883 | net_nav=3.706883 | daily_return=0.003891,ae38efb,857d1f4a
2026-07-22T17:04:17Z,CIRCUIT_BREAKER,portfolio,date=2026-07-22 | state=defensive | current_dd=-0.3121 | threshold=-0.1800 | fallback=permanent,ae38efb,857d1f4a
2026-07-22T17:04:18Z,ORDER_EXECUTE,portfolio,date=2026-07-22 | ticker=BIL | side=buy | qty=3.0 | price=0.00 | commission=0.0000,ae38efb,857d1f4a
2026-07-23T16:56:33Z,SIGNAL_COLLECT,daa,date=2026-07-23 | mode=defensive | targets=SHY:1.00,f13946b,857d1f4a
2026-07-23T16:56:33Z,NAV_UPDATE,daa,date=2026-07-23 | gross_nav=2.409024 | net_nav=2.409024 | daily_return=-0.000733,f13946b,857d1f4a
2026-07-23T16:56:52Z,SIGNAL_COLLECT,vaa,date=2026-07-23 | mode=defensive | targets=SHY:1.00,f13946b,857d1f4a
2026-07-23T16:56:53Z,NAV_UPDATE,vaa,date=2026-07-23 | gross_nav=2.004182 | net_nav=2.004182 | daily_return=-0.000733,f13946b,857d1f4a
2026-07-23T16:57:31Z,SIGNAL_COLLECT,paa,date=2026-07-23 | mode=offensive | targets=SHY:0.25|DBC:0.75,f13946b,857d1f4a
2026-07-23T16:57:31Z,NAV_UPDATE,paa,date=2026-07-23 | gross_nav=1.990202 | net_nav=1.990202 | daily_return=0.013385,f13946b,857d1f4a
2026-07-23T16:58:09Z,SIGNAL_COLLECT,baa_g12,date=2026-07-23 | mode=offensive | targets=DBC:1.00,f13946b,857d1f4a
2026-07-23T16:58:09Z,NAV_UPDATE,baa_g12,date=2026-07-23 | gross_nav=1.829756 | net_nav=1.829756 | daily_return=-0.000733,f13946b,857d1f4a
2026-07-23T16:58:29Z,SIGNAL_COLLECT,baa_g4,date=2026-07-23 | mode=offensive | targets=SPY:1.00,f13946b,857d1f4a
2026-07-23T16:58:29Z,NAV_UPDATE,baa_g4,date=2026-07-23 | gross_nav=2.099690 | net_nav=2.099690 | daily_return=-0.000733,f13946b,857d1f4a
2026-07-23T16:58:38Z,SIGNAL_COLLECT,gem,date=2026-07-23 | mode=offensive | targets=EFA:1.00,f13946b,857d1f4a
2026-07-23T16:58:38Z,NAV_UPDATE,gem,date=2026-07-23 | gross_nav=3.138274 | net_nav=3.138274 | daily_return=-0.014931,f13946b,857d1f4a
2026-07-23T16:58:58Z,SIGNAL_COLLECT,haa,date=2026-07-23 | mode=offensive | targets=SPY:1.00,f13946b,857d1f4a
2026-07-23T16:58:58Z,NAV_UPDATE,haa,date=2026-07-23 | gross_nav=2.126155 | net_nav=2.126155 | daily_return=-0.000733,f13946b,857d1f4a
2026-07-23T16:59:10Z,SIGNAL_COLLECT,permanent,date=2026-07-23 | mode=offensive | targets=SPY:0.25|TLT:0.25|GLD:0.25|BIL:0.25,f13946b,857d1f4a
2026-07-23T16:59:10Z,NAV_UPDATE,permanent,date=2026-07-23 | gross_nav=2.492503 | net_nav=2.492503 | daily_return=-0.010937,f13946b,857d1f4a
2026-07-23T16:59:24Z,SIGNAL_COLLECT,all_weather,date=2026-07-23 | mode=offensive | targets=SPY:0.30|TLT:0.40|IEF:0.15|GLD:0.07|DBC:0.07,f13946b,857d1f4a
2026-07-23T16:59:24Z,NAV_UPDATE,all_weather,date=2026-07-23 | gross_nav=2.262830 | net_nav=2.262830 | daily_return=-0.007365,f13946b,857d1f4a
2026-07-23T16:59:38Z,SIGNAL_COLLECT,golden_butterfly,date=2026-07-23 | mode=offensive | targets=SPY:0.20|VBR:0.20|TLT:0.20|SHY:0.20|GLD:0.20,f13946b,857d1f4a
2026-07-23T16:59:39Z,NAV_UPDATE,golden_butterfly,date=2026-07-23 | gross_nav=2.761944 | net_nav=2.761944 | daily_return=-0.010707,f13946b,857d1f4a
2026-07-23T16:59:54Z,SIGNAL_COLLECT,gtaa,date=2026-07-23 | mode=offensive | targets=SPY:0.25|EFA:0.25|VNQ:0.25|DBC:0.25,f13946b,857d1f4a
2026-07-23T16:59:55Z,NAV_UPDATE,gtaa,date=2026-07-23 | gross_nav=2.094210 | net_nav=2.094210 | daily_return=-0.003139,f13946b,857d1f4a
2026-07-23T17:00:12Z,SIGNAL_COLLECT,ivy,date=2026-07-23 | mode=offensive | targets=VTI:0.25|EFA:0.25|VNQ:0.25|DBC:0.25,f13946b,857d1f4a
2026-07-23T17:00:12Z,NAV_UPDATE,ivy,date=2026-07-23 | gross_nav=2.072203 | net_nav=2.072203 | daily_return=-0.002961,f13946b,857d1f4a
2026-07-23T17:00:31Z,SIGNAL_COLLECT,faa,date=2026-07-23 | mode=offensive | targets=DBC:0.33|VNQ:0.33|SPY:0.33,f13946b,857d1f4a
2026-07-23T17:00:31Z,NAV_UPDATE,faa,date=2026-07-23 | gross_nav=1.875554 | net_nav=1.875554 | daily_return=0.005594,f13946b,857d1f4a
2026-07-23T17:00:53Z,SIGNAL_COLLECT,eaa,date=2026-07-23 | mode=offensive | targets=DBC:0.64|VNQ:0.23|SPY:0.13,f13946b,857d1f4a
2026-07-23T17:00:53Z,NAV_UPDATE,eaa,date=2026-07-23 | gross_nav=1.243270 | net_nav=1.243270 | daily_return=0.007250,f13946b,857d1f4a
2026-07-23T17:01:10Z,SIGNAL_COLLECT,laa,date=2026-07-23 | mode=offensive | targets=QQQ:0.25|IWD:0.25|GLD:0.25|IEF:0.25,f13946b,857d1f4a
2026-07-23T17:01:10Z,NAV_UPDATE,laa,date=2026-07-23 | gross_nav=3.654366 | net_nav=3.654366 | daily_return=-0.014167,f13946b,857d1f4a
2026-07-23T17:06:49Z,CIRCUIT_BREAKER,portfolio,date=2026-07-23 | state=defensive | current_dd=-0.3092 | threshold=-0.1800 | fallback=permanent,f13946b,857d1f4a
2026-07-23T17:06:50Z,ORDER_EXECUTE,portfolio,date=2026-07-23 | ticker=BIL | side=buy | qty=3.0 | price=0.00 | commission=0.0000,f13946b,857d1f4a
2026-07-24T17:03:38Z,SIGNAL_COLLECT,daa,date=2026-07-24 | mode=defensive | targets=SHY:1.00,fbc43a2,857d1f4a
2026-07-24T17:03:38Z,NAV_UPDATE,daa,date=2026-07-24 | gross_nav=2.411381 | net_nav=2.411381 | daily_return=0.000978,fbc43a2,857d1f4a
2026-07-24T17:03:55Z,SIGNAL_COLLECT,vaa,date=2026-07-24 | mode=defensive | targets=SHY:1.00,fbc43a2,857d1f4a
2026-07-24T17:03:55Z,NAV_UPDATE,vaa,date=2026-07-24 | gross_nav=2.006143 | net_nav=2.006143 | daily_return=0.000978,fbc43a2,857d1f4a
2026-07-24T17:04:28Z,SIGNAL_COLLECT,paa,date=2026-07-24 | mode=offensive | targets=SHY:0.33|DBC:0.67,fbc43a2,857d1f4a
2026-07-24T17:04:29Z,NAV_UPDATE,paa,date=2026-07-24 | gross_nav=1.965198 | net_nav=1.965198 | daily_return=-0.012563,fbc43a2,857d1f4a
2026-07-24T17:05:01Z,SIGNAL_COLLECT,baa_g12,date=2026-07-24 | mode=defensive | targets=SHY:1.00,fbc43a2,857d1f4a
2026-07-24T17:05:01Z,NAV_UPDATE,baa_g12,date=2026-07-24 | gross_nav=1.798509 | net_nav=1.798509 | daily_return=-0.017077,fbc43a2,857d1f4a
2026-07-24T17:05:17Z,SIGNAL_COLLECT,baa_g4,date=2026-07-24 | mode=defensive | targets=SHY:1.00,fbc43a2,857d1f4a
2026-07-24T17:05:17Z,NAV_UPDATE,baa_g4,date=2026-07-24 | gross_nav=2.108166 | net_nav=2.108166 | daily_return=0.004037,fbc43a2,857d1f4a
2026-07-24T17:05:24Z,SIGNAL_COLLECT,gem,date=2026-07-24 | mode=offensive | targets=SPY:1.00,fbc43a2,857d1f4a
2026-07-24T17:05:24Z,NAV_UPDATE,gem,date=2026-07-24 | gross_nav=3.164193 | net_nav=3.164193 | daily_return=0.008259,fbc43a2,857d1f4a
2026-07-24T17:05:40Z,SIGNAL_COLLECT,haa,date=2026-07-24 | mode=defensive | targets=SHY:1.00,fbc43a2,857d1f4a
2026-07-24T17:05:41Z,NAV_UPDATE,haa,date=2026-07-24 | gross_nav=2.134738 | net_nav=2.134738 | daily_return=0.004037,fbc43a2,857d1f4a
2026-07-24T17:05:50Z,SIGNAL_COLLECT,permanent,date=2026-07-24 | mode=offensive | targets=SPY:0.25|TLT:0.25|GLD:0.25|BIL:0.25,fbc43a2,857d1f4a
2026-07-24T17:05:50Z,NAV_UPDATE,permanent,date=2026-07-24 | gross_nav=2.500136 | net_nav=2.500136 | daily_return=0.003063,fbc43a2,857d1f4a
2026-07-24T17:06:01Z,SIGNAL_COLLECT,all_weather,date=2026-07-24 | mode=offensive | targets=SPY:0.30|TLT:0.40|IEF:0.15|GLD:0.07|DBC:0.07,fbc43a2,857d1f4a
2026-07-24T17:06:02Z,NAV_UPDATE,all_weather,date=2026-07-24 | gross_nav=2.267596 | net_nav=2.267596 | daily_return=0.002106,fbc43a2,857d1f4a
2026-07-24T17:06:13Z,SIGNAL_COLLECT,golden_butterfly,date=2026-07-24 | mode=offensive | targets=SPY:0.20|VBR:0.20|TLT:0.20|SHY:0.20|GLD:0.20,fbc43a2,857d1f4a
2026-07-24T17:06:13Z,NAV_UPDATE,golden_butterfly,date=2026-07-24 | gross_nav=2.774977 | net_nav=2.774977 | daily_return=0.004719,fbc43a2,857d1f4a
2026-07-24T17:06:27Z,SIGNAL_COLLECT,gtaa,date=2026-07-24 | mode=offensive | targets=SPY:0.25|EFA:0.25|VNQ:0.25|DBC:0.25,fbc43a2,857d1f4a
2026-07-24T17:06:27Z,NAV_UPDATE,gtaa,date=2026-07-24 | gross_nav=2.102357 | net_nav=2.102357 | daily_return=0.003890,fbc43a2,857d1f4a
2026-07-24T17:06:40Z,SIGNAL_COLLECT,ivy,date=2026-07-24 | mode=offensive | targets=VTI:0.25|EFA:0.25|VNQ:0.25|DBC:0.25,fbc43a2,857d1f4a
2026-07-24T17:06:41Z,NAV_UPDATE,ivy,date=2026-07-24 | gross_nav=2.079835 | net_nav=2.079835 | daily_return=0.003683,fbc43a2,857d1f4a
2026-07-24T17:06:56Z,SIGNAL_COLLECT,faa,date=2026-07-24 | mode=offensive | targets=DBC:0.33|VNQ:0.33|SHY:0.33,fbc43a2,857d1f4a
2026-07-24T17:06:56Z,NAV_UPDATE,faa,date=2026-07-24 | gross_nav=1.880119 | net_nav=1.880119 | daily_return=0.002434,fbc43a2,857d1f4a
2026-07-24T17:07:14Z,SIGNAL_COLLECT,eaa,date=2026-07-24 | mode=offensive | targets=DBC:0.56|VNQ:0.31|SPY:0.13,fbc43a2,857d1f4a
2026-07-24T17:07:15Z,NAV_UPDATE,eaa,date=2026-07-24 | gross_nav=1.236097 | net_nav=1.236097 | daily_return=-0.005769,fbc43a2,857d1f4a
2026-07-24T17:07:29Z,SIGNAL_COLLECT,laa,date=2026-07-24 | mode=offensive | targets=QQQ:0.25|IWD:0.25|GLD:0.25|IEF:0.25,fbc43a2,857d1f4a
2026-07-24T17:07:29Z,NAV_UPDATE,laa,date=2026-07-24 | gross_nav=3.664994 | net_nav=3.664994 | daily_return=0.002908,fbc43a2,857d1f4a
2026-07-24T17:12:12Z,ORDER_EXECUTE,portfolio,date=2026-07-24 | ticker=BIL | side=sell | qty=3.0 | price=0.00 | commission=0.0000,fbc43a2,857d1f4a
2026-07-24T17:12:12Z,ORDER_EXECUTE,portfolio,date=2026-07-24 | ticker=GLDM | side=sell | qty=3.0 | price=0.00 | commission=0.0000,fbc43a2,857d1f4a
2026-07-24T17:12:12Z,ORDER_EXECUTE,portfolio,date=2026-07-24 | ticker=TLT | side=sell | qty=3.0 | price=0.00 | commission=0.0000,fbc43a2,857d1f4a
2026-07-24T17:12:12Z,ORDER_EXECUTE,portfolio,date=2026-07-24 | ticker=DBC | side=buy | qty=5.0 | price=0.00 | commission=0.0000,fbc43a2,857d1f4a
2026-07-24T17:12:12Z,ORDER_EXECUTE,portfolio,date=2026-07-24 | ticker=EFA | side=buy | qty=1.0 | price=0.00 | commission=0.0000,fbc43a2,857d1f4a
2026-07-24T17:12:12Z,ORDER_EXECUTE,portfolio,date=2026-07-24 | ticker=VNQ | side=buy | qty=1.0 | price=0.00 | commission=0.0000,fbc43a2,857d1f4a
2026-07-24T17:12:12Z,ORDER_EXECUTE,portfolio,date=2026-07-24 | ticker=SCHB | side=buy | qty=5.0 | price=0.00 | commission=0.0000,fbc43a2,857d1f4a
2026-07-27T17:17:19Z,SIGNAL_COLLECT,daa,date=2026-07-27 | mode=defensive | targets=SHY:1.00,4594de9,857d1f4a
2026-07-27T17:17:19Z,NAV_UPDATE,daa,date=2026-07-27 | gross_nav=2.411676 | net_nav=2.411676 | daily_return=0.000122,4594de9,857d1f4a
2026-07-27T17:17:33Z,SIGNAL_COLLECT,vaa,date=2026-07-27 | mode=defensive | targets=SHY:1.00,4594de9,857d1f4a
2026-07-27T17:17:33Z,NAV_UPDATE,vaa,date=2026-07-27 | gross_nav=2.006388 | net_nav=2.006388 | daily_return=0.000122,4594de9,857d1f4a
2026-07-27T17:18:01Z,SIGNAL_COLLECT,paa,date=2026-07-27 | mode=offensive | targets=SHY:0.42|DBC:0.58,4594de9,857d1f4a
2026-07-27T17:18:02Z,NAV_UPDATE,paa,date=2026-07-27 | gross_nav=1.930258 | net_nav=1.930258 | daily_return=-0.017780,4594de9,857d1f4a
2026-07-27T17:18:30Z,SIGNAL_COLLECT,baa_g12,date=2026-07-27 | mode=defensive | targets=SHY:1.00,4594de9,857d1f4a
2026-07-27T17:18:31Z,NAV_UPDATE,baa_g12,date=2026-07-27 | gross_nav=1.798729 | net_nav=1.798729 | daily_return=0.000122,4594de9,857d1f4a
2026-07-27T17:18:45Z,SIGNAL_COLLECT,baa_g4,date=2026-07-27 | mode=defensive | targets=SHY:1.00,4594de9,857d1f4a
2026-07-27T17:18:45Z,NAV_UPDATE,baa_g4,date=2026-07-27 | gross_nav=2.108424 | net_nav=2.108424 | daily_return=0.000122,4594de9,857d1f4a
2026-07-27T17:18:51Z,SIGNAL_COLLECT,gem,date=2026-07-27 | mode=offensive | targets=EFA:1.00,4594de9,857d1f4a
2026-07-27T17:18:52Z,NAV_UPDATE,gem,date=2026-07-27 | gross_nav=3.143402 | net_nav=3.143402 | daily_return=-0.006571,4594de9,857d1f4a
2026-07-27T17:19:05Z,SIGNAL_COLLECT,haa,date=2026-07-27 | mode=defensive | targets=SHY:1.00,4594de9,857d1f4a
2026-07-27T17:19:06Z,NAV_UPDATE,haa,date=2026-07-27 | gross_nav=2.134999 | net_nav=2.134999 | daily_return=0.000122,4594de9,857d1f4a
2026-07-27T17:19:14Z,SIGNAL_COLLECT,permanent,date=2026-07-27 | mode=offensive | targets=SPY:0.25|TLT:0.25|GLD:0.25|BIL:0.25,4594de9,857d1f4a
2026-07-27T17:19:14Z,NAV_UPDATE,permanent,date=2026-07-27 | gross_nav=2.499109 | net_nav=2.499109 | daily_return=-0.000411,4594de9,857d1f4a
2026-07-27T17:19:24Z,SIGNAL_COLLECT,all_weather,date=2026-07-27 | mode=offensive | targets=SPY:0.30|TLT:0.40|IEF:0.15|GLD:0.07|DBC:0.07,4594de9,857d1f4a
2026-07-27T17:19:24Z,NAV_UPDATE,all_weather,date=2026-07-27 | gross_nav=2.262204 | net_nav=2.262204 | daily_return=-0.002378,4594de9,857d1f4a
2026-07-27T17:19:34Z,SIGNAL_COLLECT,golden_butterfly,date=2026-07-27 | mode=offensive | targets=SPY:0.20|VBR:0.20|TLT:0.20|SHY:0.20|GLD:0.20,4594de9,857d1f4a
2026-07-27T17:19:35Z,NAV_UPDATE,golden_butterfly,date=2026-07-27 | gross_nav=2.774784 | net_nav=2.774784 | daily_return=-0.000070,4594de9,857d1f4a
2026-07-27T17:19:46Z,SIGNAL_COLLECT,gtaa,date=2026-07-27 | mode=offensive | targets=SPY:0.25|EFA:0.25|VNQ:0.25|DBC:0.25,4594de9,857d1f4a
2026-07-27T17:19:47Z,NAV_UPDATE,gtaa,date=2026-07-27 | gross_nav=2.081712 | net_nav=2.081712 | daily_return=-0.009820,4594de9,857d1f4a
2026-07-27T17:19:58Z,SIGNAL_COLLECT,ivy,date=2026-07-27 | mode=offensive | targets=VTI:0.25|EFA:0.25|VNQ:0.25|DBC:0.25,4594de9,857d1f4a
2026-07-27T17:19:59Z,NAV_UPDATE,ivy,date=2026-07-27 | gross_nav=2.059787 | net_nav=2.059787 | daily_return=-0.009639,4594de9,857d1f4a
2026-07-27T17:20:13Z,SIGNAL_COLLECT,faa,date=2026-07-27 | mode=offensive | targets=DBC:0.33|VNQ:0.33|SHY:0.33,4594de9,857d1f4a
2026-07-27T17:20:13Z,NAV_UPDATE,faa,date=2026-07-27 | gross_nav=1.861208 | net_nav=1.861208 | daily_return=-0.010058,4594de9,857d1f4a
2026-07-27T17:20:29Z,SIGNAL_COLLECT,eaa,date=2026-07-27 | mode=offensive | targets=DBC:0.49|VNQ:0.38|SPY:0.13,4594de9,857d1f4a
2026-07-27T17:20:29Z,NAV_UPDATE,eaa,date=2026-07-27 | gross_nav=1.215092 | net_nav=1.215092 | daily_return=-0.016993,4594de9,857d1f4a
2026-07-27T17:20:42Z,SIGNAL_COLLECT,laa,date=2026-07-27 | mode=offensive | targets=QQQ:0.25|IWD:0.25|GLD:0.25|IEF:0.25,4594de9,857d1f4a
2026-07-27T17:20:43Z,NAV_UPDATE,laa,date=2026-07-27 | gross_nav=3.656718 | net_nav=3.656718 | daily_return=-0.002258,4594de9,857d1f4a
2026-07-27T17:24:50Z,CIRCUIT_BREAKER,portfolio,date=2026-07-27 | state=defensive | current_dd=-0.4022 | threshold=-0.1800 | fallback=permanent,4594de9,857d1f4a
2026-07-27T17:24:53Z,ORDER_EXECUTE,portfolio,date=2026-07-27 | ticker=EFA | side=sell | qty=1.0 | price=0.00 | commission=0.0000,4594de9,857d1f4a
2026-07-27T17:24:53Z,ORDER_EXECUTE,portfolio,date=2026-07-27 | ticker=VNQ | side=sell | qty=1.0 | price=0.00 | commission=0.0000,4594de9,857d1f4a
2026-07-27T17:24:53Z,ORDER_EXECUTE,portfolio,date=2026-07-27 | ticker=SCHB | side=sell | qty=5.0 | price=0.00 | commission=0.0000,4594de9,857d1f4a
2026-07-27T17:24:53Z,ORDER_EXECUTE,portfolio,date=2026-07-27 | ticker=BIL | side=buy | qty=3.0 | price=0.00 | commission=0.0000,4594de9,857d1f4a
2026-07-27T17:24:53Z,ORDER_EXECUTE,portfolio,date=2026-07-27 | ticker=GLDM | side=buy | qty=3.0 | price=0.00 | commission=0.0000,4594de9,857d1f4a
2026-07-27T17:24:53Z,ORDER_EXECUTE,portfolio,date=2026-07-27 | ticker=TLT | side=buy | qty=3.0 | price=0.00 | commission=0.0000,4594de9,857d1f4a
2026-07-28T16:58:08Z,SIGNAL_COLLECT,daa,date=2026-07-28 | mode=defensive | targets=SHY:1.00,f06953a,857d1f4a
2026-07-28T16:58:08Z,NAV_UPDATE,daa,date=2026-07-28 | gross_nav=2.414327 | net_nav=2.409112 | daily_return=0.001099,f06953a,857d1f4a
2026-07-28T16:58:26Z,SIGNAL_COLLECT,vaa,date=2026-07-28 | mode=defensive | targets=SHY:1.00,f06953a,857d1f4a
2026-07-28T16:58:26Z,NAV_UPDATE,vaa,date=2026-07-28 | gross_nav=2.008594 | net_nav=2.004255 | daily_return=0.001099,f06953a,857d1f4a
2026-07-28T16:59:00Z,SIGNAL_COLLECT,paa,date=2026-07-28 | mode=offensive | targets=SHY:0.33|DBC:0.67,f06953a,857d1f4a
2026-07-28T16:59:00Z,NAV_UPDATE,paa,date=2026-07-28 | gross_nav=1.908338 | net_nav=1.904216 | daily_return=-0.011356,f06953a,857d1f4a
2026-07-28T16:59:36Z,SIGNAL_COLLECT,baa_g12,date=2026-07-28 | mode=defensive | targets=SHY:1.00,f06953a,857d1f4a
2026-07-28T16:59:36Z,NAV_UPDATE,baa_g12,date=2026-07-28 | gross_nav=1.800706 | net_nav=1.796817 | daily_return=0.001099,f06953a,857d1f4a
2026-07-28T16:59:53Z,SIGNAL_COLLECT,baa_g4,date=2026-07-28 | mode=defensive | targets=SHY:1.00,f06953a,857d1f4a
2026-07-28T16:59:53Z,NAV_UPDATE,baa_g4,date=2026-07-28 | gross_nav=2.110742 | net_nav=2.106183 | daily_return=0.001099,f06953a,857d1f4a
2026-07-28T17:00:01Z,SIGNAL_COLLECT,gem,date=2026-07-28 | mode=offensive | targets=EFA:1.00,f06953a,857d1f4a
2026-07-28T17:00:01Z,NAV_UPDATE,gem,date=2026-07-28 | gross_nav=3.162836 | net_nav=3.156004 | daily_return=0.006182,f06953a,857d1f4a
2026-07-28T17:00:18Z,SIGNAL_COLLECT,haa,date=2026-07-28 | mode=defensive | targets=SHY:1.00,f06953a,857d1f4a
2026-07-28T17:00:18Z,NAV_UPDATE,haa,date=2026-07-28 | gross_nav=2.137346 | net_nav=2.132729 | daily_return=0.001099,f06953a,857d1f4a
2026-07-28T17:00:28Z,SIGNAL_COLLECT,permanent,date=2026-07-28 | mode=offensive | targets=SPY:0.25|TLT:0.25|GLD:0.25|BIL:0.25,f06953a,857d1f4a
2026-07-28T17:00:29Z,NAV_UPDATE,permanent,date=2026-07-28 | gross_nav=2.502735 | net_nav=2.497329 | daily_return=0.001451,f06953a,857d1f4a
2026-07-28T17:00:41Z,SIGNAL_COLLECT,all_weather,date=2026-07-28 | mode=offensive | targets=SPY:0.30|TLT:0.40|IEF:0.15|GLD:0.07|DBC:0.07,f06953a,857d1f4a
2026-07-28T17:00:41Z,NAV_UPDATE,all_weather,date=2026-07-28 | gross_nav=2.269983 | net_nav=2.265080 | daily_return=0.003439,f06953a,857d1f4a
2026-07-28T17:00:53Z,SIGNAL_COLLECT,golden_butterfly,date=2026-07-28 | mode=offensive | targets=SPY:0.20|VBR:0.20|TLT:0.20|SHY:0.20|GLD:0.20,f06953a,857d1f4a
2026-07-28T17:00:54Z,NAV_UPDATE,golden_butterfly,date=2026-07-28 | gross_nav=2.785893 | net_nav=2.779876 | daily_return=0.004004,f06953a,857d1f4a
2026-07-28T17:01:08Z,SIGNAL_COLLECT,gtaa,date=2026-07-28 | mode=offensive | targets=SPY:0.25|EFA:0.25|VNQ:0.25|DBC:0.25,f06953a,857d1f4a
2026-07-28T17:01:09Z,NAV_UPDATE,gtaa,date=2026-07-28 | gross_nav=2.084458 | net_nav=2.079955 | daily_return=0.001319,f06953a,857d1f4a
2026-07-28T17:01:23Z,SIGNAL_COLLECT,ivy,date=2026-07-28 | mode=offensive | targets=VTI:0.25|EFA:0.25|VNQ:0.25|DBC:0.25,f06953a,857d1f4a
2026-07-28T17:01:23Z,NAV_UPDATE,ivy,date=2026-07-28 | gross_nav=2.062479 | net_nav=2.058024 | daily_return=0.001307,f06953a,857d1f4a
2026-07-28T17:01:41Z,SIGNAL_COLLECT,faa,date=2026-07-28 | mode=offensive | targets=DBC:0.33|VNQ:0.33|SHY:0.33,f06953a,857d1f4a
2026-07-28T17:01:41Z,NAV_UPDATE,faa,date=2026-07-28 | gross_nav=1.855995 | net_nav=1.851986 | daily_return=-0.002801,f06953a,857d1f4a
2026-07-28T17:02:00Z,SIGNAL_COLLECT,eaa,date=2026-07-28 | mode=offensive | targets=DBC:0.41|VNQ:0.40|SPY:0.19,f06953a,857d1f4a
2026-07-28T17:02:01Z,NAV_UPDATE,eaa,date=2026-07-28 | gross_nav=1.209340 | net_nav=1.206728 | daily_return=-0.004734,f06953a,857d1f4a
2026-07-28T17:02:16Z,SIGNAL_COLLECT,laa,date=2026-07-28 | mode=offensive | targets=QQQ:0.25|IWD:0.25|GLD:0.25|IEF:0.25,f06953a,857d1f4a
2026-07-28T17:02:17Z,NAV_UPDATE,laa,date=2026-07-28 | gross_nav=3.664706 | net_nav=3.656790 | daily_return=0.002184,f06953a,857d1f4a
2026-07-28T17:07:22Z,ORDER_EXECUTE,portfolio,date=2026-07-28 | ticker=BIL | side=sell | qty=3.0 | price=0.00 | commission=0.0000,f06953a,857d1f4a
2026-07-28T17:07:22Z,ORDER_EXECUTE,portfolio,date=2026-07-28 | ticker=GLDM | side=sell | qty=2.0 | price=0.00 | commission=0.0000,f06953a,857d1f4a
2026-07-28T17:07:22Z,ORDER_EXECUTE,portfolio,date=2026-07-28 | ticker=TLT | side=sell | qty=3.0 | price=0.00 | commission=0.0000,f06953a,857d1f4a
2026-07-28T17:07:22Z,ORDER_EXECUTE,portfolio,date=2026-07-28 | ticker=DBC | side=buy | qty=5.0 | price=0.00 | commission=0.0000,f06953a,857d1f4a
2026-07-28T17:07:22Z,ORDER_EXECUTE,portfolio,date=2026-07-28 | ticker=EFA | side=buy | qty=1.0 | price=0.00 | commission=0.0000,f06953a,857d1f4a
2026-07-28T17:07:22Z,ORDER_EXECUTE,portfolio,date=2026-07-28 | ticker=VNQ | side=buy | qty=1.0 | price=0.00 | commission=0.0000,f06953a,857d1f4a
2026-07-28T17:07:22Z,ORDER_EXECUTE,portfolio,date=2026-07-28 | ticker=SCHB | side=buy | qty=5.0 | price=0.00 | commission=0.0000,f06953a,857d1f4a
2026-07-29T16:48:34Z,SIGNAL_COLLECT,daa,date=2026-07-29 | mode=defensive | targets=SHY:1.00,7a77e2b,df137928
2026-07-29T16:48:34Z,NAV_UPDATE,daa,date=2026-07-29 | gross_nav=2.411381 | net_nav=2.406173 | daily_return=-0.001220,7a77e2b,df137928
2026-07-29T16:48:53Z,SIGNAL_COLLECT,vaa,date=2026-07-29 | mode=defensive | targets=SHY:1.00,7a77e2b,df137928
2026-07-29T16:48:53Z,NAV_UPDATE,vaa,date=2026-07-29 | gross_nav=2.006143 | net_nav=2.001810 | daily_return=-0.001220,7a77e2b,df137928
2026-07-29T16:49:30Z,SIGNAL_COLLECT,paa,date=2026-07-29 | mode=defensive | targets=SHY:0.58|DBC:0.42,7a77e2b,df137928
2026-07-29T16:49:31Z,NAV_UPDATE,paa,date=2026-07-29 | gross_nav=1.942779 | net_nav=1.938583 | daily_return=0.018048,7a77e2b,df137928
2026-07-29T16:50:07Z,SIGNAL_COLLECT,baa_g12,date=2026-07-29 | mode=defensive | targets=SHY:1.00,7a77e2b,df137928
2026-07-29T16:50:08Z,NAV_UPDATE,baa_g12,date=2026-07-29 | gross_nav=1.798509 | net_nav=1.794625 | daily_return=-0.001220,7a77e2b,df137928
2026-07-29T16:50:27Z,SIGNAL_COLLECT,baa_g4,date=2026-07-29 | mode=defensive | targets=SHY:1.00,7a77e2b,df137928
2026-07-29T16:50:27Z,NAV_UPDATE,baa_g4,date=2026-07-29 | gross_nav=2.108167 | net_nav=2.103613 | daily_return=-0.001220,7a77e2b,df137928
2026-07-29T16:50:35Z,SIGNAL_COLLECT,gem,date=2026-07-29 | mode=offensive | targets=EFA:1.00,7a77e2b,df137928
2026-07-29T16:50:36Z,NAV_UPDATE,gem,date=2026-07-29 | gross_nav=3.133382 | net_nav=3.126613 | daily_return=-0.009313,7a77e2b,df137928
2026-07-29T16:50:54Z,SIGNAL_COLLECT,haa,date=2026-07-29 | mode=defensive | targets=SHY:1.00,7a77e2b,df137928
2026-07-29T16:50:55Z,NAV_UPDATE,haa,date=2026-07-29 | gross_nav=2.134738 | net_nav=2.130127 | daily_return=-0.001220,7a77e2b,df137928
2026-07-29T16:51:06Z,SIGNAL_COLLECT,permanent,date=2026-07-29 | mode=offensive | targets=SPY:0.25|TLT:0.25|GLD:0.25|BIL:0.25,7a77e2b,df137928
2026-07-29T16:51:06Z,NAV_UPDATE,permanent,date=2026-07-29 | gross_nav=2.488928 | net_nav=2.483552 | daily_return=-0.005517,7a77e2b,df137928
2026-07-29T16:51:20Z,SIGNAL_COLLECT,all_weather,date=2026-07-29 | mode=offensive | targets=SPY:0.30|TLT:0.40|IEF:0.15|GLD:0.07|DBC:0.07,7a77e2b,df137928
2026-07-29T16:51:21Z,NAV_UPDATE,all_weather,date=2026-07-29 | gross_nav=2.259561 | net_nav=2.254680 | daily_return=-0.004591,7a77e2b,df137928
2026-07-29T16:51:34Z,SIGNAL_COLLECT,golden_butterfly,date=2026-07-29 | mode=offensive | targets=SPY:0.20|VBR:0.20|TLT:0.20|SHY:0.20|GLD:0.20,7a77e2b,df137928
2026-07-29T16:51:34Z,NAV_UPDATE,golden_butterfly,date=2026-07-29 | gross_nav=2.766932 | net_nav=2.760956 | daily_return=-0.006806,7a77e2b,df137928
2026-07-29T16:51:51Z,SIGNAL_COLLECT,gtaa,date=2026-07-29 | mode=offensive | targets=SPY:0.25|EFA:0.25|VNQ:0.25|DBC:0.25,7a77e2b,df137928
2026-07-29T16:51:51Z,NAV_UPDATE,gtaa,date=2026-07-29 | gross_nav=2.082351 | net_nav=2.077853 | daily_return=-0.001011,7a77e2b,df137928
2026-07-29T16:52:07Z,SIGNAL_COLLECT,ivy,date=2026-07-29 | mode=offensive | targets=VTI:0.25|EFA:0.25|VNQ:0.25|DBC:0.25,7a77e2b,df137928
2026-07-29T16:52:08Z,NAV_UPDATE,ivy,date=2026-07-29 | gross_nav=2.060521 | net_nav=2.056071 | daily_return=-0.000949,7a77e2b,df137928
2026-07-29T16:52:27Z,SIGNAL_COLLECT,faa,date=2026-07-29 | mode=offensive | targets=DBC:0.33|VNQ:0.33|SHY:0.33,7a77e2b,df137928
2026-07-29T16:52:27Z,NAV_UPDATE,faa,date=2026-07-29 | gross_nav=1.866088 | net_nav=1.862058 | daily_return=0.005438,7a77e2b,df137928
2026-07-29T16:52:49Z,SIGNAL_COLLECT,eaa,date=2026-07-29 | mode=offensive | targets=DBC:0.56|VNQ:0.35|SPY:0.08,7a77e2b,df137928
2026-07-29T16:52:49Z,NAV_UPDATE,eaa,date=2026-07-29 | gross_nav=1.215358 | net_nav=1.212733 | daily_return=0.004977,7a77e2b,df137928
2026-07-29T16:53:06Z,SIGNAL_COLLECT,laa,date=2026-07-29 | mode=offensive | targets=QQQ:0.25|IWD:0.25|GLD:0.25|IEF:0.25,7a77e2b,df137928
2026-07-29T16:53:06Z,NAV_UPDATE,laa,date=2026-07-29 | gross_nav=3.633499 | net_nav=3.625651 | daily_return=-0.008515,7a77e2b,df137928
2026-07-29T16:58:37Z,CIRCUIT_BREAKER,portfolio,date=2026-07-29 | state=defensive | current_dd=-0.2408 | threshold=-0.1800 | fallback=permanent,7a77e2b,df137928
2026-07-29T16:58:41Z,ORDER_EXECUTE,portfolio,date=2026-07-29 | ticker=DBC | side=sell | qty=5.0 | price=0.00 | commission=0.0000,7a77e2b,df137928
2026-07-29T16:58:41Z,ORDER_EXECUTE,portfolio,date=2026-07-29 | ticker=EFA | side=sell | qty=1.0 | price=0.00 | commission=0.0000,7a77e2b,df137928
2026-07-29T16:58:41Z,ORDER_EXECUTE,portfolio,date=2026-07-29 | ticker=SCHR | side=sell | qty=3.0 | price=0.00 | commission=0.0000,7a77e2b,df137928
2026-07-29T16:58:41Z,ORDER_EXECUTE,portfolio,date=2026-07-29 | ticker=VNQ | side=sell | qty=1.0 | price=0.00 | commission=0.0000,7a77e2b,df137928
2026-07-29T16:58:41Z,ORDER_EXECUTE,portfolio,date=2026-07-29 | ticker=SCHB | side=sell | qty=5.0 | price=0.00 | commission=0.0000,7a77e2b,df137928
2026-07-29T16:58:41Z,ORDER_EXECUTE,portfolio,date=2026-07-29 | ticker=GLDM | side=buy | qty=1.0 | price=0.00 | commission=0.0000,7a77e2b,df137928
2026-07-29T16:58:41Z,ORDER_EXECUTE,portfolio,date=2026-07-29 | ticker=TLT | side=buy | qty=2.0 | price=0.00 | commission=0.0000,7a77e2b,df137928
2026-07-30T16:58:51Z,SIGNAL_COLLECT,daa,date=2026-07-30 | mode=defensive | targets=SHY:1.00,abb682a,df137928
2026-07-30T16:58:51Z,NAV_UPDATE,daa,date=2026-07-30 | gross_nav=2.416389 | net_nav=2.411170 | daily_return=0.002077,abb682a,df137928
2026-07-30T16:59:08Z,SIGNAL_COLLECT,vaa,date=2026-07-30 | mode=defensive | targets=SHY:1.00,abb682a,df137928
2026-07-30T16:59:09Z,NAV_UPDATE,vaa,date=2026-07-30 | gross_nav=2.010309 | net_nav=2.005967 | daily_return=0.002077,abb682a,df137928
2026-07-30T16:59:43Z,SIGNAL_COLLECT,paa,date=2026-07-30 | mode=offensive | targets=SHY:0.42|DBC:0.58,abb682a,df137928
2026-07-30T16:59:44Z,NAV_UPDATE,paa,date=2026-07-30 | gross_nav=1.945408 | net_nav=1.941207 | daily_return=0.001353,abb682a,df137928
2026-07-30T17:00:18Z,SIGNAL_COLLECT,baa_g12,date=2026-07-30 | mode=defensive | targets=SHY:1.00,abb682a,df137928
2026-07-30T17:00:19Z,NAV_UPDATE,baa_g12,date=2026-07-30 | gross_nav=1.802244 | net_nav=1.798352 | daily_return=0.002077,abb682a,df137928
2026-07-30T17:00:36Z,SIGNAL_COLLECT,baa_g4,date=2026-07-30 | mode=defensive | targets=SHY:1.00,abb682a,df137928
2026-07-30T17:00:37Z,NAV_UPDATE,baa_g4,date=2026-07-30 | gross_nav=2.112545 | net_nav=2.107982 | daily_return=0.002077,abb682a,df137928
2026-07-30T17:00:44Z,SIGNAL_COLLECT,gem,date=2026-07-30 | mode=offensive | targets=EFA:1.00,abb682a,df137928
2026-07-30T17:00:45Z,NAV_UPDATE,gem,date=2026-07-30 | gross_nav=3.217797 | net_nav=3.210846 | daily_return=0.026941,abb682a,df137928
2026-07-30T17:01:02Z,SIGNAL_COLLECT,haa,date=2026-07-30 | mode=defensive | targets=SHY:1.00,abb682a,df137928
2026-07-30T17:01:02Z,NAV_UPDATE,haa,date=2026-07-30 | gross_nav=2.139171 | net_nav=2.134551 | daily_return=0.002077,abb682a,df137928
2026-07-30T17:01:13Z,SIGNAL_COLLECT,permanent,date=2026-07-30 | mode=offensive | targets=SPY:0.25|TLT:0.25|GLD:0.25|BIL:0.25,abb682a,df137928
2026-07-30T17:01:13Z,NAV_UPDATE,permanent,date=2026-07-30 | gross_nav=2.500536 | net_nav=2.495135 | daily_return=0.004664,abb682a,df137928
2026-07-30T17:01:26Z,SIGNAL_COLLECT,all_weather,date=2026-07-30 | mode=offensive | targets=SPY:0.30|TLT:0.40|IEF:0.15|GLD:0.07|DBC:0.07,abb682a,df137928
2026-07-30T17:01:26Z,NAV_UPDATE,all_weather,date=2026-07-30 | gross_nav=2.258146 | net_nav=2.253268 | daily_return=-0.000626,abb682a,df137928
2026-07-30T17:01:39Z,SIGNAL_COLLECT,golden_butterfly,date=2026-07-30 | mode=offensive | targets=SPY:0.20|VBR:0.20|TLT:0.20|SHY:0.20|GLD:0.20,abb682a,df137928
2026-07-30T17:01:39Z,NAV_UPDATE,golden_butterfly,date=2026-07-30 | gross_nav=2.776345 | net_nav=2.770348 | daily_return=0.003402,abb682a,df137928
2026-07-30T17:01:54Z,SIGNAL_COLLECT,gtaa,date=2026-07-30 | mode=offensive | targets=SPY:0.25|EFA:0.25|VNQ:0.25|DBC:0.25,abb682a,df137928
2026-07-30T17:01:54Z,NAV_UPDATE,gtaa,date=2026-07-30 | gross_nav=2.093111 | net_nav=2.088590 | daily_return=0.005167,abb682a,df137928
2026-07-30T17:02:09Z,SIGNAL_COLLECT,ivy,date=2026-07-30 | mode=offensive | targets=VTI:0.25|EFA:0.25|VNQ:0.25|DBC:0.25,abb682a,df137928
2026-07-30T17:02:09Z,NAV_UPDATE,ivy,date=2026-07-30 | gross_nav=2.071427 | net_nav=2.066953 | daily_return=0.005293,abb682a,df137928
2026-07-30T17:02:27Z,SIGNAL_COLLECT,faa,date=2026-07-30 | mode=offensive | targets=DBC:0.33|VNQ:0.33|SHY:0.33,abb682a,df137928
2026-07-30T17:02:27Z,NAV_UPDATE,faa,date=2026-07-30 | gross_nav=1.858866 | net_nav=1.854852 | daily_return=-0.003870,abb682a,df137928
2026-07-30T17:02:47Z,SIGNAL_COLLECT,eaa,date=2026-07-30 | mode=offensive | targets=DBC:0.49|VNQ:0.35|EFA:0.16,abb682a,df137928
2026-07-30T17:02:48Z,NAV_UPDATE,eaa,date=2026-07-30 | gross_nav=1.210310 | net_nav=1.207696 | daily_return=-0.004154,abb682a,df137928
2026-07-30T17:03:03Z,SIGNAL_COLLECT,laa,date=2026-07-30 | mode=offensive | targets=QQQ:0.25|IWD:0.25|GLD:0.25|IEF:0.25,abb682a,df137928
2026-07-30T17:03:03Z,NAV_UPDATE,laa,date=2026-07-30 | gross_nav=3.673154 | net_nav=3.665220 | daily_return=0.010914,abb682a,df137928
2026-07-30T17:03:05Z,NAV_REJECTED,portfolio,date=2026-07-30 | daily_return=-0.4329 | threshold=0.1000 | total_equity=521.82 | prev_total_equity=920.07,abb682a,df137928
2026-07-30T17:08:06Z,CIRCUIT_BREAKER,portfolio,date=2026-07-30 | state=defensive | current_dd=-0.2408 | threshold=-0.1800 | fallback=permanent,abb682a,df137928
2026-07-30T17:08:08Z,ORDER_EXECUTE,portfolio,date=2026-07-30 | ticker=BIL | side=sell | qty=2.0 | price=0.00 | commission=0.0000,abb682a,df137928
2026-07-30T17:08:08Z,ORDER_EXECUTE,portfolio,date=2026-07-30 | ticker=TLT | side=sell | qty=1.0 | price=0.00 | commission=0.0000,abb682a,df137928
2026-07-30T17:08:08Z,ORDER_EXECUTE,portfolio,date=2026-07-30 | ticker=SPTL | side=buy | qty=1.0 | price=0.00 | commission=0.0000,abb682a,df137928
2026-07-31T17:03:19Z,SIGNAL_COLLECT,daa,date=2026-07-31 | mode=defensive | targets=SHY:1.00,6eed36b,df137928
2026-07-31T17:03:20Z,NAV_UPDATE,daa,date=2026-07-31 | gross_nav=2.414032 | net_nav=2.408818 | daily_return=-0.000975,6eed36b,df137928
2026-07-31T17:03:38Z,SIGNAL_COLLECT,vaa,date=2026-07-31 | mode=defensive | targets=SHY:1.00,6eed36b,df137928
2026-07-31T17:03:39Z,NAV_UPDATE,vaa,date=2026-07-31 | gross_nav=2.008348 | net_nav=2.004011 | daily_return=-0.000975,6eed36b,df137928
2026-07-31T17:04:16Z,SIGNAL_COLLECT,paa,date=2026-07-31 | mode=offensive | targets=SHY:0.33|DBC:0.67,6eed36b,df137928
2026-07-31T17:04:16Z,NAV_UPDATE,paa,date=2026-07-31 | gross_nav=1.945778 | net_nav=1.941576 | daily_return=0.000190,6eed36b,df137928
2026-07-31T17:04:53Z,SIGNAL_COLLECT,baa_g12,date=2026-07-31 | mode=offensive | targets=DBC:1.00,6eed36b,df137928
2026-07-31T17:04:54Z,NAV_UPDATE,baa_g12,date=2026-07-31 | gross_nav=1.800486 | net_nav=1.796598 | daily_return=-0.000975,6eed36b,df137928
2026-07-31T17:05:13Z,SIGNAL_COLLECT,baa_g4,date=2026-07-31 | mode=offensive | targets=EFA:1.00,6eed36b,df137928
2026-07-31T17:05:13Z,NAV_UPDATE,baa_g4,date=2026-07-31 | gross_nav=2.110485 | net_nav=2.105926 | daily_return=-0.000975,6eed36b,df137928
2026-07-31T17:05:21Z,SIGNAL_COLLECT,gem,date=2026-07-31 | mode=offensive | targets=EFA:1.00,6eed36b,df137928
2026-07-31T17:05:21Z,NAV_UPDATE,gem,date=2026-07-31 | gross_nav=3.203525 | net_nav=3.196605 | daily_return=-0.004435,6eed36b,df137928
2026-07-31T17:05:40Z,SIGNAL_COLLECT,haa,date=2026-07-31 | mode=offensive | targets=EFA:1.00,6eed36b,df137928
2026-07-31T17:05:40Z,NAV_UPDATE,haa,date=2026-07-31 | gross_nav=2.137085 | net_nav=2.132469 | daily_return=-0.000975,6eed36b,df137928
2026-07-31T17:05:52Z,SIGNAL_COLLECT,permanent,date=2026-07-31 | mode=offensive | targets=SPY:0.25|TLT:0.25|GLD:0.25|BIL:0.25,6eed36b,df137928
2026-07-31T17:05:52Z,NAV_UPDATE,permanent,date=2026-07-31 | gross_nav=2.490082 | net_nav=2.484704 | daily_return=-0.004181,6eed36b,df137928
2026-07-31T17:06:06Z,SIGNAL_COLLECT,all_weather,date=2026-07-31 | mode=offensive | targets=SPY:0.30|TLT:0.40|IEF:0.15|GLD:0.07|DBC:0.07,6eed36b,df137928
2026-07-31T17:06:07Z,NAV_UPDATE,all_weather,date=2026-07-31 | gross_nav=2.250712 | net_nav=2.245850 | daily_return=-0.003292,6eed36b,df137928
2026-07-31T17:06:20Z,SIGNAL_COLLECT,golden_butterfly,date=2026-07-31 | mode=offensive | targets=SPY:0.20|VBR:0.20|TLT:0.20|SHY:0.20|GLD:0.20,6eed36b,df137928
2026-07-31T17:06:21Z,NAV_UPDATE,golden_butterfly,date=2026-07-31 | gross_nav=2.767457 | net_nav=2.761479 | daily_return=-0.003201,6eed36b,df137928
2026-07-31T17:06:37Z,SIGNAL_COLLECT,gtaa,date=2026-07-31 | mode=offensive | targets=SPY:0.25|EFA:0.25|VNQ:0.25|DBC:0.25,6eed36b,df137928
2026-07-31T17:06:38Z,NAV_UPDATE,gtaa,date=2026-07-31 | gross_nav=2.095582 | net_nav=2.091055 | daily_return=0.001180,6eed36b,df137928
2026-07-31T17:06:54Z,SIGNAL_COLLECT,ivy,date=2026-07-31 | mode=offensive | targets=VTI:0.25|EFA:0.25|VNQ:0.25|DBC:0.25,6eed36b,df137928
2026-07-31T17:06:54Z,NAV_UPDATE,ivy,date=2026-07-31 | gross_nav=2.072815 | net_nav=2.068338 | daily_return=0.000670,6eed36b,df137928
2026-07-31T17:07:12Z,SIGNAL_COLLECT,faa,date=2026-07-31 | mode=offensive | targets=DBC:0.33|VNQ:0.33|SHY:0.33,6eed36b,df137928
2026-07-31T17:07:13Z,NAV_UPDATE,faa,date=2026-07-31 | gross_nav=1.858770 | net_nav=1.854756 | daily_return=-0.000052,6eed36b,df137928
2026-07-31T17:07:34Z,SIGNAL_COLLECT,eaa,date=2026-07-31 | mode=offensive | targets=DBC:0.55|VNQ:0.31|EFA:0.15,6eed36b,df137928
2026-07-31T17:07:35Z,NAV_UPDATE,eaa,date=2026-07-31 | gross_nav=1.209993 | net_nav=1.207380 | daily_return=-0.000262,6eed36b,df137928
2026-07-31T17:07:51Z,SIGNAL_COLLECT,laa,date=2026-07-31 | mode=offensive | targets=QQQ:0.25|IWD:0.25|GLD:0.25|IEF:0.25,6eed36b,df137928
2026-07-31T17:07:51Z,NAV_UPDATE,laa,date=2026-07-31 | gross_nav=3.667653 | net_nav=3.659731 | daily_return=-0.001498,6eed36b,df137928
2026-07-31T17:07:53Z,NAV_REJECTED,portfolio,date=2026-07-31 | daily_return=-0.6971 | threshold=0.1000 | total_equity=278.71 | prev_total_equity=920.07,6eed36b,df137928
2026-07-31T17:13:22Z,CIRCUIT_BREAKER,portfolio,date=2026-07-31 | state=defensive | current_dd=-0.2408 | threshold=-0.1800 | fallback=permanent,6eed36b,df137928
2026-07-31T17:13:24Z,ORDER_EXECUTE,portfolio,date=2026-07-31 | ticker=BIL | side=sell | qty=1.0 | price=0.00 | commission=0.0000,6eed36b,df137928
2026-07-31T17:13:24Z,ORDER_EXECUTE,portfolio,date=2026-07-31 | ticker=SPTL | side=sell | qty=1.0 | price=0.00 | commission=0.0000,6eed36b,df137928
2026-07-31T17:13:24Z,ORDER_EXECUTE,portfolio,date=2026-07-31 | ticker=TLT | side=sell | qty=1.0 | price=0.00 | commission=0.0000,6eed36b,df137928
2026-07-31T17:13:24Z,ORDER_EXECUTE,portfolio,date=2026-07-31 | ticker=EDV | side=buy | qty=1.0 | price=0.00 | commission=0.0000,6eed36b,df137928
2026-08-03T17:24:23Z,SIGNAL_COLLECT,daa,date=2026-08-03 | mode=defensive | targets=SHY:1.00,48d9cc2,df137928
2026-08-03T17:24:24Z,NAV_UPDATE,daa,date=2026-08-03 | gross_nav=2.408435 | net_nav=2.398042 | daily_return=-0.002318,48d9cc2,df137928
2026-08-03T17:24:38Z,SIGNAL_COLLECT,vaa,date=2026-08-03 | mode=defensive | targets=SHY:1.00,48d9cc2,df137928
2026-08-03T17:24:38Z,NAV_UPDATE,vaa,date=2026-08-03 | gross_nav=2.003692 | net_nav=1.995046 | daily_return=-0.002318,48d9cc2,df137928
2026-08-03T17:25:07Z,SIGNAL_COLLECT,paa,date=2026-08-03 | mode=offensive | targets=SHY:0.25|DBC:0.75,48d9cc2,df137928
2026-08-03T17:25:07Z,NAV_UPDATE,paa,date=2026-08-03 | gross_nav=1.921306 | net_nav=1.913016 | daily_return=-0.012577,48d9cc2,df137928
2026-08-03T17:25:35Z,SIGNAL_COLLECT,baa_g12,date=2026-08-03 | mode=offensive | targets=DBC:1.00,48d9cc2,df137928
2026-08-03T17:25:35Z,NAV_UPDATE,baa_g12,date=2026-08-03 | gross_nav=1.768608 | net_nav=1.760977 | daily_return=-0.017705,48d9cc2,df137928
2026-08-03T17:25:49Z,SIGNAL_COLLECT,baa_g4,date=2026-08-03 | mode=offensive | targets=SPY:1.00,48d9cc2,df137928
2026-08-03T17:25:49Z,NAV_UPDATE,baa_g4,date=2026-08-03 | gross_nav=2.115686 | net_nav=2.106556 | daily_return=0.002464,48d9cc2,df137928
2026-08-03T17:25:56Z,SIGNAL_COLLECT,gem,date=2026-08-03 | mode=offensive | targets=EFA:1.00,48d9cc2,df137928
2026-08-03T17:25:56Z,NAV_UPDATE,gem,date=2026-08-03 | gross_nav=3.211420 | net_nav=3.197561 | daily_return=0.002464,48d9cc2,df137928
2026-08-03T17:26:10Z,SIGNAL_COLLECT,haa,date=2026-08-03 | mode=offensive | targets=SPY:1.00,48d9cc2,df137928
2026-08-03T17:26:10Z,NAV_UPDATE,haa,date=2026-08-03 | gross_nav=2.142352 | net_nav=2.133107 | daily_return=0.002464,48d9cc2,df137928
2026-08-03T17:26:18Z,SIGNAL_COLLECT,permanent,date=2026-08-03 | mode=offensive | targets=SPY:0.25|TLT:0.25|GLD:0.25|BIL:0.25,48d9cc2,df137928
2026-08-03T17:26:19Z,NAV_UPDATE,permanent,date=2026-08-03 | gross_nav=2.497906 | net_nav=2.487127 | daily_return=0.003142,48d9cc2,df137928
2026-08-03T17:26:29Z,SIGNAL_COLLECT,all_weather,date=2026-08-03 | mode=offensive | targets=SPY:0.30|TLT:0.40|IEF:0.15|GLD:0.07|DBC:0.07,48d9cc2,df137928
2026-08-03T17:26:29Z,NAV_UPDATE,all_weather,date=2026-08-03 | gross_nav=2.259840 | net_nav=2.250088 | daily_return=0.004056,48d9cc2,df137928
2026-08-03T17:26:39Z,SIGNAL_COLLECT,golden_butterfly,date=2026-08-03 | mode=offensive | targets=SPY:0.20|VBR:0.20|TLT:0.20|SHY:0.20|GLD:0.20,48d9cc2,df137928
2026-08-03T17:26:40Z,NAV_UPDATE,golden_butterfly,date=2026-08-03 | gross_nav=2.778601 | net_nav=2.766610 | daily_return=0.004027,48d9cc2,df137928
2026-08-03T17:26:52Z,SIGNAL_COLLECT,gtaa,date=2026-08-03 | mode=offensive | targets=SPY:0.25|EFA:0.25|VNQ:0.25|DBC:0.25,48d9cc2,df137928
2026-08-03T17:26:52Z,NAV_UPDATE,gtaa,date=2026-08-03 | gross_nav=2.094343 | net_nav=2.085305 | daily_return=-0.000591,48d9cc2,df137928
2026-08-03T17:27:04Z,SIGNAL_COLLECT,ivy,date=2026-08-03 | mode=offensive | targets=VTI:0.25|EFA:0.25|VNQ:0.25|DBC:0.25,48d9cc2,df137928
2026-08-03T17:27:05Z,NAV_UPDATE,ivy,date=2026-08-03 | gross_nav=2.071481 | net_nav=2.062543 | daily_return=-0.000643,48d9cc2,df137928
2026-08-03T17:27:18Z,SIGNAL_COLLECT,faa,date=2026-08-03 | mode=offensive | targets=DBC:0.33|SPY:0.33|VNQ:0.33,48d9cc2,df137928
2026-08-03T17:27:19Z,NAV_UPDATE,faa,date=2026-08-03 | gross_nav=1.844489 | net_nav=1.836530 | daily_return=-0.007683,48d9cc2,df137928
2026-08-03T17:27:34Z,SIGNAL_COLLECT,eaa,date=2026-08-03 | mode=offensive | targets=DBC:0.49|VNQ:0.26|SPY:0.25,48d9cc2,df137928
2026-08-03T17:27:35Z,NAV_UPDATE,eaa,date=2026-08-03 | gross_nav=1.197584 | net_nav=1.192417 | daily_return=-0.010255,48d9cc2,df137928
2026-08-03T17:27:48Z,SIGNAL_COLLECT,laa,date=2026-08-03 | mode=offensive | targets=QQQ:0.25|IWD:0.25|GLD:0.25|IEF:0.25,48d9cc2,df137928
2026-08-03T17:27:48Z,NAV_UPDATE,laa,date=2026-08-03 | gross_nav=3.688589 | net_nav=3.672671 | daily_return=0.005708,48d9cc2,df137928
2026-08-03T17:27:50Z,NAV_REJECTED,portfolio,date=2026-08-03 | daily_return=-0.8483 | threshold=0.1000 | total_equity=139.61 | prev_total_equity=920.07,48d9cc2,df137928
2026-08-03T17:31:56Z,CIRCUIT_BREAKER,portfolio,date=2026-08-03 | state=defensive | current_dd=-0.2408 | threshold=-0.1800 | fallback=permanent,48d9cc2,df137928
2026-08-03T17:31:57Z,ORDER_EXECUTE,portfolio,date=2026-08-03 | ticker=GLDM | side=sell | qty=1.0 | price=0.00 | commission=0.0000,48d9cc2,df137928
2026-08-03T17:31:57Z,ORDER_EXECUTE,portfolio,date=2026-08-03 | ticker=EDV | side=sell | qty=1.0 | price=0.00 | commission=0.0000,48d9cc2,df137928
2026-08-03T17:31:57Z,ORDER_EXECUTE,portfolio,date=2026-08-03 | ticker=SPTL | side=buy | qty=1.0 | price=0.00 | commission=0.0000,48d9cc2,df137928
2026-08-04T17:12:16Z,SIGNAL_COLLECT,daa,date=2026-08-04 | mode=defensive | targets=SHY:1.00,8a32b49,df137928
2026-08-04T17:12:16Z,NAV_UPDATE,daa,date=2026-08-04 | gross_nav=2.411381 | net_nav=2.400975 | daily_return=0.001223,8a32b49,df137928
2026-08-04T17:12:32Z,SIGNAL_COLLECT,vaa,date=2026-08-04 | mode=defensive | targets=SHY:1.00,8a32b49,df137928
2026-08-04T17:12:32Z,NAV_UPDATE,vaa,date=2026-08-04 | gross_nav=2.006143 | net_nav=1.997486 | daily_return=0.001223,8a32b49,df137928
2026-08-04T17:13:04Z,SIGNAL_COLLECT,paa,date=2026-08-04 | mode=offensive | targets=SHY:0.25|IWM:0.75,8a32b49,df137928
2026-08-04T17:13:04Z,NAV_UPDATE,paa,date=2026-08-04 | gross_nav=1.896420 | net_nav=1.888238 | daily_return=-0.012952,8a32b49,df137928
2026-08-04T17:13:35Z,SIGNAL_COLLECT,baa_g12,date=2026-08-04 | mode=offensive | targets=IWM:1.00,8a32b49,df137928
2026-08-04T17:13:36Z,NAV_UPDATE,baa_g12,date=2026-08-04 | gross_nav=1.737343 | net_nav=1.729847 | daily_return=-0.017678,8a32b49,df137928
2026-08-04T17:13:51Z,SIGNAL_COLLECT,baa_g4,date=2026-08-04 | mode=offensive | targets=SPY:1.00,8a32b49,df137928
2026-08-04T17:13:52Z,NAV_UPDATE,baa_g4,date=2026-08-04 | gross_nav=2.155262 | net_nav=2.145962 | daily_return=0.018706,8a32b49,df137928
2026-08-04T17:13:58Z,SIGNAL_COLLECT,gem,date=2026-08-04 | mode=offensive | targets=EFA:1.00,8a32b49,df137928
2026-08-04T17:13:59Z,NAV_UPDATE,gem,date=2026-08-04 | gross_nav=3.255146 | net_nav=3.241098 | daily_return=0.013616,8a32b49,df137928
2026-08-04T17:14:15Z,SIGNAL_COLLECT,haa,date=2026-08-04 | mode=offensive | targets=SPY:1.00,8a32b49,df137928
2026-08-04T17:14:15Z,NAV_UPDATE,haa,date=2026-08-04 | gross_nav=2.182427 | net_nav=2.173009 | daily_return=0.018706,8a32b49,df137928
2026-08-04T17:14:24Z,SIGNAL_COLLECT,permanent,date=2026-08-04 | mode=offensive | targets=SPY:0.25|TLT:0.25|GLD:0.25|BIL:0.25,8a32b49,df137928
2026-08-04T17:14:24Z,NAV_UPDATE,permanent,date=2026-08-04 | gross_nav=2.523797 | net_nav=2.512906 | daily_return=0.010365,8a32b49,df137928
2026-08-04T17:14:36Z,SIGNAL_COLLECT,all_weather,date=2026-08-04 | mode=offensive | targets=SPY:0.30|TLT:0.40|IEF:0.15|GLD:0.07|DBC:0.07,8a32b49,df137928
2026-08-04T17:14:36Z,NAV_UPDATE,all_weather,date=2026-08-04 | gross_nav=2.279939 | net_nav=2.270100 | daily_return=0.008894,8a32b49,df137928
2026-08-04T17:14:48Z,SIGNAL_COLLECT,golden_butterfly,date=2026-08-04 | mode=offensive | targets=SPY:0.20|VBR:0.20|TLT:0.20|SHY:0.20|GLD:0.20,8a32b49,df137928
2026-08-04T17:14:48Z,NAV_UPDATE,golden_butterfly,date=2026-08-04 | gross_nav=2.811797 | net_nav=2.799663 | daily_return=0.011947,8a32b49,df137928
2026-08-04T17:15:02Z,SIGNAL_COLLECT,gtaa,date=2026-08-04 | mode=offensive | targets=SPY:0.25|EFA:0.25|VNQ:0.25|DBC:0.25,8a32b49,df137928
2026-08-04T17:15:02Z,NAV_UPDATE,gtaa,date=2026-08-04 | gross_nav=2.102276 | net_nav=2.093203 | daily_return=0.003788,8a32b49,df137928
2026-08-04T17:15:15Z,SIGNAL_COLLECT,ivy,date=2026-08-04 | mode=offensive | targets=VTI:0.25|EFA:0.25|VNQ:0.25|DBC:0.25,8a32b49,df137928
2026-08-04T17:15:16Z,NAV_UPDATE,ivy,date=2026-08-04 | gross_nav=2.079778 | net_nav=2.070804 | daily_return=0.004005,8a32b49,df137928
2026-08-04T17:15:31Z,SIGNAL_COLLECT,faa,date=2026-08-04 | mode=offensive | targets=SPY:0.33|DBC:0.33|VNQ:0.33,8a32b49,df137928
2026-08-04T17:15:32Z,NAV_UPDATE,faa,date=2026-08-04 | gross_nav=1.845432 | net_nav=1.837469 | daily_return=0.000512,8a32b49,df137928
2026-08-04T17:15:50Z,SIGNAL_COLLECT,eaa,date=2026-08-04 | mode=offensive | targets=VNQ:0.34|SPY:0.34|DBC:0.32,8a32b49,df137928
2026-08-04T17:15:51Z,NAV_UPDATE,eaa,date=2026-08-04 | gross_nav=1.192810 | net_nav=1.187663 | daily_return=-0.003987,8a32b49,df137928
2026-08-04T17:16:04Z,SIGNAL_COLLECT,laa,date=2026-08-04 | mode=offensive | targets=QQQ:0.25|IWD:0.25|GLD:0.25|IEF:0.25,8a32b49,df137928
2026-08-04T17:16:05Z,NAV_UPDATE,laa,date=2026-08-04 | gross_nav=3.747706 | net_nav=3.731533 | daily_return=0.016027,8a32b49,df137928
2026-08-04T17:16:06Z,NAV_REJECTED,portfolio,date=2026-08-04 | daily_return=-0.9725 | threshold=0.1000 | total_equity=25.27 | prev_total_equity=920.07,8a32b49,df137928
2026-08-04T17:20:42Z,CIRCUIT_BREAKER,portfolio,date=2026-08-04 | state=defensive | current_dd=-0.2408 | threshold=-0.1800 | fallback=permanent,8a32b49,df137928
2026-08-04T17:20:43Z,ORDER_EXECUTE,portfolio,date=2026-08-04 | ticker=SPTL | side=sell | qty=1.0 | price=0.00 | commission=0.0000,8a32b49,df137928
2026-08-05T17:00:49Z,SIGNAL_COLLECT,daa,date=2026-08-05 | mode=defensive | targets=SHY:1.00,6b4579b,df137928
2026-08-05T17:00:50Z,NAV_UPDATE,daa,date=2026-08-05 | gross_nav=2.411381 | net_nav=2.400975 | daily_return=0.000000,6b4579b,df137928
2026-08-05T17:01:03Z,SIGNAL_COLLECT,vaa,date=2026-08-05 | mode=defensive | targets=SHY:1.00,6b4579b,df137928
2026-08-05T17:01:04Z,NAV_UPDATE,vaa,date=2026-08-05 | gross_nav=2.006143 | net_nav=1.997486 | daily_return=0.000000,6b4579b,df137928
2026-08-05T17:01:31Z,SIGNAL_COLLECT,paa,date=2026-08-05 | mode=offensive | targets=SHY:0.17|IWM:0.83,6b4579b,df137928
2026-08-05T17:01:31Z,NAV_UPDATE,paa,date=2026-08-05 | gross_nav=1.893402 | net_nav=1.885233 | daily_return=-0.001591,6b4579b,df137928
2026-08-05T17:01:59Z,SIGNAL_COLLECT,baa_g12,date=2026-08-05 | mode=offensive | targets=SPY:1.00,6b4579b,df137928
2026-08-05T17:01:59Z,NAV_UPDATE,baa_g12,date=2026-08-05 | gross_nav=1.733656 | net_nav=1.726176 | daily_return=-0.002122,6b4579b,df137928
2026-08-05T17:02:12Z,SIGNAL_COLLECT,baa_g4,date=2026-08-05 | mode=offensive | targets=SPY:1.00,6b4579b,df137928
2026-08-05T17:02:13Z,NAV_UPDATE,baa_g4,date=2026-08-05 | gross_nav=2.157079 | net_nav=2.147771 | daily_return=0.000843,6b4579b,df137928
2026-08-05T17:02:19Z,SIGNAL_COLLECT,gem,date=2026-08-05 | mode=offensive | targets=EFA:1.00,6b4579b,df137928
2026-08-05T17:02:19Z,NAV_UPDATE,gem,date=2026-08-05 | gross_nav=3.266685 | net_nav=3.252587 | daily_return=0.003545,6b4579b,df137928
2026-08-05T17:02:33Z,SIGNAL_COLLECT,haa,date=2026-08-05 | mode=offensive | targets=SPY:1.00,6b4579b,df137928
2026-08-05T17:02:33Z,NAV_UPDATE,haa,date=2026-08-05 | gross_nav=2.184267 | net_nav=2.174841 | daily_return=0.000843,6b4579b,df137928
2026-08-05T17:02:41Z,SIGNAL_COLLECT,permanent,date=2026-08-05 | mode=offensive | targets=SPY:0.25|TLT:0.25|GLD:0.25|BIL:0.25,6b4579b,df137928
2026-08-05T17:02:41Z,NAV_UPDATE,permanent,date=2026-08-05 | gross_nav=2.547211 | net_nav=2.536219 | daily_return=0.009277,6b4579b,df137928
2026-08-05T17:02:51Z,SIGNAL_COLLECT,all_weather,date=2026-08-05 | mode=offensive | targets=SPY:0.30|TLT:0.40|IEF:0.15|GLD:0.07|DBC:0.07,6b4579b,df137928
2026-08-05T17:02:51Z,NAV_UPDATE,all_weather,date=2026-08-05 | gross_nav=2.288385 | net_nav=2.278509 | daily_return=0.003704,6b4579b,df137928
2026-08-05T17:03:01Z,SIGNAL_COLLECT,golden_butterfly,date=2026-08-05 | mode=offensive | targets=SPY:0.20|VBR:0.20|TLT:0.20|SHY:0.20|GLD:0.20,6b4579b,df137928
2026-08-05T17:03:01Z,NAV_UPDATE,golden_butterfly,date=2026-08-05 | gross_nav=2.831349 | net_nav=2.819131 | daily_return=0.006954,6b4579b,df137928
2026-08-05T17:03:13Z,SIGNAL_COLLECT,gtaa,date=2026-08-05 | mode=offensive | targets=SPY:0.25|EFA:0.25|VNQ:0.25|DBC:0.25,6b4579b,df137928
2026-08-05T17:03:14Z,NAV_UPDATE,gtaa,date=2026-08-05 | gross_nav=2.105400 | net_nav=2.096314 | daily_return=0.001486,6b4579b,df137928
2026-08-05T17:03:25Z,SIGNAL_COLLECT,ivy,date=2026-08-05 | mode=offensive | targets=VTI:0.25|EFA:0.25|VNQ:0.25|DBC:0.25,6b4579b,df137928
2026-08-05T17:03:25Z,NAV_UPDATE,ivy,date=2026-08-05 | gross_nav=2.082308 | net_nav=2.073323 | daily_return=0.001216,6b4579b,df137928
2026-08-05T17:03:39Z,SIGNAL_COLLECT,faa,date=2026-08-05 | mode=offensive | targets=SPY:0.33|DBC:0.33|SHY:0.33,6b4579b,df137928
2026-08-05T17:03:39Z,NAV_UPDATE,faa,date=2026-08-05 | gross_nav=1.846908 | net_nav=1.838939 | daily_return=0.000800,6b4579b,df137928
2026-08-05T17:03:54Z,SIGNAL_COLLECT,eaa,date=2026-08-05 | mode=offensive | targets=SPY:0.39|DBC:0.32|VNQ:0.29,6b4579b,df137928
2026-08-05T17:03:55Z,NAV_UPDATE,eaa,date=2026-08-05 | gross_nav=1.193725 | net_nav=1.188574 | daily_return=0.000767,6b4579b,df137928
2026-08-05T17:04:06Z,SIGNAL_COLLECT,laa,date=2026-08-05 | mode=offensive | targets=QQQ:0.25|IWD:0.25|GLD:0.25|IEF:0.25,6b4579b,df137928
2026-08-05T17:04:07Z,NAV_UPDATE,laa,date=2026-08-05 | gross_nav=3.777948 | net_nav=3.761645 | daily_return=0.008070,6b4579b,df137928
2026-08-05T17:04:10Z,NAV_REJECTED,portfolio,date=2026-08-05 | daily_return=-1.0000 | threshold=0.1000 | total_equity=0.00 | prev_total_equity=920.07,6b4579b,df137928
2026-08-05T17:08:06Z,CIRCUIT_BREAKER,portfolio,date=2026-08-05 | state=defensive | current_dd=-0.2408 | threshold=-0.1800 | fallback=permanent,6b4579b,df137928
2026-08-07T16:23:11Z,SIGNAL_COLLECT,daa,date=2026-08-07 | mode=defensive | targets=SHY:1.00,0df898f,df137928
2026-08-07T16:23:12Z,NAV_UPDATE,daa,date=2026-08-07 | gross_nav=2.412854 | net_nav=2.402442 | daily_return=0.000611,0df898f,df137928
2026-08-07T16:23:25Z,SIGNAL_COLLECT,vaa,date=2026-08-07 | mode=defensive | targets=SHY:1.00,0df898f,df137928
2026-08-07T16:23:25Z,NAV_UPDATE,vaa,date=2026-08-07 | gross_nav=2.007368 | net_nav=1.998706 | daily_return=0.000611,0df898f,df137928
2026-08-07T16:23:52Z,SIGNAL_COLLECT,paa,date=2026-08-07 | mode=offensive | targets=SHY:0.17|DBC:0.83,0df898f,df137928
2026-08-07T16:23:53Z,NAV_UPDATE,paa,date=2026-08-07 | gross_nav=1.894958 | net_nav=1.886782 | daily_return=0.000822,0df898f,df137928
2026-08-07T16:24:20Z,SIGNAL_COLLECT,baa_g12,date=2026-08-07 | mode=offensive | targets=DBC:1.00,0df898f,df137928
2026-08-07T16:24:21Z,NAV_UPDATE,baa_g12,date=2026-08-07 | gross_nav=1.735655 | net_nav=1.728167 | daily_return=0.001153,0df898f,df137928
2026-08-07T16:24:35Z,SIGNAL_COLLECT,baa_g4,date=2026-08-07 | mode=offensive | targets=EFA:1.00,0df898f,df137928
2026-08-07T16:24:35Z,NAV_UPDATE,baa_g4,date=2026-08-07 | gross_nav=2.159566 | net_nav=2.150248 | daily_return=0.001153,0df898f,df137928
2026-08-07T16:24:41Z,SIGNAL_COLLECT,gem,date=2026-08-07 | mode=offensive | targets=EFA:1.00,0df898f,df137928
2026-08-07T16:24:41Z,NAV_UPDATE,gem,date=2026-08-07 | gross_nav=3.289459 | net_nav=3.275263 | daily_return=0.006972,0df898f,df137928
2026-08-07T16:24:55Z,SIGNAL_COLLECT,haa,date=2026-08-07 | mode=offensive | targets=EFA:1.00,0df898f,df137928
2026-08-07T16:24:55Z,NAV_UPDATE,haa,date=2026-08-07 | gross_nav=2.186786 | net_nav=2.177349 | daily_return=0.001153,0df898f,df137928
2026-08-07T16:25:03Z,SIGNAL_COLLECT,permanent,date=2026-08-07 | mode=offensive | targets=SPY:0.25|TLT:0.25|GLD:0.25|BIL:0.25,0df898f,df137928
2026-08-07T16:25:03Z,NAV_UPDATE,permanent,date=2026-08-07 | gross_nav=2.561599 | net_nav=2.550544 | daily_return=0.005648,0df898f,df137928
2026-08-07T16:25:13Z,SIGNAL_COLLECT,all_weather,date=2026-08-07 | mode=offensive | targets=SPY:0.30|TLT:0.40|IEF:0.15|GLD:0.07|DBC:0.07,0df898f,df137928
2026-08-07T16:25:13Z,NAV_UPDATE,all_weather,date=2026-08-07 | gross_nav=2.294319 | net_nav=2.284418 | daily_return=0.002593,0df898f,df137928
2026-08-07T16:25:23Z,SIGNAL_COLLECT,golden_butterfly,date=2026-08-07 | mode=offensive | targets=SPY:0.20|VBR:0.20|TLT:0.20|SHY:0.20|GLD:0.20,0df898f,df137928
2026-08-07T16:25:23Z,NAV_UPDATE,golden_butterfly,date=2026-08-07 | gross_nav=2.843834 | net_nav=2.831562 | daily_return=0.004410,0df898f,df137928
2026-08-07T16:25:35Z,SIGNAL_COLLECT,gtaa,date=2026-08-07 | mode=offensive | targets=SPY:0.25|EFA:0.25|VNQ:0.25|DBC:0.25,0df898f,df137928
2026-08-07T16:25:36Z,NAV_UPDATE,gtaa,date=2026-08-07 | gross_nav=2.122878 | net_nav=2.113716 | daily_return=0.008301,0df898f,df137928
2026-08-07T16:25:47Z,SIGNAL_COLLECT,ivy,date=2026-08-07 | mode=offensive | targets=VTI:0.25|EFA:0.25|VNQ:0.25|DBC:0.25,0df898f,df137928
2026-08-07T16:25:47Z,NAV_UPDATE,ivy,date=2026-08-07 | gross_nav=2.099555 | net_nav=2.090495 | daily_return=0.008282,0df898f,df137928
2026-08-07T16:26:01Z,SIGNAL_COLLECT,faa,date=2026-08-07 | mode=offensive | targets=DBC:0.33|SPY:0.33|VNQ:0.33,0df898f,df137928
2026-08-07T16:26:02Z,NAV_UPDATE,faa,date=2026-08-07 | gross_nav=1.862934 | net_nav=1.854896 | daily_return=0.008677,0df898f,df137928
2026-08-07T16:26:17Z,SIGNAL_COLLECT,eaa,date=2026-08-07 | mode=offensive | targets=DBC:0.42|SPY:0.30|VNQ:0.28,0df898f,df137928
2026-08-07T16:26:18Z,NAV_UPDATE,eaa,date=2026-08-07 | gross_nav=1.203734 | net_nav=1.198540 | daily_return=0.008385,0df898f,df137928
2026-08-07T16:26:29Z,SIGNAL_COLLECT,laa,date=2026-08-07 | mode=offensive | targets=QQQ:0.25|IWD:0.25|GLD:0.25|IEF:0.25,0df898f,df137928
2026-08-07T16:26:30Z,NAV_UPDATE,laa,date=2026-08-07 | gross_nav=3.803959 | net_nav=3.787544 | daily_return=0.006885,0df898f,df137928
2026-08-07T16:26:33Z,NAV_REJECTED,portfolio,date=2026-08-07 | daily_return=-1.0000 | threshold=0.1000 | total_equity=0.00 | prev_total_equity=920.07,0df898f,df137928
2026-08-07T16:30:30Z,CIRCUIT_BREAKER,portfolio,date=2026-08-07 | state=defensive | current_dd=-0.2408 | threshold=-0.1800 | fallback=permanent,0df898f,df137928
