date,strategy,group,score,r1m,r3m,r6m,r12m
2026-03-23,daa,BND,-0.1853,-0.0169,-0.0049,0.0010,0.0355
2026-03-23,daa,DBC,3.4224,0.1262,0.2621,0.2865,0.2870
2026-03-23,daa,EEM,-0.1004,-0.0780,0.0804,0.0998,0.3140
2026-03-23,daa,EWJ,-0.4359,-0.0840,0.0478,0.0759,0.2287
2026-03-23,daa,GLD,-0.7482,-0.1364,0.0153,0.1931,0.4414
2026-03-23,daa,HYG,-0.1297,-0.0156,-0.0033,0.0052,0.0600
2026-03-23,daa,IEF,-0.1822,-0.0167,-0.0071,0.0035,0.0397
2026-03-23,daa,IWM,-0.4798,-0.0619,-0.0020,0.0250,0.2214
2026-03-23,daa,LQD,-0.2711,-0.0225,-0.0084,-0.0055,0.0439
2026-03-23,daa,QQQ,-0.2874,-0.0313,-0.0305,-0.0136,0.2368
2026-03-23,daa,SHY,-0.0010,-0.0050,0.0006,0.0107,0.0359
2026-03-23,daa,SPY,-0.4785,-0.0456,-0.0244,-0.0056,0.1773
2026-03-23,daa,TLT,-0.4379,-0.0308,-0.0101,-0.0085,-0.0108
2026-03-23,daa,VGK,-0.8594,-0.0903,-0.0064,0.0445,0.1612
2026-03-23,daa,VNQ,-0.5541,-0.0539,0.0186,-0.0022,0.0221
2026-03-23,daa,VWO,-0.5743,-0.0774,0.0276,0.0212,0.2016
2026-03-23,vaa,AGG,-0.1449,-0.0156,-0.0033,0.0067,0.0416
2026-03-23,vaa,EEM,-0.1004,-0.0780,0.0804,0.0998,0.3140
2026-03-23,vaa,EFA,-0.7157,-0.0864,0.0108,0.0492,0.1792
2026-03-23,vaa,IEF,-0.1802,-0.0166,-0.0069,0.0036,0.0398
2026-03-23,vaa,LQD,-0.2711,-0.0225,-0.0084,-0.0055,0.0439
2026-03-23,vaa,SHY,-0.0010,-0.0050,0.0006,0.0107,0.0359
2026-03-23,vaa,SPY,-0.4773,-0.0455,-0.0243,-0.0056,0.1774
2026-03-23,paa,DBC,3.4224,0.1262,0.2621,0.2865,0.2870
2026-03-23,paa,EEM,-0.1004,-0.0780,0.0804,0.0998,0.3140
2026-03-23,paa,EWJ,-0.4359,-0.0840,0.0478,0.0759,0.2287
2026-03-23,paa,GLD,-0.7402,-0.1361,0.0158,0.1936,0.4421
2026-03-23,paa,HYG,-0.1297,-0.0156,-0.0033,0.0052,0.0600
2026-03-23,paa,IEF,-0.1802,-0.0166,-0.0069,0.0036,0.0398
2026-03-23,paa,IWM,-0.4667,-0.0613,-0.0013,0.0257,0.2222
2026-03-23,paa,LQD,-0.2711,-0.0225,-0.0084,-0.0055,0.0439
2026-03-23,paa,QQQ,-0.2837,-0.0311,-0.0303,-0.0134,0.2371
2026-03-23,paa,SHY,-0.0010,-0.0050,0.0006,0.0107,0.0359
2026-03-23,paa,SPY,-0.4809,-0.0457,-0.0245,-0.0058,0.1771
2026-03-23,paa,TLT,-0.4379,-0.0308,-0.0101,-0.0085,-0.0108
2026-03-23,paa,VGK,-0.8594,-0.0903,-0.0064,0.0445,0.1612
2026-03-23,paa,VNQ,-0.5541,-0.0539,0.0186,-0.0022,0.0221
2026-03-23,baa_g12,DBC,3.4224,0.1262,0.2621,0.2865,0.2870
2026-03-23,baa_g12,EEM,-0.1004,-0.0780,0.0804,0.0998,0.3140
2026-03-23,baa_g12,EWJ,-0.4359,-0.0840,0.0478,0.0759,0.2287
2026-03-23,baa_g12,GLD,-0.7069,-0.1345,0.0176,0.1958,0.4447
2026-03-23,baa_g12,HYG,-0.1297,-0.0156,-0.0033,0.0052,0.0600
2026-03-23,baa_g12,IEF,-0.1802,-0.0166,-0.0069,0.0036,0.0398
2026-03-23,baa_g12,IWM,-0.4716,-0.0615,-0.0015,0.0254,0.2219
2026-03-23,baa_g12,LQD,-0.2711,-0.0225,-0.0084,-0.0055,0.0439
2026-03-23,baa_g12,QQQ,-0.2841,-0.0311,-0.0303,-0.0134,0.2371
2026-03-23,baa_g12,SHY,-0.0010,-0.0050,0.0006,0.0107,0.0359
2026-03-23,baa_g12,SPY,-0.4810,-0.0457,-0.0245,-0.0058,0.1771
2026-03-23,baa_g12,TLT,-0.4379,-0.0308,-0.0101,-0.0085,-0.0108
2026-03-23,baa_g12,VGK,-0.8594,-0.0903,-0.0064,0.0445,0.1612
2026-03-23,baa_g12,VNQ,-0.5559,-0.0540,0.0185,-0.0023,0.0220
2026-03-23,baa_g4,AGG,-0.1449,-0.0156,-0.0033,0.0067,0.0416
2026-03-23,baa_g4,EEM,-0.1004,-0.0780,0.0804,0.0998,0.3140
2026-03-23,baa_g4,EFA,-0.7157,-0.0864,0.0108,0.0492,0.1792
2026-03-23,baa_g4,IEF,-0.1802,-0.0166,-0.0069,0.0036,0.0398
2026-03-23,baa_g4,LQD,-0.2711,-0.0225,-0.0084,-0.0055,0.0439
2026-03-23,baa_g4,SHY,-0.0010,-0.0050,0.0006,0.0107,0.0359
2026-03-23,baa_g4,SPY,-0.4772,-0.0455,-0.0243,-0.0056,0.1774
2026-03-23,gem,AGG,0.0417,-0.0155,-0.0032,0.0068,0.0417
2026-03-23,gem,EFA,0.1792,-0.0864,0.0108,0.0492,0.1792
2026-03-23,gem,SPY,0.1774,-0.0455,-0.0243,-0.0056,0.1774
2026-03-23,haa,AGG,-0.1430,-0.0155,-0.0032,0.0068,0.0417
2026-03-23,haa,EEM,-0.1004,-0.0780,0.0804,0.0998,0.3140
2026-03-23,haa,EFA,-0.7157,-0.0864,0.0108,0.0492,0.1792
2026-03-23,haa,IEF,-0.1802,-0.0166,-0.0069,0.0036,0.0398
2026-03-23,haa,LQD,-0.2711,-0.0225,-0.0084,-0.0055,0.0439
2026-03-23,haa,SHY,-0.0010,-0.0050,0.0006,0.0107,0.0359
2026-03-23,haa,SPY,-0.4787,-0.0456,-0.0244,-0.0057,0.1773
2026-03-23,permanent,BIL,0.1482,0.0029,0.0091,0.0185,0.0404
2026-03-23,permanent,GLD,-0.7411,-0.1361,0.0157,0.1936,0.4420
2026-03-23,permanent,SPY,-0.4779,-0.0455,-0.0244,-0.0056,0.1773
2026-03-23,permanent,TLT,-0.4379,-0.0308,-0.0101,-0.0085,-0.0108
2026-03-23,all_weather,DBC,3.4224,0.1262,0.2621,0.2865,0.2870
2026-03-23,all_weather,GLD,-0.7339,-0.1358,0.0161,0.1941,0.4426
2026-03-23,all_weather,IEF,-0.1802,-0.0166,-0.0069,0.0036,0.0398
2026-03-23,all_weather,SPY,-0.4772,-0.0455,-0.0243,-0.0056,0.1774
2026-03-23,all_weather,TLT,-0.4379,-0.0308,-0.0101,-0.0085,-0.0108
2026-03-23,golden_butterfly,GLD,-0.7339,-0.1358,0.0161,0.1941,0.4426
2026-03-23,golden_butterfly,SHY,-0.0010,-0.0050,0.0006,0.0107,0.0359
2026-03-23,golden_butterfly,SPY,-0.4776,-0.0455,-0.0244,-0.0056,0.1773
2026-03-23,golden_butterfly,TLT,-0.4379,-0.0308,-0.0101,-0.0085,-0.0108
2026-03-23,golden_butterfly,VBR,-0.5541,-0.0705,0.0123,0.0391,0.1649
2026-03-23,gtaa,DBC,3.4224,0.1262,0.2621,0.2865,0.2870
2026-03-23,gtaa,EFA,-0.7157,-0.0864,0.0108,0.0492,0.1792
2026-03-23,gtaa,IEF,-0.1802,-0.0166,-0.0069,0.0036,0.0398
2026-03-23,gtaa,SHY,-0.0010,-0.0050,0.0006,0.0107,0.0359
2026-03-23,gtaa,SPY,-0.4771,-0.0455,-0.0243,-0.0056,0.1774
2026-03-23,gtaa,VNQ,-0.5559,-0.0540,0.0185,-0.0023,0.0220
2026-03-23,ivy,DBC,3.4224,0.1262,0.2621,0.2865,0.2870
2026-03-23,ivy,EFA,-0.7157,-0.0864,0.0108,0.0492,0.1792
2026-03-23,ivy,IEF,-0.1802,-0.0166,-0.0069,0.0036,0.0398
2026-03-23,ivy,SHY,-0.0010,-0.0050,0.0006,0.0107,0.0359
2026-03-23,ivy,VNQ,-0.5559,-0.0540,0.0185,-0.0023,0.0220
2026-03-23,ivy,VTI,-0.4727,-0.0457,-0.0229,-0.0058,0.1791
2026-03-23,faa,AGG,-0.0358,-0.0155,-0.0032,0.0068,0.0417
2026-03-23,faa,DBC,0.8556,0.1262,0.2621,0.2865,0.2870
2026-03-23,faa,EEM,-0.0251,-0.0780,0.0804,0.0998,0.3140
2026-03-23,faa,EFA,-0.1789,-0.0864,0.0108,0.0492,0.1792
2026-03-23,faa,SHY,-0.0003,-0.0050,0.0006,0.0107,0.0359
2026-03-23,faa,SPY,-0.1197,-0.0456,-0.0244,-0.0057,0.1773
2026-03-23,faa,VNQ,-0.1390,-0.0540,0.0185,-0.0023,0.0220
2026-03-23,eaa,DBC,0.8556,0.1262,0.2621,0.2865,0.2870
2026-03-23,eaa,EEM,-0.0251,-0.0780,0.0804,0.0998,0.3140
2026-03-23,eaa,EFA,-0.1789,-0.0864,0.0108,0.0492,0.1792
2026-03-23,eaa,GLD,-0.1805,-0.1352,0.0168,0.1948,0.4435
2026-03-23,eaa,IEF,-0.0451,-0.0166,-0.0070,0.0036,0.0398
2026-03-23,eaa,SHY,-0.0003,-0.0050,0.0006,0.0107,0.0359
2026-03-23,eaa,SPY,-0.1200,-0.0456,-0.0245,-0.0057,0.1772
2026-03-23,eaa,VNQ,-0.1390,-0.0540,0.0185,-0.0023,0.0220
2026-03-23,laa,GLD,-0.7220,-0.1352,0.0168,0.1948,0.4435
2026-03-23,laa,IEF,-0.1804,-0.0166,-0.0070,0.0036,0.0398
2026-03-23,laa,IWD,-0.1911,-0.0480,0.0258,0.0627,0.1565
2026-03-23,laa,QQQ,-0.2851,-0.0311,-0.0304,-0.0134,0.2370
2026-03-23,laa,SHY,-0.0010,-0.0050,0.0006,0.0107,0.0359
2026-03-23,laa,SPY,-0.4799,-0.0456,-0.0245,-0.0057,0.1772
2026-03-23,daa,BND,-0.1853,-0.0169,-0.0049,0.0010,0.0355
2026-03-23,daa,DBC,3.4224,0.1262,0.2621,0.2865,0.2870
2026-03-23,daa,EEM,-0.1004,-0.0780,0.0804,0.0998,0.3140
2026-03-23,daa,EWJ,-0.4359,-0.0840,0.0478,0.0759,0.2287
2026-03-23,daa,GLD,-0.7100,-0.1346,0.0175,0.1956,0.4445
2026-03-23,daa,HYG,-0.1297,-0.0156,-0.0033,0.0052,0.0600
2026-03-23,daa,IEF,-0.1804,-0.0166,-0.0070,0.0036,0.0398
2026-03-23,daa,IWM,-0.4745,-0.0617,-0.0017,0.0253,0.2217
2026-03-23,daa,LQD,-0.2711,-0.0225,-0.0084,-0.0055,0.0439
2026-03-23,daa,QQQ,-0.2866,-0.0312,-0.0304,-0.0135,0.2369
2026-03-23,daa,SHY,-0.0010,-0.0050,0.0006,0.0107,0.0359
2026-03-23,daa,SPY,-0.4816,-0.0457,-0.0246,-0.0058,0.1771
2026-03-23,daa,TLT,-0.4379,-0.0308,-0.0101,-0.0085,-0.0108
2026-03-23,daa,VGK,-0.8594,-0.0903,-0.0064,0.0445,0.1612
2026-03-23,daa,VNQ,-0.5559,-0.0540,0.0185,-0.0023,0.0220
2026-03-23,daa,VWO,-0.5743,-0.0774,0.0276,0.0212,0.2016
2026-03-23,vaa,AGG,-0.1430,-0.0155,-0.0032,0.0068,0.0417
2026-03-23,vaa,EEM,-0.1004,-0.0780,0.0804,0.0998,0.3140
2026-03-23,vaa,EFA,-0.7157,-0.0864,0.0108,0.0492,0.1792
2026-03-23,vaa,IEF,-0.1804,-0.0166,-0.0070,0.0036,0.0398
2026-03-23,vaa,LQD,-0.2711,-0.0225,-0.0084,-0.0055,0.0439
2026-03-23,vaa,SHY,-0.0010,-0.0050,0.0006,0.0107,0.0359
2026-03-23,vaa,SPY,-0.4796,-0.0456,-0.0245,-0.0057,0.1772
2026-03-23,paa,DBC,3.4224,0.1262,0.2621,0.2865,0.2870
2026-03-23,paa,EEM,-0.1004,-0.0780,0.0804,0.0998,0.3140
2026-03-23,paa,EWJ,-0.4359,-0.0840,0.0478,0.0759,0.2287
2026-03-23,paa,GLD,-0.7335,-0.1357,0.0162,0.1941,0.4426
2026-03-23,paa,HYG,-0.1297,-0.0156,-0.0033,0.0052,0.0600
2026-03-23,paa,IEF,-0.1804,-0.0166,-0.0070,0.0036,0.0398
2026-03-23,paa,IWM,-0.4741,-0.0616,-0.0017,0.0253,0.2217
2026-03-23,paa,LQD,-0.2711,-0.0225,-0.0084,-0.0055,0.0439
2026-03-23,paa,QQQ,-0.2838,-0.0311,-0.0303,-0.0134,0.2371
2026-03-23,paa,SHY,-0.0010,-0.0050,0.0006,0.0107,0.0359
2026-03-23,paa,SPY,-0.4799,-0.0456,-0.0245,-0.0057,0.1772
2026-03-23,paa,TLT,-0.4404,-0.0309,-0.0103,-0.0087,-0.0110
2026-03-23,paa,VGK,-0.8594,-0.0903,-0.0064,0.0445,0.1612
2026-03-23,paa,VNQ,-0.5559,-0.0540,0.0185,-0.0023,0.0220
2026-03-23,baa_g12,DBC,3.4224,0.1262,0.2621,0.2865,0.2870
2026-03-23,baa_g12,EEM,-0.1004,-0.0780,0.0804,0.0998,0.3140
2026-03-23,baa_g12,EWJ,-0.4359,-0.0840,0.0478,0.0759,0.2287
2026-03-23,baa_g12,GLD,-0.7444,-0.1363,0.0155,0.1934,0.4417
2026-03-23,baa_g12,HYG,-0.1297,-0.0156,-0.0033,0.0052,0.0600
2026-03-23,baa_g12,IEF,-0.1804,-0.0166,-0.0070,0.0036,0.0398
2026-03-23,baa_g12,IWM,-0.4741,-0.0616,-0.0017,0.0253,0.2217
2026-03-23,baa_g12,LQD,-0.2711,-0.0225,-0.0084,-0.0055,0.0439
2026-03-23,baa_g12,QQQ,-0.2841,-0.0311,-0.0303,-0.0134,0.2371
2026-03-23,baa_g12,SHY,-0.0010,-0.0050,0.0006,0.0107,0.0359
2026-03-23,baa_g12,SPY,-0.4811,-0.0457,-0.0245,-0.0058,0.1771
2026-03-23,baa_g12,TLT,-0.4465,-0.0312,-0.0106,-0.0090,-0.0113
2026-03-23,baa_g12,VGK,-0.8594,-0.0903,-0.0064,0.0445,0.1612
2026-03-23,baa_g12,VNQ,-0.5559,-0.0540,0.0185,-0.0023,0.0220
2026-03-23,baa_g4,AGG,-0.1430,-0.0155,-0.0032,0.0068,0.0417
2026-03-23,baa_g4,EEM,-0.1004,-0.0780,0.0804,0.0998,0.3140
2026-03-23,baa_g4,EFA,-0.7157,-0.0864,0.0108,0.0492,0.1792
2026-03-23,baa_g4,IEF,-0.1804,-0.0166,-0.0070,0.0036,0.0398
2026-03-23,baa_g4,LQD,-0.2711,-0.0225,-0.0084,-0.0055,0.0439
2026-03-23,baa_g4,SHY,-0.0010,-0.0050,0.0006,0.0107,0.0359
2026-03-23,baa_g4,SPY,-0.4810,-0.0457,-0.0245,-0.0058,0.1771
2026-03-23,gem,AGG,0.0417,-0.0155,-0.0032,0.0068,0.0417
2026-03-23,gem,EFA,0.1792,-0.0864,0.0108,0.0492,0.1792
2026-03-23,gem,SPY,0.1771,-0.0457,-0.0245,-0.0058,0.1771
2026-03-23,haa,AGG,-0.1430,-0.0155,-0.0032,0.0068,0.0417
2026-03-23,haa,EEM,-0.1004,-0.0780,0.0804,0.0998,0.3140
2026-03-23,haa,EFA,-0.7157,-0.0864,0.0108,0.0492,0.1792
2026-03-23,haa,IEF,-0.1804,-0.0166,-0.0070,0.0036,0.0398
2026-03-23,haa,LQD,-0.2711,-0.0225,-0.0084,-0.0055,0.0439
2026-03-23,haa,SHY,-0.0010,-0.0050,0.0006,0.0107,0.0359
2026-03-23,haa,SPY,-0.4820,-0.0458,-0.0246,-0.0058,0.1771
2026-03-23,permanent,BIL,0.1482,0.0029,0.0091,0.0185,0.0404
2026-03-23,permanent,GLD,-0.7294,-0.1355,0.0164,0.1944,0.4429
2026-03-23,permanent,SPY,-0.4820,-0.0458,-0.0246,-0.0058,0.1771
2026-03-23,permanent,TLT,-0.4465,-0.0312,-0.0106,-0.0090,-0.0113
2026-03-23,all_weather,DBC,3.4224,0.1262,0.2621,0.2865,0.2870
2026-03-23,all_weather,GLD,-0.7294,-0.1355,0.0164,0.1944,0.4429
2026-03-23,all_weather,IEF,-0.1804,-0.0166,-0.0070,0.0036,0.0398
2026-03-23,all_weather,SPY,-0.4820,-0.0458,-0.0246,-0.0058,0.1771
2026-03-23,all_weather,TLT,-0.4465,-0.0312,-0.0106,-0.0090,-0.0113
2026-03-23,golden_butterfly,GLD,-0.7294,-0.1355,0.0164,0.1944,0.4429
2026-03-23,golden_butterfly,SHY,-0.0010,-0.0050,0.0006,0.0107,0.0359
2026-03-23,golden_butterfly,SPY,-0.4807,-0.0457,-0.0245,-0.0058,0.1771
2026-03-23,golden_butterfly,TLT,-0.4465,-0.0312,-0.0106,-0.0090,-0.0113
2026-03-23,golden_butterfly,VBR,-0.5541,-0.0705,0.0123,0.0391,0.1649
2026-03-23,gtaa,DBC,3.4224,0.1262,0.2621,0.2865,0.2870
2026-03-23,gtaa,EFA,-0.7157,-0.0864,0.0108,0.0492,0.1792
2026-03-23,gtaa,IEF,-0.1804,-0.0166,-0.0070,0.0036,0.0398
2026-03-23,gtaa,SHY,-0.0010,-0.0050,0.0006,0.0107,0.0359
2026-03-23,gtaa,SPY,-0.4788,-0.0456,-0.0244,-0.0057,0.1773
2026-03-23,gtaa,VNQ,-0.5559,-0.0540,0.0185,-0.0023,0.0220
2026-03-23,ivy,DBC,3.4224,0.1262,0.2621,0.2865,0.2870
2026-03-23,ivy,EFA,-0.7157,-0.0864,0.0108,0.0492,0.1792
2026-03-23,ivy,IEF,-0.1804,-0.0166,-0.0070,0.0036,0.0398
2026-03-23,ivy,SHY,-0.0010,-0.0050,0.0006,0.0107,0.0359
2026-03-23,ivy,VNQ,-0.5559,-0.0540,0.0185,-0.0023,0.0220
2026-03-23,ivy,VTI,-0.4806,-0.0461,-0.0233,-0.0062,0.1786
2026-03-23,faa,AGG,-0.0358,-0.0155,-0.0032,0.0068,0.0417
2026-03-23,faa,DBC,0.8556,0.1262,0.2621,0.2865,0.2870
2026-03-23,faa,EEM,-0.0398,-0.0808,0.0771,0.0964,0.3099
2026-03-23,faa,EFA,-0.1789,-0.0864,0.0108,0.0492,0.1792
2026-03-23,faa,SHY,-0.0003,-0.0050,0.0006,0.0107,0.0359
2026-03-23,faa,SPY,-0.1198,-0.0456,-0.0245,-0.0057,0.1772
2026-03-23,faa,VNQ,-0.1390,-0.0540,0.0185,-0.0023,0.0220
2026-03-23,eaa,DBC,0.8556,0.1262,0.2621,0.2865,0.2870
2026-03-23,eaa,EEM,-0.0398,-0.0808,0.0771,0.0964,0.3099
2026-03-23,eaa,EFA,-0.1789,-0.0864,0.0108,0.0492,0.1792
2026-03-23,eaa,GLD,-0.1830,-0.1357,0.0162,0.1942,0.4427
2026-03-23,eaa,IEF,-0.0451,-0.0166,-0.0070,0.0036,0.0398
2026-03-23,eaa,SHY,-0.0003,-0.0050,0.0006,0.0107,0.0359
2026-03-23,eaa,SPY,-0.1198,-0.0456,-0.0245,-0.0057,0.1772
2026-03-23,eaa,VNQ,-0.1390,-0.0540,0.0185,-0.0023,0.0220
2026-03-23,laa,GLD,-0.7321,-0.1357,0.0162,0.1942,0.4427
2026-03-23,laa,IEF,-0.1804,-0.0166,-0.0070,0.0036,0.0398
2026-03-23,laa,IWD,-0.1911,-0.0480,0.0258,0.0627,0.1565
2026-03-23,laa,QQQ,-0.2809,-0.0309,-0.0302,-0.0132,0.2373
2026-03-23,laa,SHY,-0.0010,-0.0050,0.0006,0.0107,0.0359
2026-03-23,laa,SPY,-0.4781,-0.0455,-0.0244,-0.0056,0.1773
2026-03-24,daa,BND,-0.1948,-0.0188,-0.0031,0.0032,0.0366
2026-03-24,daa,DBC,3.7686,0.1422,0.2788,0.3127,0.3211
2026-03-24,daa,EEM,-0.2864,-0.0806,0.0551,0.0792,0.3021
2026-03-24,daa,EWJ,-0.5366,-0.0864,0.0361,0.0660,0.2241
2026-03-24,daa,GLD,-1.0238,-0.1577,0.0159,0.1748,0.4556
2026-03-24,daa,HYG,-0.1181,-0.0145,-0.0033,0.0039,0.0611
2026-03-24,daa,IEF,-0.2539,-0.0225,-0.0071,0.0029,0.0382
2026-03-24,daa,IWM,-0.2577,-0.0429,-0.0059,0.0235,0.2343
2026-03-24,daa,LQD,-0.3138,-0.0260,-0.0083,-0.0057,0.0427
2026-03-24,daa,QQQ,-0.3242,-0.0253,-0.0488,-0.0253,0.2253
2026-03-24,daa,SHY,-0.0042,-0.0056,0.0010,0.0115,0.0356
2026-03-24,daa,SPY,-0.4442,-0.0378,-0.0352,-0.0124,0.1744
2026-03-24,daa,TLT,-0.5161,-0.0377,-0.0098,-0.0083,-0.0083
2026-03-24,daa,VGK,-0.9908,-0.0940,-0.0207,0.0300,0.1600
2026-03-24,daa,VNQ,-0.5743,-0.0563,0.0200,-0.0048,0.0310
2026-03-24,daa,VWO,-0.7352,-0.0803,0.0054,0.0069,0.1936
2026-03-24,vaa,AGG,-0.1883,-0.0190,-0.0034,0.0064,0.0413
2026-03-24,vaa,EEM,-0.2897,-0.0808,0.0549,0.0791,0.3019
2026-03-24,vaa,EFA,-0.7697,-0.0862,0.0000,0.0417,0.1818
2026-03-24,vaa,IEF,-0.2549,-0.0225,-0.0071,0.0029,0.0382
2026-03-24,vaa,LQD,-0.3155,-0.0261,-0.0084,-0.0058,0.0426
2026-03-24,vaa,SHY,-0.0054,-0.0056,0.0010,0.0114,0.0355
2026-03-24,vaa,SPY,-0.4397,-0.0375,-0.0350,-0.0122,0.1747
2026-03-24,paa,DBC,3.7767,0.1426,0.2793,0.3132,0.3215
2026-03-24,paa,EEM,-0.2963,-0.0811,0.0545,0.0787,0.3014
2026-03-24,paa,EWJ,-0.5323,-0.0862,0.0364,0.0663,0.2244
2026-03-24,paa,GLD,-1.0291,-0.1580,0.0156,0.1745,0.4552
2026-03-24,paa,HYG,-0.1180,-0.0145,-0.0033,0.0040,0.0611
2026-03-24,paa,IEF,-0.2588,-0.0227,-0.0073,0.0027,0.0380
2026-03-24,paa,IWM,-0.2532,-0.0427,-0.0057,0.0238,0.2346
2026-03-24,paa,LQD,-0.3190,-0.0262,-0.0086,-0.0060,0.0425
2026-03-24,paa,QQQ,-0.3222,-0.0252,-0.0487,-0.0252,0.2254
2026-03-24,paa,SHY,-0.0054,-0.0056,0.0010,0.0114,0.0355
2026-03-24,paa,SPY,-0.4445,-0.0378,-0.0352,-0.0124,0.1744
2026-03-24,paa,TLT,-0.5301,-0.0384,-0.0106,-0.0091,-0.0091
2026-03-24,paa,VGK,-1.0042,-0.0947,-0.0214,0.0292,0.1591
2026-03-24,paa,VNQ,-0.5816,-0.0567,0.0196,-0.0052,0.0306
2026-03-24,baa_g12,DBC,3.7887,0.1432,0.2800,0.3139,0.3222
2026-03-24,baa_g12,EEM,-0.2963,-0.0811,0.0545,0.0787,0.3014
2026-03-24,baa_g12,EWJ,-0.5433,-0.0868,0.0357,0.0656,0.2237
2026-03-24,baa_g12,GLD,-1.0256,-0.1578,0.0158,0.1747,0.4555
2026-03-24,baa_g12,HYG,-0.1193,-0.0145,-0.0034,0.0039,0.0611
2026-03-24,baa_g12,IEF,-0.2598,-0.0228,-0.0074,0.0026,0.0379
2026-03-24,baa_g12,IWM,-0.2728,-0.0437,-0.0067,0.0227,0.2333
2026-03-24,baa_g12,LQD,-0.3181,-0.0262,-0.0086,-0.0059,0.0425
2026-03-24,baa_g12,QQQ,-0.3377,-0.0260,-0.0495,-0.0260,0.2244
2026-03-24,baa_g12,SHY,-0.0065,-0.0057,0.0009,0.0114,0.0354
2026-03-24,baa_g12,SPY,-0.4561,-0.0384,-0.0358,-0.0130,0.1737
2026-03-24,baa_g12,TLT,-0.5269,-0.0382,-0.0104,-0.0089,-0.0089
2026-03-24,baa_g12,VGK,-1.0176,-0.0954,-0.0221,0.0285,0.1583
2026-03-24,baa_g12,VNQ,-0.5858,-0.0569,0.0194,-0.0055,0.0304
2026-03-24,baa_g4,AGG,-0.1930,-0.0193,-0.0037,0.0061,0.0410
2026-03-24,baa_g4,EEM,-0.3145,-0.0820,0.0535,0.0776,0.3002
2026-03-24,baa_g4,EFA,-0.7993,-0.0877,-0.0016,0.0400,0.1799
2026-03-24,baa_g4,IEF,-0.2608,-0.0228,-0.0074,0.0026,0.0378
2026-03-24,baa_g4,LQD,-0.3224,-0.0264,-0.0088,-0.0062,0.0423
2026-03-24,baa_g4,SHY,-0.0076,-0.0058,0.0009,0.0113,0.0354
2026-03-24,baa_g4,SPY,-0.4581,-0.0385,-0.0359,-0.0131,0.1735
2026-03-24,gem,AGG,0.0410,-0.0193,-0.0037,0.0061,0.0410
2026-03-24,gem,EFA,0.1802,-0.0875,-0.0014,0.0403,0.1802
2026-03-24,gem,SPY,0.1738,-0.0383,-0.0357,-0.0129,0.1738
2026-03-24,haa,AGG,-0.1921,-0.0192,-0.0036,0.0062,0.0411
2026-03-24,haa,EEM,-0.3095,-0.0818,0.0538,0.0779,0.3005
2026-03-24,haa,EFA,-0.7907,-0.0873,-0.0012,0.0405,0.1805
2026-03-24,haa,IEF,-0.2608,-0.0228,-0.0074,0.0026,0.0378
2026-03-24,haa,LQD,-0.3199,-0.0263,-0.0087,-0.0060,0.0424
2026-03-24,haa,SHY,-0.0065,-0.0057,0.0009,0.0114,0.0354
2026-03-24,haa,SPY,-0.4590,-0.0385,-0.0360,-0.0132,0.1735
2026-03-24,permanent,BIL,0.1484,0.0030,0.0089,0.0185,0.0402
2026-03-24,permanent,GLD,-1.0360,-0.1583,0.0152,0.1740,0.4546
2026-03-24,permanent,SPY,-0.4635,-0.0388,-0.0362,-0.0134,0.1732
2026-03-24,permanent,TLT,-0.5322,-0.0385,-0.0107,-0.0092,-0.0092
2026-03-24,all_weather,DBC,3.7927,0.1434,0.2802,0.3141,0.3224
2026-03-24,all_weather,GLD,-1.0365,-0.1583,0.0152,0.1740,0.4546
2026-03-24,all_weather,IEF,-0.2627,-0.0229,-0.0075,0.0025,0.0377
2026-03-24,all_weather,SPY,-0.4578,-0.0385,-0.0359,-0.0131,0.1736
2026-03-24,all_weather,TLT,-0.5322,-0.0385,-0.0107,-0.0092,-0.0092
2026-03-24,golden_butterfly,GLD,-1.0314,-0.1581,0.0155,0.1743,0.4550
2026-03-24,golden_butterfly,SHY,-0.0072,-0.0057,0.0009,0.0114,0.0354
2026-03-24,golden_butterfly,SPY,-0.4601,-0.0386,-0.0360,-0.0132,0.1734
2026-03-24,golden_butterfly,TLT,-0.5301,-0.0384,-0.0106,-0.0091,-0.0091
2026-03-24,golden_butterfly,VBR,-0.1691,-0.0442,0.0196,0.0490,0.1844
2026-03-24,gtaa,DBC,3.7927,0.1434,0.2802,0.3141,0.3224
2026-03-24,gtaa,EFA,-0.8022,-0.0879,-0.0018,0.0398,0.1797
2026-03-24,gtaa,IEF,-0.2627,-0.0229,-0.0075,0.0025,0.0377
2026-03-24,gtaa,SHY,-0.0072,-0.0057,0.0009,0.0114,0.0354
2026-03-24,gtaa,SPY,-0.4610,-0.0386,-0.0361,-0.0133,0.1734
2026-03-24,gtaa,VNQ,-0.5993,-0.0576,0.0186,-0.0062,0.0296
2026-03-24,ivy,DBC,3.7927,0.1434,0.2802,0.3141,0.3224
2026-03-24,ivy,EFA,-0.7945,-0.0875,-0.0014,0.0403,0.1802
2026-03-24,ivy,IEF,-0.2637,-0.0230,-0.0076,0.0024,0.0377
2026-03-24,ivy,SHY,-0.0077,-0.0058,0.0009,0.0113,0.0354
2026-03-24,ivy,VNQ,-0.6055,-0.0579,0.0183,-0.0065,0.0293
2026-03-24,ivy,VTI,-0.4387,-0.0376,-0.0342,-0.0129,0.1754
2026-03-24,faa,AGG,-0.0490,-0.0194,-0.0038,0.0060,0.0408
2026-03-24,faa,DBC,0.9482,0.1434,0.2802,0.3141,0.3224
2026-03-24,faa,EEM,-0.0815,-0.0826,0.0529,0.0770,0.2993
2026-03-24,faa,EFA,-0.2005,-0.0879,-0.0018,0.0398,0.1797
2026-03-24,faa,SHY,-0.0018,-0.0057,0.0009,0.0114,0.0354
2026-03-24,faa,SPY,-0.1152,-0.0386,-0.0361,-0.0133,0.1734
2026-03-24,faa,VNQ,-0.1506,-0.0577,0.0185,-0.0064,0.0294
2026-03-24,eaa,DBC,0.9482,0.1434,0.2802,0.3141,0.3224
2026-03-24,eaa,EEM,-0.0807,-0.0824,0.0531,0.0772,0.2996
2026-03-24,eaa,EFA,-0.1996,-0.0877,-0.0016,0.0401,0.1800
2026-03-24,eaa,GLD,-0.2577,-0.1580,0.0155,0.1744,0.4550
2026-03-24,eaa,IEF,-0.0662,-0.0230,-0.0076,0.0024,0.0376
2026-03-24,eaa,SHY,-0.0019,-0.0058,0.0009,0.0113,0.0354
2026-03-24,eaa,SPY,-0.1139,-0.0383,-0.0358,-0.0130,0.1737
2026-03-24,eaa,VNQ,-0.1503,-0.0577,0.0185,-0.0063,0.0295
2026-03-24,laa,GLD,-1.0292,-0.1580,0.0156,0.1745,0.4552
2026-03-24,laa,IEF,-0.2627,-0.0229,-0.0075,0.0025,0.0377
2026-03-24,laa,IWD,-0.0167,-0.0351,0.0255,0.0681,0.1659
2026-03-24,laa,QQQ,-0.3402,-0.0261,-0.0496,-0.0262,0.2242
2026-03-24,laa,SHY,-0.0088,-0.0058,0.0008,0.0113,0.0353
2026-03-24,laa,SPY,-0.4550,-0.0383,-0.0358,-0.0130,0.1737
2026-03-24,daa,BND,-0.2024,-0.0192,-0.0036,0.0028,0.0362
2026-03-24,daa,DBC,3.7927,0.1434,0.2802,0.3141,0.3224
2026-03-24,daa,EEM,-0.3161,-0.0821,0.0534,0.0775,0.3000
2026-03-24,daa,EWJ,-0.5544,-0.0873,0.0351,0.0650,0.2229
2026-03-24,daa,GLD,-1.0251,-0.1578,0.0158,0.1747,0.4555
2026-03-24,daa,HYG,-0.1229,-0.0147,-0.0036,0.0037,0.0609
2026-03-24,daa,IEF,-0.2637,-0.0230,-0.0076,0.0024,0.0377
2026-03-24,daa,IWM,-0.2735,-0.0438,-0.0068,0.0227,0.2333
2026-03-24,daa,LQD,-0.3181,-0.0262,-0.0086,-0.0059,0.0425
2026-03-24,daa,QQQ,-0.3367,-0.0260,-0.0494,-0.0260,0.2245
2026-03-24,daa,SHY,-0.0077,-0.0058,0.0009,0.0113,0.0354
2026-03-24,daa,SPY,-0.4491,-0.0380,-0.0355,-0.0127,0.1741
2026-03-24,daa,TLT,-0.5193,-0.0378,-0.0100,-0.0085,-0.0085
2026-03-24,daa,VGK,-1.0131,-0.0951,-0.0219,0.0287,0.1586
2026-03-24,daa,VNQ,-0.5909,-0.0572,0.0191,-0.0057,0.0301
2026-03-24,daa,VWO,-0.7455,-0.0809,0.0048,0.0064,0.1930
2026-03-24,vaa,AGG,-0.1912,-0.0192,-0.0036,0.0062,0.0411
2026-03-24,vaa,EEM,-0.3095,-0.0818,0.0538,0.0779,0.3005
2026-03-24,vaa,EFA,-0.7831,-0.0869,-0.0007,0.0409,0.1810
2026-03-24,vaa,IEF,-0.2588,-0.0227,-0.0073,0.0027,0.0380
2026-03-24,vaa,LQD,-0.3164,-0.0261,-0.0085,-0.0059,0.0426
2026-03-24,vaa,SHY,-0.0088,-0.0058,0.0008,0.0113,0.0353
2026-03-24,vaa,SPY,-0.4488,-0.0380,-0.0354,-0.0126,0.1741
2026-03-24,paa,DBC,3.7968,0.1436,0.2804,0.3144,0.3227
2026-03-24,paa,EEM,-0.3062,-0.0816,0.0540,0.0781,0.3007
2026-03-24,paa,EWJ,-0.5389,-0.0866,0.0360,0.0659,0.2240
2026-03-24,paa,GLD,-1.0016,-0.1567,0.0172,0.1763,0.4574
2026-03-24,paa,HYG,-0.1193,-0.0145,-0.0034,0.0039,0.0611
2026-03-24,paa,IEF,-0.2588,-0.0227,-0.0073,0.0027,0.0380
2026-03-24,paa,IWM,-0.2555,-0.0428,-0.0058,0.0236,0.2345
2026-03-24,paa,LQD,-0.3130,-0.0259,-0.0083,-0.0057,0.0428
2026-03-24,paa,QQQ,-0.3300,-0.0256,-0.0491,-0.0256,0.2249
2026-03-24,paa,SHY,-0.0077,-0.0058,0.0009,0.0113,0.0354
2026-03-24,paa,SPY,-0.4394,-0.0375,-0.0350,-0.0121,0.1747
2026-03-24,paa,TLT,-0.5043,-0.0370,-0.0092,-0.0077,-0.0077
2026-03-24,paa,VGK,-1.0042,-0.0947,-0.0214,0.0292,0.1591
2026-03-24,paa,VNQ,-0.5774,-0.0565,0.0198,-0.0050,0.0308
2026-03-24,baa_g12,DBC,3.7968,0.1436,0.2804,0.3144,0.3227
2026-03-24,baa_g12,EEM,-0.2913,-0.0809,0.0548,0.0790,0.3018
2026-03-24,baa_g12,EWJ,-0.5268,-0.0860,0.0367,0.0666,0.2248
2026-03-24,baa_g12,GLD,-0.9898,-0.1561,0.0178,0.1770,0.4584
2026-03-24,baa_g12,HYG,-0.1175,-0.0145,-0.0033,0.0040,0.0612
2026-03-24,baa_g12,IEF,-0.2549,-0.0225,-0.0071,0.0029,0.0382
2026-03-24,baa_g12,IWM,-0.2479,-0.0424,-0.0054,0.0241,0.2350
2026-03-24,baa_g12,LQD,-0.3095,-0.0258,-0.0081,-0.0055,0.0430
2026-03-24,baa_g12,QQQ,-0.3272,-0.0255,-0.0489,-0.0255,0.2251
2026-03-24,baa_g12,SHY,-0.0065,-0.0057,0.0009,0.0114,0.0354
2026-03-24,baa_g12,SPY,-0.4414,-0.0376,-0.0351,-0.0123,0.1746
2026-03-24,baa_g12,TLT,-0.5065,-0.0372,-0.0093,-0.0078,-0.0078
2026-03-24,baa_g12,VGK,-0.9930,-0.0941,-0.0208,0.0299,0.1599
2026-03-24,baa_g12,VNQ,-0.5816,-0.0567,0.0196,-0.0052,0.0306
2026-03-24,baa_g4,AGG,-0.1855,-0.0189,-0.0033,0.0065,0.0414
2026-03-24,baa_g4,EEM,-0.2897,-0.0808,0.0549,0.0791,0.3019
2026-03-24,baa_g4,EFA,-0.7583,-0.0857,0.0006,0.0423,0.1826
2026-03-24,baa_g4,IEF,-0.2539,-0.0225,-0.0071,0.0029,0.0382
2026-03-24,baa_g4,LQD,-0.3069,-0.0256,-0.0080,-0.0053,0.0431
2026-03-24,baa_g4,SHY,-0.0065,-0.0057,0.0009,0.0114,0.0354
2026-03-24,baa_g4,SPY,-0.4298,-0.0370,-0.0345,-0.0116,0.1753
2026-03-24,gem,AGG,0.0414,-0.0189,-0.0033,0.0065,0.0414
2026-03-24,gem,EFA,0.1833,-0.0851,0.0012,0.0429,0.1833
2026-03-24,gem,SPY,0.1755,-0.0369,-0.0343,-0.0115,0.1755
2026-03-24,haa,AGG,-0.1855,-0.0189,-0.0033,0.0065,0.0414
2026-03-24,haa,EEM,-0.2699,-0.0798,0.0560,0.0802,0.3033
2026-03-24,haa,EFA,-0.7372,-0.0846,0.0018,0.0435,0.1840
2026-03-24,haa,IEF,-0.2508,-0.0223,-0.0069,0.0031,0.0384
2026-03-24,haa,LQD,-0.3026,-0.0254,-0.0078,-0.0051,0.0434
2026-03-24,haa,SHY,-0.0065,-0.0057,0.0009,0.0114,0.0354
2026-03-24,haa,SPY,-0.4218,-0.0366,-0.0340,-0.0112,0.1758
2026-03-24,permanent,BIL,0.1480,0.0030,0.0088,0.0185,0.0401
2026-03-24,permanent,GLD,-0.9710,-0.1553,0.0189,0.1783,0.4599
2026-03-24,permanent,SPY,-0.4224,-0.0366,-0.0341,-0.0112,0.1758
2026-03-24,permanent,TLT,-0.4979,-0.0367,-0.0088,-0.0074,-0.0074
2026-03-24,all_weather,DBC,3.7928,0.1434,0.2802,0.3141,0.3225
2026-03-24,all_weather,GLD,-0.9657,-0.1550,0.0192,0.1786,0.4603
2026-03-24,all_weather,IEF,-0.2509,-0.0223,-0.0069,0.0031,0.0384
2026-03-24,all_weather,SPY,-0.4213,-0.0366,-0.0340,-0.0112,0.1759
2026-03-24,all_weather,TLT,-0.4957,-0.0366,-0.0087,-0.0072,-0.0072
2026-03-24,golden_butterfly,GLD,-0.9693,-0.1552,0.0190,0.1784,0.4600
2026-03-24,golden_butterfly,SHY,-0.0065,-0.0057,0.0009,0.0114,0.0354
2026-03-24,golden_butterfly,SPY,-0.4199,-0.0365,-0.0339,-0.0111,0.1760
2026-03-24,golden_butterfly,TLT,-0.4968,-0.0366,-0.0088,-0.0073,-0.0073
2026-03-24,golden_butterfly,VBR,-0.1122,-0.0413,0.0227,0.0522,0.1880
2026-03-24,gtaa,DBC,3.7928,0.1434,0.2802,0.3141,0.3225
2026-03-24,gtaa,EFA,-0.7449,-0.0850,0.0014,0.0431,0.1835
2026-03-24,gtaa,IEF,-0.2529,-0.0224,-0.0070,0.0030,0.0383
2026-03-24,gtaa,SHY,-0.0065,-0.0057,0.0009,0.0114,0.0354
2026-03-24,gtaa,SPY,-0.4281,-0.0369,-0.0344,-0.0115,0.1754
2026-03-24,gtaa,VNQ,-0.5774,-0.0565,0.0198,-0.0050,0.0308
2026-03-24,ivy,DBC,3.7928,0.1434,0.2802,0.3141,0.3225
2026-03-24,ivy,EFA,-0.7554,-0.0855,0.0008,0.0425,0.1828
2026-03-24,ivy,IEF,-0.2549,-0.0225,-0.0071,0.0029,0.0382
2026-03-24,ivy,SHY,-0.0065,-0.0057,0.0009,0.0114,0.0354
2026-03-24,ivy,VNQ,-0.5774,-0.0565,0.0198,-0.0050,0.0308
2026-03-24,ivy,VTI,-0.4094,-0.0361,-0.0327,-0.0113,0.1772
2026-03-24,faa,AGG,-0.0466,-0.0189,-0.0033,0.0065,0.0414
2026-03-24,faa,DBC,0.9472,0.1432,0.2800,0.3139,0.3222
2026-03-24,faa,EEM,-0.0699,-0.0803,0.0555,0.0796,0.3026
2026-03-24,faa,EFA,-0.1893,-0.0856,0.0007,0.0424,0.1827
2026-03-24,faa,SHY,-0.0016,-0.0057,0.0009,0.0114,0.0354
2026-03-24,faa,SPY,-0.1067,-0.0368,-0.0343,-0.0115,0.1755
2026-03-24,faa,VNQ,-0.1441,-0.0564,0.0199,-0.0050,0.0309
2026-03-24,eaa,DBC,0.9472,0.1432,0.2800,0.3139,0.3222
2026-03-24,eaa,EEM,-0.0708,-0.0805,0.0553,0.0794,0.3023
2026-03-24,eaa,EFA,-0.1888,-0.0855,0.0008,0.0425,0.1828
2026-03-24,eaa,GLD,-0.2476,-0.1562,0.0178,0.1770,0.4583
2026-03-24,eaa,IEF,-0.0637,-0.0225,-0.0071,0.0029,0.0382
2026-03-24,eaa,SHY,-0.0016,-0.0057,0.0009,0.0114,0.0354
2026-03-24,eaa,SPY,-0.1078,-0.0371,-0.0345,-0.0117,0.1752
2026-03-24,eaa,VNQ,-0.1449,-0.0566,0.0197,-0.0051,0.0307
2026-03-24,laa,GLD,-0.9932,-0.1563,0.0176,0.1768,0.4581
2026-03-24,laa,IEF,-0.2549,-0.0225,-0.0071,0.0029,0.0382
2026-03-24,laa,IWD,0.0006,-0.0342,0.0265,0.0691,0.1670
2026-03-24,laa,QQQ,-0.3128,-0.0247,-0.0482,-0.0247,0.2260
2026-03-24,laa,SHY,-0.0054,-0.0056,0.0010,0.0114,0.0355
2026-03-24,laa,SPY,-0.4338,-0.0372,-0.0347,-0.0118,0.1751
2026-03-25,daa,BND,-0.1190,-0.0147,0.0007,0.0048,0.0449
2026-03-25,daa,DBC,3.4601,0.1321,0.2499,0.2862,0.3030
2026-03-25,daa,EEM,-0.1881,-0.0802,0.0664,0.0961,0.3172
2026-03-25,daa,EWJ,-0.1831,-0.0689,0.0557,0.0867,0.2482
2026-03-25,daa,GLD,-0.3778,-0.1175,0.0260,0.2089,0.5107
2026-03-25,daa,HYG,-0.0727,-0.0116,-0.0020,0.0069,0.0604
2026-03-25,daa,IEF,-0.1679,-0.0182,-0.0018,0.0043,0.0487
2026-03-25,daa,IWM,-0.2159,-0.0413,-0.0044,0.0388,0.2196
2026-03-25,daa,LQD,-0.2111,-0.0206,-0.0030,-0.0025,0.0528
2026-03-25,daa,QQQ,-0.3623,-0.0295,-0.0473,-0.0126,0.2066
2026-03-25,daa,SHY,0.0088,-0.0050,0.0021,0.0117,0.0375
2026-03-25,daa,SPY,-0.4732,-0.0401,-0.0366,-0.0023,0.1593
2026-03-25,daa,TLT,-0.3696,-0.0309,0.0010,-0.0066,0.0107
2026-03-25,daa,VGK,-0.7536,-0.0821,-0.0104,0.0470,0.1792
2026-03-25,daa,VNQ,-0.7465,-0.0636,0.0095,-0.0154,0.0100
2026-03-25,daa,VWO,-0.5158,-0.0717,0.0191,0.0274,0.2140
2026-03-25,vaa,AGG,-0.1210,-0.0156,0.0003,0.0082,0.0488
2026-03-25,vaa,EEM,-0.1849,-0.0801,0.0666,0.0962,0.3174
2026-03-25,vaa,EFA,-0.5151,-0.0739,0.0129,0.0598,0.2002
2026-03-25,vaa,IEF,-0.1679,-0.0182,-0.0018,0.0043,0.0487
2026-03-25,vaa,LQD,-0.2128,-0.0207,-0.0030,-0.0025,0.0527
2026-03-25,vaa,SHY,0.0105,-0.0049,0.0022,0.0118,0.0376
2026-03-25,vaa,SPY,-0.4711,-0.0400,-0.0365,-0.0021,0.1594
2026-03-25,paa,DBC,3.4601,0.1321,0.2499,0.2862,0.3030
2026-03-25,paa,EEM,-0.1800,-0.0798,0.0668,0.0965,0.3178
2026-03-25,paa,EWJ,-0.1731,-0.0685,0.0562,0.0873,0.2488
2026-03-25,paa,GLD,-0.3789,-0.1176,0.0259,0.2088,0.5106
2026-03-25,paa,HYG,-0.0715,-0.0115,-0.0019,0.0070,0.0605
2026-03-25,paa,IEF,-0.1649,-0.0180,-0.0017,0.0045,0.0488
2026-03-25,paa,IWM,-0.2129,-0.0411,-0.0043,0.0390,0.2198
2026-03-25,paa,LQD,-0.2102,-0.0206,-0.0029,-0.0024,0.0528
2026-03-25,paa,QQQ,-0.3620,-0.0295,-0.0473,-0.0126,0.2066
2026-03-25,paa,SHY,0.0099,-0.0050,0.0021,0.0118,0.0376
2026-03-25,paa,SPY,-0.4732,-0.0401,-0.0366,-0.0023,0.1593
2026-03-25,paa,TLT,-0.3674,-0.0308,0.0012,-0.0065,0.0108
2026-03-25,paa,VGK,-0.7480,-0.0818,-0.0101,0.0473,0.1796
2026-03-25,paa,VNQ,-0.7537,-0.0640,0.0091,-0.0158,0.0096
2026-03-25,baa_g12,DBC,3.4601,0.1321,0.2499,0.2862,0.3030
2026-03-25,baa_g12,EEM,-0.1898,-0.0803,0.0663,0.0960,0.3171
2026-03-25,baa_g12,EWJ,-0.1898,-0.0693,0.0553,0.0863,0.2477
2026-03-25,baa_g12,GLD,-0.3958,-0.1184,0.0250,0.2077,0.5092
2026-03-25,baa_g12,HYG,-0.0751,-0.0117,-0.0021,0.0068,0.0603
2026-03-25,baa_g12,IEF,-0.1669,-0.0181,-0.0018,0.0044,0.0487
2026-03-25,baa_g12,IWM,-0.2211,-0.0416,-0.0047,0.0385,0.2193
2026-03-25,baa_g12,LQD,-0.2137,-0.0207,-0.0031,-0.0026,0.0526
2026-03-25,baa_g12,QQQ,-0.3639,-0.0296,-0.0474,-0.0127,0.2065
2026-03-25,baa_g12,SHY,0.0099,-0.0050,0.0021,0.0118,0.0376
2026-03-25,baa_g12,SPY,-0.4729,-0.0401,-0.0366,-0.0022,0.1593
2026-03-25,baa_g12,TLT,-0.3717,-0.0311,0.0009,-0.0067,0.0106
2026-03-25,baa_g12,VGK,-0.7514,-0.0820,-0.0103,0.0471,0.1794
2026-03-25,baa_g12,VNQ,-0.7496,-0.0638,0.0093,-0.0156,0.0099
2026-03-25,baa_g4,AGG,-0.1210,-0.0156,0.0003,0.0082,0.0488
2026-03-25,baa_g4,EEM,-0.1832,-0.0800,0.0667,0.0963,0.3176
2026-03-25,baa_g4,EFA,-0.5123,-0.0737,0.0130,0.0599,0.2004
2026-03-25,baa_g4,IEF,-0.1669,-0.0181,-0.0018,0.0044,0.0487
2026-03-25,baa_g4,LQD,-0.2085,-0.0205,-0.0028,-0.0023,0.0529
2026-03-25,baa_g4,SHY,0.0099,-0.0050,0.0021,0.0118,0.0376
2026-03-25,baa_g4,SPY,-0.4695,-0.0399,-0.0364,-0.0021,0.1595
2026-03-25,gem,AGG,0.0489,-0.0155,0.0004,0.0083,0.0489
2026-03-25,gem,EFA,0.2004,-0.0737,0.0131,0.0600,0.2004
2026-03-25,gem,SPY,0.1595,-0.0400,-0.0364,-0.0021,0.1595
2026-03-25,haa,AGG,-0.1191,-0.0155,0.0004,0.0083,0.0489
2026-03-25,haa,EEM,-0.1800,-0.0798,0.0668,0.0965,0.3178
2026-03-25,haa,EFA,-0.5132,-0.0738,0.0130,0.0599,0.2003
2026-03-25,haa,IEF,-0.1639,-0.0180,-0.0016,0.0046,0.0489
2026-03-25,haa,LQD,-0.2094,-0.0205,-0.0029,-0.0024,0.0529
2026-03-25,haa,SHY,0.0099,-0.0050,0.0021,0.0118,0.0376
2026-03-25,haa,SPY,-0.4692,-0.0399,-0.0364,-0.0020,0.1595
2026-03-25,permanent,BIL,0.1475,0.0029,0.0090,0.0186,0.0402
2026-03-25,permanent,GLD,-0.3892,-0.1181,0.0254,0.2082,0.5098
2026-03-25,permanent,SPY,-0.4708,-0.0400,-0.0365,-0.0021,0.1594
2026-03-25,permanent,TLT,-0.3620,-0.0306,0.0015,-0.0062,0.0111
2026-03-25,all_weather,DBC,3.4547,0.1318,0.2496,0.2859,0.3027
2026-03-25,all_weather,GLD,-0.3896,-0.1181,0.0253,0.2081,0.5097
2026-03-25,all_weather,IEF,-0.1649,-0.0180,-0.0017,0.0045,0.0488
2026-03-25,all_weather,SPY,-0.4715,-0.0400,-0.0365,-0.0022,0.1594
2026-03-25,all_weather,TLT,-0.3631,-0.0306,0.0014,-0.0062,0.0111
2026-03-25,golden_butterfly,GLD,-0.3901,-0.1181,0.0253,0.2081,0.5097
2026-03-25,golden_butterfly,SHY,0.0099,-0.0050,0.0021,0.0118,0.0376
2026-03-25,golden_butterfly,SPY,-0.4735,-0.0401,-0.0366,-0.0023,0.1593
2026-03-25,golden_butterfly,TLT,-0.3631,-0.0306,0.0014,-0.0062,0.0111
2026-03-25,golden_butterfly,VBR,-0.2360,-0.0475,0.0165,0.0530,0.1625
2026-03-25,gtaa,DBC,3.4560,0.1319,0.2497,0.2860,0.3028
2026-03-25,gtaa,EFA,-0.5190,-0.0740,0.0126,0.0596,0.1999
2026-03-25,gtaa,IEF,-0.1650,-0.0180,-0.0017,0.0045,0.0488
2026-03-25,gtaa,SHY,0.0099,-0.0050,0.0021,0.0118,0.0376
2026-03-25,gtaa,SPY,-0.4729,-0.0401,-0.0366,-0.0022,0.1593
2026-03-25,gtaa,VNQ,-0.7579,-0.0642,0.0089,-0.0161,0.0094
2026-03-25,ivy,DBC,3.4560,0.1319,0.2497,0.2860,0.3028
2026-03-25,ivy,EFA,-0.5151,-0.0739,0.0129,0.0598,0.2002
2026-03-25,ivy,IEF,-0.1659,-0.0181,-0.0017,0.0045,0.0488
2026-03-25,ivy,SHY,0.0088,-0.0050,0.0021,0.0117,0.0375
2026-03-25,ivy,VNQ,-0.7547,-0.0641,0.0090,-0.0159,0.0096
2026-03-25,ivy,VTI,-0.4604,-0.0398,-0.0352,-0.0016,0.1609
2026-03-25,faa,AGG,-0.0300,-0.0156,0.0004,0.0082,0.0489
2026-03-25,faa,DBC,0.8640,0.1319,0.2497,0.2860,0.3028
2026-03-25,faa,EEM,-0.0450,-0.0798,0.0668,0.0965,0.3178
2026-03-25,faa,EFA,-0.1297,-0.0740,0.0126,0.0596,0.1999
2026-03-25,faa,SHY,0.0022,-0.0050,0.0021,0.0117,0.0375
2026-03-25,faa,SPY,-0.1180,-0.0401,-0.0365,-0.0022,0.1593
2026-03-25,faa,VNQ,-0.1884,-0.0640,0.0091,-0.0158,0.0096
2026-03-25,eaa,DBC,0.8620,0.1315,0.2492,0.2855,0.3023
2026-03-25,eaa,EEM,-0.0442,-0.0797,0.0670,0.0967,0.3180
2026-03-25,eaa,EFA,-0.1297,-0.0740,0.0126,0.0596,0.1999
2026-03-25,eaa,GLD,-0.0986,-0.1183,0.0251,0.2078,0.5093
2026-03-25,eaa,IEF,-0.0415,-0.0181,-0.0017,0.0045,0.0488
2026-03-25,eaa,SHY,0.0022,-0.0050,0.0021,0.0117,0.0375
2026-03-25,eaa,SPY,-0.1189,-0.0402,-0.0367,-0.0024,0.1591
2026-03-25,eaa,VNQ,-0.1892,-0.0642,0.0089,-0.0160,0.0095
2026-03-25,laa,GLD,-0.3972,-0.1184,0.0249,0.2076,0.5091
2026-03-25,laa,IEF,-0.1689,-0.0182,-0.0019,0.0043,0.0486
2026-03-25,laa,IWD,-0.0829,-0.0382,0.0205,0.0702,0.1531
2026-03-25,laa,QQQ,-0.3668,-0.0298,-0.0475,-0.0128,0.2063
2026-03-25,laa,SHY,0.0087,-0.0050,0.0021,0.0117,0.0375
2026-03-25,laa,SPY,-0.4771,-0.0403,-0.0368,-0.0025,0.1590
2026-03-25,daa,BND,-0.1203,-0.0148,0.0007,0.0047,0.0448
2026-03-25,daa,DBC,3.4560,0.1319,0.2497,0.2860,0.3028
2026-03-25,daa,EEM,-0.1800,-0.0798,0.0668,0.0965,0.3178
2026-03-25,daa,EWJ,-0.1931,-0.0694,0.0551,0.0861,0.2475
2026-03-25,daa,GLD,-0.3972,-0.1184,0.0249,0.2076,0.5091
2026-03-25,daa,HYG,-0.0708,-0.0115,-0.0019,0.0070,0.0605
2026-03-25,daa,IEF,-0.1689,-0.0182,-0.0019,0.0043,0.0486
2026-03-25,daa,IWM,-0.2241,-0.0417,-0.0049,0.0384,0.2191
2026-03-25,daa,LQD,-0.2137,-0.0207,-0.0031,-0.0026,0.0526
2026-03-25,daa,QQQ,-0.3668,-0.0298,-0.0475,-0.0128,0.2063
2026-03-25,daa,SHY,0.0087,-0.0050,0.0021,0.0117,0.0375
2026-03-25,daa,SPY,-0.4802,-0.0405,-0.0370,-0.0026,0.1588
2026-03-25,daa,TLT,-0.3717,-0.0311,0.0009,-0.0067,0.0106
2026-03-25,daa,VGK,-0.7603,-0.0824,-0.0108,0.0466,0.1788
2026-03-25,daa,VNQ,-0.7786,-0.0653,0.0077,-0.0172,0.0083
2026-03-25,daa,VWO,-0.5210,-0.0720,0.0188,0.0271,0.2136
2026-03-25,vaa,AGG,-0.1240,-0.0158,0.0002,0.0080,0.0487
2026-03-25,vaa,EEM,-0.1963,-0.0806,0.0659,0.0956,0.3166
2026-03-25,vaa,EFA,-0.5304,-0.0746,0.0120,0.0589,0.1992
2026-03-25,vaa,IEF,-0.1689,-0.0182,-0.0019,0.0043,0.0486
2026-03-25,vaa,LQD,-0.2154,-0.0208,-0.0032,-0.0027,0.0525
2026-03-25,vaa,SHY,0.0087,-0.0050,0.0021,0.0117,0.0375
2026-03-25,vaa,SPY,-0.4867,-0.0408,-0.0373,-0.0030,0.1584
2026-03-25,paa,DBC,3.4560,0.1319,0.2497,0.2860,0.3028
2026-03-25,paa,EEM,-0.1963,-0.0806,0.0659,0.0956,0.3166
2026-03-25,paa,EWJ,-0.2031,-0.0699,0.0546,0.0855,0.2468
2026-03-25,paa,GLD,-0.4061,-0.1189,0.0244,0.2071,0.5084
2026-03-25,paa,HYG,-0.0727,-0.0116,-0.0020,0.0069,0.0604
2026-03-25,paa,IEF,-0.1689,-0.0182,-0.0019,0.0043,0.0486
2026-03-25,paa,IWM,-0.2293,-0.0420,-0.0051,0.0381,0.2187
2026-03-25,paa,LQD,-0.2154,-0.0208,-0.0032,-0.0027,0.0525
2026-03-25,paa,QQQ,-0.3668,-0.0298,-0.0475,-0.0128,0.2063
2026-03-25,paa,SHY,0.0087,-0.0050,0.0021,0.0117,0.0375
2026-03-25,paa,SPY,-0.4794,-0.0405,-0.0369,-0.0026,0.1589
2026-03-25,paa,TLT,-0.3696,-0.0309,0.0010,-0.0066,0.0107
2026-03-25,paa,VGK,-0.7603,-0.0824,-0.0108,0.0466,0.1788
2026-03-25,paa,VNQ,-0.7765,-0.0652,0.0078,-0.0171,0.0084
2026-03-25,baa_g12,DBC,3.4600,0.1321,0.2499,0.2862,0.3030
2026-03-25,baa_g12,EEM,-0.1963,-0.0806,0.0659,0.0956,0.3166
2026-03-25,baa_g12,EWJ,-0.1986,-0.0697,0.0548,0.0858,0.2471
2026-03-25,baa_g12,GLD,-0.4101,-0.1190,0.0242,0.2068,0.5081
2026-03-25,baa_g12,HYG,-0.0715,-0.0115,-0.0019,0.0070,0.0605
2026-03-25,baa_g12,IEF,-0.1687,-0.0182,-0.0019,0.0043,0.0486
2026-03-25,baa_g12,IWM,-0.2341,-0.0422,-0.0054,0.0378,0.2184
2026-03-25,baa_g12,LQD,-0.2137,-0.0207,-0.0031,-0.0026,0.0526
2026-03-25,baa_g12,QQQ,-0.3751,-0.0302,-0.0480,-0.0133,0.2058
2026-03-25,baa_g12,SHY,0.0087,-0.0050,0.0021,0.0117,0.0375
2026-03-25,baa_g12,SPY,-0.4840,-0.0407,-0.0372,-0.0028,0.1586
2026-03-25,baa_g12,TLT,-0.3696,-0.0309,0.0010,-0.0066,0.0107
2026-03-25,baa_g12,VGK,-0.7703,-0.0829,-0.0113,0.0460,0.1781
2026-03-25,baa_g12,VNQ,-0.7734,-0.0650,0.0080,-0.0169,0.0085
2026-03-25,baa_g4,AGG,-0.1219,-0.0157,0.0003,0.0081,0.0488
2026-03-25,baa_g4,EEM,-0.1996,-0.0808,0.0657,0.0954,0.3164
2026-03-25,baa_g4,EFA,-0.5352,-0.0749,0.0118,0.0586,0.1989
2026-03-25,baa_g4,IEF,-0.1679,-0.0182,-0.0018,0.0043,0.0487
2026-03-25,baa_g4,LQD,-0.2145,-0.0208,-0.0031,-0.0026,0.0526
2026-03-25,baa_g4,SHY,0.0087,-0.0050,0.0021,0.0117,0.0375
2026-03-25,baa_g4,SPY,-0.4844,-0.0407,-0.0372,-0.0029,0.1586
2026-03-25,gem,AGG,0.0488,-0.0157,0.0003,0.0081,0.0488
2026-03-25,gem,EFA,0.1987,-0.0750,0.0116,0.0585,0.1987
2026-03-25,gem,SPY,0.1587,-0.0406,-0.0371,-0.0028,0.1587
2026-03-25,haa,AGG,-0.1210,-0.0156,0.0003,0.0082,0.0488
2026-03-25,haa,EEM,-0.1979,-0.0807,0.0658,0.0955,0.3165
2026-03-25,haa,EFA,-0.5361,-0.0749,0.0117,0.0586,0.1988
2026-03-25,haa,IEF,-0.1679,-0.0182,-0.0018,0.0043,0.0487
2026-03-25,haa,LQD,-0.2137,-0.0207,-0.0031,-0.0026,0.0526
2026-03-25,haa,SHY,0.0087,-0.0050,0.0021,0.0117,0.0375
2026-03-25,haa,SPY,-0.4837,-0.0407,-0.0371,-0.0028,0.1586
2026-03-25,permanent,BIL,0.1458,0.0028,0.0089,0.0185,0.0402
2026-03-25,permanent,GLD,-0.4101,-0.1190,0.0242,0.2068,0.5081
2026-03-25,permanent,SPY,-0.4833,-0.0407,-0.0371,-0.0028,0.1586
2026-03-25,permanent,TLT,-0.3696,-0.0309,0.0010,-0.0066,0.0107
2026-03-25,all_weather,DBC,3.4800,0.1331,0.2510,0.2874,0.3042
2026-03-25,all_weather,GLD,-0.4083,-0.1190,0.0243,0.2069,0.5082
2026-03-25,all_weather,IEF,-0.1679,-0.0182,-0.0018,0.0043,0.0487
2026-03-25,all_weather,SPY,-0.4861,-0.0408,-0.0373,-0.0029,0.1585
2026-03-25,all_weather,TLT,-0.3717,-0.0311,0.0009,-0.0067,0.0106
2026-03-25,golden_butterfly,GLD,-0.4136,-0.1192,0.0240,0.2066,0.5078
2026-03-25,golden_butterfly,SHY,0.0110,-0.0049,0.0022,0.0118,0.0376
2026-03-25,golden_butterfly,SPY,-0.4915,-0.0411,-0.0375,-0.0032,0.1581
2026-03-25,golden_butterfly,TLT,-0.3713,-0.0310,0.0010,-0.0067,0.0106
2026-03-25,golden_butterfly,VBR,-0.2591,-0.0487,0.0153,0.0517,0.1611
2026-03-25,gtaa,DBC,3.5001,0.1341,0.2521,0.2885,0.3053
2026-03-25,gtaa,EFA,-0.5438,-0.0753,0.0113,0.0581,0.1983
2026-03-25,gtaa,IEF,-0.1679,-0.0182,-0.0018,0.0043,0.0487
2026-03-25,gtaa,SHY,0.0110,-0.0049,0.0022,0.0118,0.0376
2026-03-25,gtaa,SPY,-0.4901,-0.0410,-0.0375,-0.0032,0.1582
2026-03-25,gtaa,VNQ,-0.7765,-0.0652,0.0078,-0.0171,0.0084
2026-03-25,ivy,DBC,3.5041,0.1343,0.2523,0.2888,0.3056
2026-03-25,ivy,EFA,-0.5380,-0.0750,0.0116,0.0585,0.1987
2026-03-25,ivy,IEF,-0.1685,-0.0182,-0.0019,0.0043,0.0486
2026-03-25,ivy,SHY,0.0110,-0.0049,0.0022,0.0118,0.0376
2026-03-25,ivy,VNQ,-0.7703,-0.0649,0.0082,-0.0167,0.0087
2026-03-25,ivy,VTI,-0.4786,-0.0407,-0.0361,-0.0026,0.1597
2026-03-25,faa,AGG,-0.0302,-0.0156,0.0003,0.0082,0.0488
2026-03-25,faa,DBC,0.8760,0.1343,0.2523,0.2888,0.3056
2026-03-25,faa,EEM,-0.0507,-0.0810,0.0655,0.0952,0.3162
2026-03-25,faa,EFA,-0.1343,-0.0750,0.0117,0.0585,0.1988
2026-03-25,faa,SHY,0.0025,-0.0050,0.0021,0.0118,0.0376
2026-03-25,faa,SPY,-0.1208,-0.0406,-0.0371,-0.0028,0.1587
2026-03-25,faa,VNQ,-0.1913,-0.0646,0.0085,-0.0164,0.0090
2026-03-25,eaa,DBC,0.8740,0.1339,0.2519,0.2883,0.3051
2026-03-25,eaa,EEM,-0.0507,-0.0810,0.0655,0.0952,0.3162
2026-03-25,eaa,EFA,-0.1340,-0.0749,0.0117,0.0586,0.1988
2026-03-25,eaa,GLD,-0.1032,-0.1192,0.0240,0.2066,0.5078
2026-03-25,eaa,IEF,-0.0420,-0.0182,-0.0018,0.0043,0.0487
2026-03-25,eaa,SHY,0.0025,-0.0050,0.0021,0.0118,0.0376
2026-03-25,eaa,SPY,-0.1234,-0.0412,-0.0377,-0.0033,0.1580
2026-03-25,eaa,VNQ,-0.1926,-0.0649,0.0082,-0.0167,0.0087
2026-03-25,laa,GLD,-0.4123,-0.1192,0.0241,0.2067,0.5079
2026-03-25,laa,IEF,-0.1679,-0.0182,-0.0018,0.0043,0.0487
2026-03-25,laa,IWD,-0.1013,-0.0391,0.0195,0.0692,0.1519
2026-03-25,laa,QQQ,-0.3905,-0.0310,-0.0488,-0.0141,0.2048
2026-03-25,laa,SHY,0.0099,-0.0050,0.0021,0.0118,0.0376
2026-03-25,laa,SPY,-0.4915,-0.0411,-0.0375,-0.0032,0.1581
2026-03-26,daa,BND,-0.2164,-0.0199,-0.0046,0.0013,0.0379
2026-03-26,daa,DBC,3.8571,0.1554,0.2630,0.3056,0.3296
2026-03-26,daa,EEM,-0.8640,-0.1167,0.0296,0.0678,0.2826
2026-03-26,daa,EWJ,-0.6940,-0.0973,0.0285,0.0708,0.2175
2026-03-26,daa,GLD,-1.1548,-0.1517,-0.0291,0.1698,0.4422
2026-03-26,daa,HYG,-0.2004,-0.0188,-0.0086,0.0023,0.0546
2026-03-26,daa,IEF,-0.2735,-0.0236,-0.0078,0.0006,0.0402
2026-03-26,daa,IWM,-0.4716,-0.0586,-0.0119,0.0344,0.2100
2026-03-26,daa,LQD,-0.3567,-0.0282,-0.0120,-0.0065,0.0432
2026-03-26,daa,QQQ,-0.8715,-0.0603,-0.0685,-0.0266,0.1786
2026-03-26,daa,SHY,-0.0170,-0.0064,0.0009,0.0105,0.0354
2026-03-26,daa,SPY,-0.8294,-0.0609,-0.0538,-0.0124,0.1410
2026-03-26,daa,TLT,-0.5294,-0.0394,-0.0091,-0.0113,0.0022
2026-03-26,daa,VGK,-1.1528,-0.1046,-0.0310,0.0367,0.1531
2026-03-26,daa,VNQ,-0.7099,-0.0625,0.0086,-0.0072,0.0199
2026-03-26,daa,VWO,-1.0178,-0.0983,-0.0091,0.0055,0.1872
2026-03-26,vaa,AGG,-0.2141,-0.0204,-0.0051,0.0046,0.0422
2026-03-26,vaa,EEM,-0.8737,-0.1172,0.0291,0.0672,0.2819
2026-03-26,vaa,EFA,-0.9577,-0.0985,-0.0108,0.0475,0.1729
2026-03-26,vaa,IEF,-0.2754,-0.0237,-0.0079,0.0005,0.0401
2026-03-26,vaa,LQD,-0.3618,-0.0285,-0.0123,-0.0068,0.0429
2026-03-26,vaa,SHY,-0.0170,-0.0064,0.0009,0.0105,0.0354
2026-03-26,vaa,SPY,-0.8306,-0.0609,-0.0539,-0.0125,0.1410
2026-03-26,paa,DBC,3.8571,0.1554,0.2630,0.3056,0.3296
2026-03-26,paa,EEM,-0.8721,-0.1171,0.0292,0.0673,0.2821
2026-03-26,paa,EWJ,-0.6973,-0.0974,0.0283,0.0706,0.2173
2026-03-26,paa,GLD,-1.1463,-0.1513,-0.0286,0.1703,0.4429
2026-03-26,paa,HYG,-0.2028,-0.0189,-0.0088,0.0022,0.0545
2026-03-26,paa,IEF,-0.2774,-0.0238,-0.0080,0.0004,0.0400
2026-03-26,paa,IWM,-0.4839,-0.0592,-0.0125,0.0337,0.2092
2026-03-26,paa,LQD,-0.3636,-0.0286,-0.0124,-0.0069,0.0428
2026-03-26,paa,QQQ,-0.8749,-0.0604,-0.0686,-0.0267,0.1784
2026-03-26,paa,SHY,-0.0170,-0.0064,0.0009,0.0105,0.0354
2026-03-26,paa,SPY,-0.8285,-0.0608,-0.0537,-0.0124,0.1411
2026-03-26,paa,TLT,-0.5315,-0.0395,-0.0092,-0.0115,0.0020
2026-03-26,paa,VGK,-1.1506,-0.1045,-0.0308,0.0369,0.1533
2026-03-26,paa,VNQ,-0.7182,-0.0629,0.0082,-0.0076,0.0195
2026-03-26,baa_g12,DBC,3.8732,0.1562,0.2639,0.3065,0.3306
2026-03-26,baa_g12,EEM,-0.8704,-0.1170,0.0293,0.0674,0.2822
2026-03-26,baa_g12,EWJ,-0.6940,-0.0973,0.0285,0.0708,0.2175
2026-03-26,baa_g12,GLD,-1.1259,-0.1503,-0.0275,0.1717,0.4445
2026-03-26,baa_g12,HYG,-0.2004,-0.0188,-0.0086,0.0023,0.0546
2026-03-26,baa_g12,IEF,-0.2744,-0.0237,-0.0079,0.0006,0.0401
2026-03-26,baa_g12,IWM,-0.4828,-0.0591,-0.0125,0.0338,0.2093
2026-03-26,baa_g12,LQD,-0.3618,-0.0285,-0.0123,-0.0068,0.0429
2026-03-26,baa_g12,QQQ,-0.8746,-0.0604,-0.0686,-0.0267,0.1784
2026-03-26,baa_g12,SHY,-0.0164,-0.0064,0.0009,0.0106,0.0355
2026-03-26,baa_g12,SPY,-0.8259,-0.0607,-0.0536,-0.0122,0.1413
2026-03-26,baa_g12,TLT,-0.5283,-0.0393,-0.0091,-0.0113,0.0022
2026-03-26,baa_g12,VGK,-1.1373,-0.1039,-0.0301,0.0376,0.1541
2026-03-26,baa_g12,VNQ,-0.7120,-0.0626,0.0085,-0.0073,0.0198
2026-03-26,baa_g4,AGG,-0.2141,-0.0204,-0.0051,0.0046,0.0422
2026-03-26,baa_g4,EEM,-0.8696,-0.1170,0.0293,0.0674,0.2822
2026-03-26,baa_g4,EFA,-0.9424,-0.0978,-0.0100,0.0484,0.1739
2026-03-26,baa_g4,IEF,-0.2735,-0.0236,-0.0078,0.0006,0.0402
2026-03-26,baa_g4,LQD,-0.3636,-0.0286,-0.0124,-0.0069,0.0428
2026-03-26,baa_g4,SHY,-0.0170,-0.0064,0.0009,0.0105,0.0354
2026-03-26,baa_g4,SPY,-0.8276,-0.0608,-0.0537,-0.0123,0.1412
2026-03-26,gem,AGG,0.0422,-0.0205,-0.0051,0.0046,0.0422
2026-03-26,gem,EFA,0.1736,-0.0981,-0.0103,0.0480,0.1736
2026-03-26,gem,SPY,0.1413,-0.0607,-0.0536,-0.0122,0.1413
2026-03-26,haa,AGG,-0.2151,-0.0205,-0.0051,0.0046,0.0422
2026-03-26,haa,EEM,-0.8704,-0.1170,0.0293,0.0674,0.2822
2026-03-26,haa,EFA,-0.9462,-0.0980,-0.0102,0.0481,0.1737
2026-03-26,haa,IEF,-0.2725,-0.0236,-0.0078,0.0007,0.0403
2026-03-26,haa,LQD,-0.3618,-0.0285,-0.0123,-0.0068,0.0429
2026-03-26,haa,SHY,-0.0170,-0.0064,0.0009,0.0105,0.0354
2026-03-26,haa,SPY,-0.8245,-0.0606,-0.0535,-0.0122,0.1414
2026-03-26,permanent,BIL,0.1460,0.0028,0.0090,0.0184,0.0402
2026-03-26,permanent,GLD,-1.1268,-0.1504,-0.0276,0.1716,0.4445
2026-03-26,permanent,SPY,-0.8253,-0.0607,-0.0536,-0.0122,0.1413
2026-03-26,permanent,TLT,-0.5294,-0.0394,-0.0091,-0.0113,0.0022
2026-03-26,all_weather,DBC,3.8771,0.1564,0.2641,0.3067,0.3308
2026-03-26,all_weather,GLD,-1.1281,-0.1504,-0.0276,0.1715,0.4444
2026-03-26,all_weather,IEF,-0.2735,-0.0236,-0.0078,0.0006,0.0402
2026-03-26,all_weather,SPY,-0.8250,-0.0606,-0.0536,-0.0122,0.1413
2026-03-26,all_weather,TLT,-0.5294,-0.0394,-0.0091,-0.0113,0.0022
2026-03-26,golden_butterfly,GLD,-1.1268,-0.1504,-0.0276,0.1716,0.4445
2026-03-26,golden_butterfly,SHY,-0.0170,-0.0064,0.0009,0.0105,0.0354
2026-03-26,golden_butterfly,SPY,-0.8263,-0.0607,-0.0536,-0.0123,0.1412
2026-03-26,golden_butterfly,TLT,-0.5305,-0.0394,-0.0092,-0.0114,0.0021
2026-03-26,golden_butterfly,VBR,-0.3027,-0.0532,0.0163,0.0535,0.1631
2026-03-26,gtaa,DBC,3.8771,0.1564,0.2641,0.3067,0.3308
2026-03-26,gtaa,EFA,-0.9481,-0.0981,-0.0103,0.0480,0.1736
2026-03-26,gtaa,IEF,-0.2735,-0.0236,-0.0078,0.0006,0.0402
2026-03-26,gtaa,SHY,-0.0159,-0.0064,0.0010,0.0106,0.0355
2026-03-26,gtaa,SPY,-0.8242,-0.0606,-0.0535,-0.0121,0.1414
2026-03-26,gtaa,VNQ,-0.7006,-0.0620,0.0091,-0.0067,0.0205
2026-03-26,ivy,DBC,3.8537,0.1552,0.2628,0.3054,0.3294
2026-03-26,ivy,EFA,-0.9462,-0.0980,-0.0102,0.0481,0.1737
2026-03-26,ivy,IEF,-0.2730,-0.0236,-0.0078,0.0006,0.0402
2026-03-26,ivy,SHY,-0.0159,-0.0064,0.0010,0.0106,0.0355
2026-03-26,ivy,VNQ,-0.7047,-0.0622,0.0089,-0.0069,0.0202
2026-03-26,ivy,VTI,-0.7894,-0.0592,-0.0505,-0.0106,0.1442
2026-03-26,faa,AGG,-0.0535,-0.0204,-0.0051,0.0046,0.0422
2026-03-26,faa,DBC,0.9634,0.1552,0.2628,0.3054,0.3294
2026-03-26,faa,EEM,-0.2188,-0.1173,0.0290,0.0671,0.2818
2026-03-26,faa,EFA,-0.2356,-0.0978,-0.0100,0.0484,0.1739
2026-03-26,faa,SHY,-0.0045,-0.0065,0.0009,0.0105,0.0354
2026-03-26,faa,SPY,-0.2043,-0.0602,-0.0532,-0.0118,0.1418
2026-03-26,faa,VNQ,-0.1746,-0.0619,0.0093,-0.0066,0.0206
2026-03-26,eaa,DBC,0.9633,0.1552,0.2628,0.3053,0.3294
2026-03-26,eaa,EEM,-0.2188,-0.1173,0.0290,0.0671,0.2818
2026-03-26,eaa,EFA,-0.2361,-0.0979,-0.0101,0.0483,0.1738
2026-03-26,eaa,GLD,-0.2806,-0.1501,-0.0273,0.1719,0.4448
2026-03-26,eaa,IEF,-0.0676,-0.0235,-0.0077,0.0008,0.0404
2026-03-26,eaa,SHY,-0.0045,-0.0065,0.0009,0.0105,0.0354
2026-03-26,eaa,SPY,-0.2047,-0.0603,-0.0532,-0.0119,0.1417
2026-03-26,eaa,VNQ,-0.1754,-0.0621,0.0091,-0.0067,0.0204
2026-03-26,laa,GLD,-1.1041,-0.1493,-0.0263,0.1731,0.4463
2026-03-26,laa,IEF,-0.2705,-0.0235,-0.0077,0.0008,0.0404
2026-03-26,laa,IWD,-0.2534,-0.0482,0.0122,0.0643,0.1469
2026-03-26,laa,QQQ,-0.8696,-0.0602,-0.0684,-0.0265,0.1787
2026-03-26,laa,SHY,-0.0182,-0.0065,0.0009,0.0105,0.0354
2026-03-26,laa,SPY,-0.8181,-0.0603,-0.0532,-0.0118,0.1418
2026-03-26,daa,BND,-0.2164,-0.0199,-0.0046,0.0013,0.0379
2026-03-26,daa,DBC,3.8531,0.1552,0.2628,0.3053,0.3294
2026-03-26,daa,EEM,-0.8753,-0.1173,0.0290,0.0671,0.2818
2026-03-26,daa,EWJ,-0.6918,-0.0971,0.0286,0.0709,0.2177
2026-03-26,daa,GLD,-1.1134,-0.1497,-0.0268,0.1725,0.4455
2026-03-26,daa,HYG,-0.2016,-0.0188,-0.0087,0.0022,0.0546
2026-03-26,daa,IEF,-0.2715,-0.0235,-0.0077,0.0007,0.0403
2026-03-26,daa,IWM,-0.4802,-0.0590,-0.0123,0.0340,0.2095
2026-03-26,daa,LQD,-0.3601,-0.0284,-0.0122,-0.0067,0.0430
2026-03-26,daa,QQQ,-0.8719,-0.0603,-0.0685,-0.0266,0.1786
2026-03-26,daa,SHY,-0.0170,-0.0064,0.0009,0.0105,0.0354
2026-03-26,daa,SPY,-0.8228,-0.0605,-0.0534,-0.0121,0.1415
2026-03-26,daa,TLT,-0.5262,-0.0392,-0.0090,-0.0112,0.0023
2026-03-26,daa,VGK,-1.1406,-0.1040,-0.0303,0.0374,0.1539
2026-03-26,daa,VNQ,-0.6912,-0.0615,0.0097,-0.0062,0.0210
2026-03-26,daa,VWO,-1.0178,-0.0983,-0.0091,0.0055,0.1872
2026-03-26,vaa,AGG,-0.2132,-0.0204,-0.0050,0.0047,0.0423
2026-03-26,vaa,EEM,-0.8785,-0.1174,0.0288,0.0669,0.2816
2026-03-26,vaa,EFA,-0.9500,-0.0981,-0.0104,0.0479,0.1734
2026-03-26,vaa,IEF,-0.2724,-0.0236,-0.0078,0.0007,0.0403
2026-03-26,vaa,LQD,-0.3627,-0.0286,-0.0123,-0.0068,0.0429
2026-03-26,vaa,SHY,-0.0159,-0.0064,0.0010,0.0106,0.0355
2026-03-26,vaa,SPY,-0.8266,-0.0607,-0.0536,-0.0123,0.1412
2026-03-26,paa,DBC,3.8411,0.1545,0.2621,0.3046,0.3287
2026-03-26,paa,EEM,-0.8915,-0.1181,0.0281,0.0662,0.2807
2026-03-26,paa,EWJ,-0.7039,-0.0977,0.0279,0.0702,0.2169
2026-03-26,paa,GLD,-1.1054,-0.1493,-0.0264,0.1730,0.4462
2026-03-26,paa,HYG,-0.2028,-0.0189,-0.0088,0.0022,0.0545
2026-03-26,paa,IEF,-0.2754,-0.0237,-0.0079,0.0005,0.0401
2026-03-26,paa,IWM,-0.4932,-0.0597,-0.0130,0.0332,0.2086
2026-03-26,paa,LQD,-0.3653,-0.0287,-0.0124,-0.0070,0.0427
2026-03-26,paa,QQQ,-0.8752,-0.0605,-0.0687,-0.0268,0.1784
2026-03-26,paa,SHY,-0.0164,-0.0064,0.0009,0.0106,0.0355
2026-03-26,paa,SPY,-0.8250,-0.0606,-0.0536,-0.0122,0.1413
2026-03-26,paa,TLT,-0.5326,-0.0395,-0.0093,-0.0115,0.0020
2026-03-26,paa,VGK,-1.1506,-0.1045,-0.0308,0.0369,0.1533
2026-03-26,paa,VNQ,-0.6995,-0.0620,0.0092,-0.0066,0.0205
2026-03-26,baa_g12,DBC,3.8491,0.1549,0.2626,0.3051,0.3292
2026-03-26,baa_g12,EEM,-0.8850,-0.1178,0.0284,0.0665,0.2811
2026-03-26,baa_g12,EWJ,-0.7006,-0.0976,0.0281,0.0704,0.2171
2026-03-26,baa_g12,GLD,-1.0886,-0.1485,-0.0255,0.1741,0.4476
2026-03-26,baa_g12,HYG,-0.1992,-0.0187,-0.0086,0.0024,0.0547
2026-03-26,baa_g12,IEF,-0.2744,-0.0237,-0.0079,0.0006,0.0401
2026-03-26,baa_g12,IWM,-0.4910,-0.0596,-0.0129,0.0333,0.2087
2026-03-26,baa_g12,LQD,-0.3653,-0.0287,-0.0124,-0.0070,0.0427
2026-03-26,baa_g12,QQQ,-0.8781,-0.0606,-0.0688,-0.0269,0.1782
2026-03-26,baa_g12,SHY,-0.0181,-0.0065,0.0009,0.0105,0.0354
2026-03-26,baa_g12,SPY,-0.8255,-0.0607,-0.0536,-0.0122,0.1413
2026-03-26,baa_g12,TLT,-0.5326,-0.0395,-0.0093,-0.0115,0.0020
2026-03-26,baa_g12,VGK,-1.1528,-0.1046,-0.0310,0.0367,0.1531
2026-03-26,baa_g12,VNQ,-0.6912,-0.0615,0.0097,-0.0062,0.0210
2026-03-26,baa_g4,AGG,-0.2151,-0.0205,-0.0051,0.0046,0.0422
2026-03-26,baa_g4,EEM,-0.8850,-0.1178,0.0284,0.0665,0.2811
2026-03-26,baa_g4,EFA,-0.9538,-0.0983,-0.0106,0.0477,0.1732
2026-03-26,baa_g4,IEF,-0.2764,-0.0238,-0.0080,0.0005,0.0400
2026-03-26,baa_g4,LQD,-0.3679,-0.0288,-0.0126,-0.0071,0.0426
2026-03-26,baa_g4,SHY,-0.0181,-0.0065,0.0009,0.0105,0.0354
2026-03-26,baa_g4,SPY,-0.8276,-0.0608,-0.0537,-0.0123,0.1412
2026-03-26,gem,AGG,0.0421,-0.0206,-0.0052,0.0045,0.0421
2026-03-26,gem,EFA,0.1729,-0.0985,-0.0108,0.0475,0.1729
2026-03-26,gem,SPY,0.1411,-0.0608,-0.0537,-0.0124,0.1411
2026-03-26,haa,AGG,-0.2179,-0.0206,-0.0053,0.0044,0.0420
2026-03-26,haa,EEM,-0.8915,-0.1181,0.0281,0.0662,0.2807
2026-03-26,haa,EFA,-0.9604,-0.0987,-0.0110,0.0473,0.1728
2026-03-26,haa,IEF,-0.2774,-0.0238,-0.0080,0.0004,0.0400
2026-03-26,haa,LQD,-0.3730,-0.0291,-0.0129,-0.0074,0.0423
2026-03-26,haa,SHY,-0.0182,-0.0065,0.0009,0.0105,0.0354
2026-03-26,haa,SPY,-0.8346,-0.0611,-0.0541,-0.0127,0.1407
2026-03-26,permanent,BIL,0.1450,0.0027,0.0089,0.0183,0.0401
2026-03-26,permanent,GLD,-1.1001,-0.1491,-0.0261,0.1734,0.4466
2026-03-26,permanent,SPY,-0.8357,-0.0612,-0.0541,-0.0128,0.1407
2026-03-26,permanent,TLT,-0.5401,-0.0399,-0.0097,-0.0119,0.0016
2026-03-26,all_weather,DBC,3.8431,0.1546,0.2623,0.3048,0.3288
2026-03-26,all_weather,GLD,-1.0997,-0.1491,-0.0261,0.1734,0.4467
2026-03-26,all_weather,IEF,-0.2774,-0.0238,-0.0080,0.0004,0.0400
2026-03-26,all_weather,SPY,-0.8320,-0.0610,-0.0539,-0.0126,0.1409
2026-03-26,all_weather,TLT,-0.5401,-0.0399,-0.0097,-0.0119,0.0016
2026-03-26,golden_butterfly,GLD,-1.1068,-0.1494,-0.0265,0.1729,0.4461
2026-03-26,golden_butterfly,SHY,-0.0159,-0.0064,0.0010,0.0106,0.0355
2026-03-26,golden_butterfly,SPY,-0.8306,-0.0609,-0.0539,-0.0125,0.1410
2026-03-26,golden_butterfly,TLT,-0.5391,-0.0399,-0.0096,-0.0119,0.0016
2026-03-26,golden_butterfly,VBR,-0.3057,-0.0533,0.0162,0.0533,0.1629
2026-03-26,gtaa,DBC,3.8331,0.1541,0.2617,0.3042,0.3282
2026-03-26,gtaa,EFA,-0.9595,-0.0986,-0.0109,0.0474,0.1728
2026-03-26,gtaa,IEF,-0.2784,-0.0239,-0.0081,0.0003,0.0399
2026-03-26,gtaa,SHY,-0.0159,-0.0064,0.0010,0.0106,0.0355
2026-03-26,gtaa,SPY,-0.8340,-0.0611,-0.0540,-0.0127,0.1408
2026-03-26,gtaa,VNQ,-0.6975,-0.0619,0.0093,-0.0065,0.0206
2026-03-26,ivy,DBC,3.8331,0.1541,0.2617,0.3042,0.3282
2026-03-26,ivy,EFA,-0.9661,-0.0989,-0.0113,0.0470,0.1724
2026-03-26,ivy,IEF,-0.2784,-0.0239,-0.0081,0.0003,0.0399
2026-03-26,ivy,SHY,-0.0182,-0.0065,0.0009,0.0105,0.0354
2026-03-26,ivy,VNQ,-0.6975,-0.0619,0.0093,-0.0065,0.0206
2026-03-26,ivy,VTI,-0.8019,-0.0598,-0.0512,-0.0113,0.1435
2026-03-26,faa,AGG,-0.0545,-0.0206,-0.0053,0.0044,0.0420
2026-03-26,faa,DBC,0.9583,0.1541,0.2617,0.3042,0.3282
2026-03-26,faa,EEM,-0.2245,-0.1184,0.0277,0.0658,0.2802
2026-03-26,faa,EFA,-0.2408,-0.0988,-0.0111,0.0472,0.1726
2026-03-26,faa,SHY,-0.0043,-0.0064,0.0009,0.0105,0.0354
2026-03-26,faa,SPY,-0.2068,-0.0607,-0.0537,-0.0123,0.1412
2026-03-26,faa,VNQ,-0.1744,-0.0619,0.0093,-0.0065,0.0206
2026-03-26,eaa,DBC,0.9583,0.1541,0.2617,0.3042,0.3282
2026-03-26,eaa,EEM,-0.2237,-0.1182,0.0279,0.0660,0.2805
2026-03-26,eaa,EFA,-0.2394,-0.0985,-0.0108,0.0475,0.1729
2026-03-26,eaa,GLD,-0.2770,-0.1495,-0.0265,0.1728,0.4460
2026-03-26,eaa,IEF,-0.0694,-0.0238,-0.0080,0.0004,0.0400
2026-03-26,eaa,SHY,-0.0045,-0.0065,0.0009,0.0105,0.0354
2026-03-26,eaa,SPY,-0.2072,-0.0608,-0.0537,-0.0124,0.1411
2026-03-26,eaa,VNQ,-0.1754,-0.0621,0.0091,-0.0067,0.0204
2026-03-26,laa,GLD,-1.1134,-0.1497,-0.0268,0.1725,0.4455
2026-03-26,laa,IEF,-0.2764,-0.0238,-0.0080,0.0005,0.0400
2026-03-26,laa,IWD,-0.2587,-0.0484,0.0120,0.0640,0.1466
2026-03-26,laa,QQQ,-0.8777,-0.0606,-0.0688,-0.0269,0.1782
2026-03-26,laa,SHY,-0.0159,-0.0064,0.0010,0.0106,0.0355
2026-03-26,laa,SPY,-0.8232,-0.0606,-0.0535,-0.0121,0.1414
2026-03-27,daa,BND,-0.2568,-0.0222,-0.0080,0.0014,0.0392
2026-03-27,daa,DBC,4.2126,0.1739,0.2844,0.3177,0.3533
2026-03-27,daa,EEM,-0.9251,-0.1168,0.0177,0.0638,0.2781
2026-03-27,daa,EWJ,-1.0313,-0.1157,0.0097,0.0545,0.2089
2026-03-27,daa,GLD,-0.5923,-0.1285,0.0101,0.2070,0.4955
2026-03-27,daa,HYG,-0.2578,-0.0216,-0.0142,0.0014,0.0550
2026-03-27,daa,IEF,-0.3269,-0.0272,-0.0114,0.0018,0.0416
2026-03-27,daa,IWM,-0.7901,-0.0778,-0.0293,0.0285,0.2038
2026-03-27,daa,LQD,-0.4464,-0.0328,-0.0198,-0.0087,0.0433
2026-03-27,daa,QQQ,-1.0837,-0.0680,-0.0900,-0.0421,0.1764
2026-03-27,daa,SHY,-0.0056,-0.0059,0.0012,0.0122,0.0366
2026-03-27,daa,SPY,-1.0292,-0.0697,-0.0712,-0.0227,0.1376
2026-03-27,daa,TLT,-0.6204,-0.0446,-0.0166,-0.0128,0.0073
2026-03-27,daa,VGK,-1.2933,-0.1130,-0.0420,0.0362,0.1580
2026-03-27,daa,VNQ,-0.9029,-0.0736,-0.0030,-0.0092,0.0108
2026-03-27,daa,VWO,-1.0390,-0.0958,-0.0185,0.0013,0.1827
2026-03-27,vaa,AGG,-0.2504,-0.0227,-0.0080,0.0053,0.0440
2026-03-27,vaa,EEM,-0.9186,-0.1165,0.0181,0.0642,0.2786
2026-03-27,vaa,EFA,-1.1202,-0.1076,-0.0228,0.0435,0.1754
2026-03-27,vaa,IEF,-0.3249,-0.0271,-0.0113,0.0019,0.0417
2026-03-27,vaa,LQD,-0.4438,-0.0326,-0.0197,-0.0086,0.0434
2026-03-27,vaa,SHY,-0.0056,-0.0059,0.0012,0.0122,0.0366
2026-03-27,vaa,SPY,-1.0317,-0.0699,-0.0713,-0.0228,0.1374
2026-03-27,paa,DBC,4.2126,0.1739,0.2844,0.3177,0.3533
2026-03-27,paa,EEM,-0.9219,-0.1166,0.0179,0.0640,0.2783
2026-03-27,paa,EWJ,-1.0212,-0.1152,0.0102,0.0551,0.2096
2026-03-27,paa,GLD,-0.5996,-0.1289,0.0097,0.2065,0.4949
2026-03-27,paa,HYG,-0.2519,-0.0213,-0.0139,0.0017,0.0553
2026-03-27,paa,IEF,-0.3259,-0.0272,-0.0113,0.0018,0.0416
2026-03-27,paa,IWM,-0.7908,-0.0778,-0.0294,0.0285,0.2038
2026-03-27,paa,LQD,-0.4438,-0.0326,-0.0197,-0.0086,0.0434
2026-03-27,paa,QQQ,-1.0796,-0.0678,-0.0897,-0.0419,0.1767
2026-03-27,paa,SHY,-0.0068,-0.0060,0.0011,0.0122,0.0365
2026-03-27,paa,SPY,-1.0326,-0.0699,-0.0714,-0.0229,0.1374
2026-03-27,paa,TLT,-0.6204,-0.0446,-0.0166,-0.0128,0.0073
2026-03-27,paa,VGK,-1.2878,-0.1127,-0.0417,0.0366,0.1583
2026-03-27,paa,VNQ,-0.9070,-0.0738,-0.0033,-0.0095,0.0106
2026-03-27,baa_g12,DBC,4.2126,0.1739,0.2844,0.3177,0.3533
2026-03-27,baa_g12,EEM,-0.9219,-0.1166,0.0179,0.0640,0.2783
2026-03-27,baa_g12,EWJ,-1.0233,-0.1153,0.0101,0.0550,0.2095
2026-03-27,baa_g12,GLD,-0.5971,-0.1288,0.0099,0.2067,0.4951
2026-03-27,baa_g12,HYG,-0.2507,-0.0212,-0.0138,0.0018,0.0554
2026-03-27,baa_g12,IEF,-0.3239,-0.0271,-0.0112,0.0019,0.0417
2026-03-27,baa_g12,IWM,-0.7819,-0.0774,-0.0289,0.0290,0.2044
2026-03-27,baa_g12,LQD,-0.4404,-0.0324,-0.0195,-0.0084,0.0436
2026-03-27,baa_g12,QQQ,-1.0740,-0.0675,-0.0895,-0.0416,0.1771
2026-03-27,baa_g12,SHY,-0.0068,-0.0060,0.0011,0.0122,0.0365
2026-03-27,baa_g12,SPY,-1.0303,-0.0698,-0.0712,-0.0227,0.1375
2026-03-27,baa_g12,TLT,-0.6161,-0.0444,-0.0164,-0.0126,0.0075
2026-03-27,baa_g12,VGK,-1.2846,-0.1125,-0.0415,0.0367,0.1585
2026-03-27,baa_g12,VNQ,-0.8998,-0.0734,-0.0029,-0.0091,0.0110
2026-03-27,baa_g4,AGG,-0.2494,-0.0227,-0.0079,0.0053,0.0440
2026-03-27,baa_g4,EEM,-0.9235,-0.1167,0.0178,0.0639,0.2782
2026-03-27,baa_g4,EFA,-1.1221,-0.1077,-0.0229,0.0434,0.1752
2026-03-27,baa_g4,IEF,-0.3249,-0.0271,-0.0113,0.0019,0.0417
2026-03-27,baa_g4,LQD,-0.4438,-0.0326,-0.0197,-0.0086,0.0434
2026-03-27,baa_g4,SHY,-0.0056,-0.0059,0.0012,0.0122,0.0366
2026-03-27,baa_g4,SPY,-1.0371,-0.0701,-0.0716,-0.0231,0.1371
2026-03-27,gem,AGG,0.0440,-0.0227,-0.0080,0.0053,0.0440
2026-03-27,gem,EFA,0.1754,-0.1076,-0.0228,0.0435,0.1754
2026-03-27,gem,SPY,0.1373,-0.0700,-0.0714,-0.0229,0.1373
2026-03-27,haa,AGG,-0.2523,-0.0228,-0.0081,0.0052,0.0439
2026-03-27,haa,EEM,-0.9268,-0.1169,0.0176,0.0637,0.2780
2026-03-27,haa,EFA,-1.1183,-0.1075,-0.0227,0.0436,0.1755
2026-03-27,haa,IEF,-0.3259,-0.0272,-0.0113,0.0018,0.0416
2026-03-27,haa,LQD,-0.4447,-0.0327,-0.0197,-0.0086,0.0433
2026-03-27,haa,SHY,-0.0056,-0.0059,0.0012,0.0122,0.0366
2026-03-27,haa,SPY,-1.0358,-0.0701,-0.0715,-0.0230,0.1372
2026-03-27,permanent,BIL,0.1492,0.0030,0.0090,0.0187,0.0404
2026-03-27,permanent,GLD,-0.5916,-0.1285,0.0102,0.2070,0.4956
2026-03-27,permanent,SPY,-1.0368,-0.0701,-0.0716,-0.0231,0.1371
2026-03-27,permanent,TLT,-0.6225,-0.0447,-0.0167,-0.0130,0.0072
2026-03-27,all_weather,DBC,4.2245,0.1745,0.2850,0.3184,0.3540
2026-03-27,all_weather,GLD,-0.5967,-0.1287,0.0099,0.2067,0.4951
2026-03-27,all_weather,IEF,-0.3269,-0.0272,-0.0114,0.0018,0.0416
2026-03-27,all_weather,SPY,-1.0368,-0.0701,-0.0716,-0.0231,0.1371
2026-03-27,all_weather,TLT,-0.6215,-0.0447,-0.0166,-0.0129,0.0072
2026-03-27,golden_butterfly,GLD,-0.5960,-0.1287,0.0099,0.2067,0.4952
2026-03-27,golden_butterfly,SHY,-0.0064,-0.0060,0.0011,0.0122,0.0365
2026-03-27,golden_butterfly,SPY,-1.0374,-0.0701,-0.0716,-0.0231,0.1371
2026-03-27,golden_butterfly,TLT,-0.6161,-0.0444,-0.0164,-0.0126,0.0075
2026-03-27,golden_butterfly,VBR,-0.5453,-0.0684,0.0038,0.0528,0.1544
2026-03-27,gtaa,DBC,4.2285,0.1747,0.2852,0.3186,0.3542
2026-03-27,gtaa,EFA,-1.1183,-0.1075,-0.0227,0.0436,0.1755
2026-03-27,gtaa,IEF,-0.3239,-0.0271,-0.0112,0.0019,0.0417
2026-03-27,gtaa,SHY,-0.0056,-0.0059,0.0012,0.0122,0.0366
2026-03-27,gtaa,SPY,-1.0374,-0.0701,-0.0716,-0.0231,0.1371
2026-03-27,gtaa,VNQ,-0.8936,-0.0731,-0.0025,-0.0087,0.0114
2026-03-27,ivy,DBC,4.2285,0.1747,0.2852,0.3186,0.3542
2026-03-27,ivy,EFA,-1.1212,-0.1077,-0.0229,0.0434,0.1753
2026-03-27,ivy,IEF,-0.3239,-0.0271,-0.0112,0.0019,0.0417
2026-03-27,ivy,SHY,-0.0068,-0.0060,0.0011,0.0122,0.0365
2026-03-27,ivy,VNQ,-0.8977,-0.0733,-0.0027,-0.0090,0.0111
2026-03-27,ivy,VTI,-1.0269,-0.0706,-0.0690,-0.0213,0.1392
2026-03-27,faa,AGG,-0.0624,-0.0227,-0.0079,0.0053,0.0440
2026-03-27,faa,DBC,1.0541,0.1741,0.2846,0.3179,0.3535
2026-03-27,faa,EEM,-0.2325,-0.1170,0.0175,0.0635,0.2777
2026-03-27,faa,EFA,-0.2808,-0.1077,-0.0230,0.0433,0.1752
2026-03-27,faa,SHY,-0.0017,-0.0060,0.0011,0.0122,0.0365
2026-03-27,faa,SPY,-0.2603,-0.0703,-0.0718,-0.0233,0.1368
2026-03-27,faa,VNQ,-0.2267,-0.0738,-0.0033,-0.0095,0.0106
2026-03-27,eaa,DBC,1.0521,0.1737,0.2841,0.3175,0.3531
2026-03-27,eaa,EEM,-0.2333,-0.1172,0.0173,0.0633,0.2775
2026-03-27,eaa,EFA,-0.2812,-0.1078,-0.0231,0.0432,0.1751
2026-03-27,eaa,GLD,-0.1486,-0.1286,0.0100,0.2069,0.4953
2026-03-27,eaa,IEF,-0.0808,-0.0270,-0.0112,0.0020,0.0418
2026-03-27,eaa,SHY,-0.0017,-0.0060,0.0011,0.0122,0.0365
2026-03-27,eaa,SPY,-0.2598,-0.0702,-0.0717,-0.0232,0.1370
2026-03-27,eaa,VNQ,-0.2260,-0.0736,-0.0031,-0.0093,0.0108
2026-03-27,laa,GLD,-0.5901,-0.1284,0.0103,0.2071,0.4957
2026-03-27,laa,IEF,-0.3230,-0.0270,-0.0112,0.0020,0.0418
2026-03-27,laa,IWD,-0.4415,-0.0579,-0.0010,0.0600,0.1372
2026-03-27,laa,QQQ,-1.0812,-0.0679,-0.0898,-0.0420,0.1766
2026-03-27,laa,SHY,-0.0056,-0.0059,0.0012,0.0122,0.0366
2026-03-27,laa,SPY,-1.0357,-0.0701,-0.0715,-0.0230,0.1372
2026-03-27,daa,BND,-0.2504,-0.0219,-0.0077,0.0018,0.0395
2026-03-27,daa,DBC,4.2086,0.1737,0.2841,0.3175,0.3531
2026-03-27,daa,EEM,-0.9268,-0.1169,0.0176,0.0637,0.2780
2026-03-27,daa,EWJ,-1.0233,-0.1153,0.0101,0.0550,0.2095
2026-03-27,daa,GLD,-0.5843,-0.1282,0.0106,0.2075,0.4962
2026-03-27,daa,HYG,-0.2531,-0.0213,-0.0139,0.0017,0.0552
2026-03-27,daa,IEF,-0.3201,-0.0269,-0.0110,0.0022,0.0420
2026-03-27,daa,IWM,-0.7878,-0.0777,-0.0292,0.0287,0.2040
2026-03-27,daa,LQD,-0.4395,-0.0324,-0.0194,-0.0084,0.0436
2026-03-27,daa,QQQ,-1.0869,-0.0682,-0.0901,-0.0423,0.1762
2026-03-27,daa,SHY,-0.0045,-0.0059,0.0012,0.0123,0.0366
2026-03-27,daa,SPY,-1.0382,-0.0702,-0.0716,-0.0232,0.1370
2026-03-27,daa,TLT,-0.6183,-0.0445,-0.0165,-0.0127,0.0074
2026-03-27,daa,VGK,-1.2900,-0.1128,-0.0418,0.0364,0.1582
2026-03-27,daa,VNQ,-0.9101,-0.0740,-0.0034,-0.0096,0.0104
2026-03-27,daa,VWO,-1.0424,-0.0960,-0.0187,0.0011,0.1824
2026-03-27,vaa,AGG,-0.2479,-0.0226,-0.0079,0.0054,0.0441
2026-03-27,vaa,EEM,-0.9300,-0.1170,0.0175,0.0635,0.2777
2026-03-27,vaa,EFA,-1.1259,-0.1079,-0.0231,0.0432,0.1750
2026-03-27,vaa,IEF,-0.3210,-0.0269,-0.0111,0.0021,0.0419
2026-03-27,vaa,LQD,-0.4387,-0.0324,-0.0194,-0.0083,0.0437
2026-03-27,vaa,SHY,-0.0045,-0.0059,0.0012,0.0123,0.0366
2026-03-27,vaa,SPY,-1.0374,-0.0701,-0.0716,-0.0231,0.1371
2026-03-27,paa,DBC,4.2166,0.1741,0.2846,0.3179,0.3535
2026-03-27,paa,EEM,-0.9300,-0.1170,0.0175,0.0635,0.2777
2026-03-27,paa,EWJ,-1.0244,-0.1153,0.0101,0.0549,0.2094
2026-03-27,paa,GLD,-0.6060,-0.1292,0.0094,0.2061,0.4944
2026-03-27,paa,HYG,-0.2531,-0.0213,-0.0139,0.0017,0.0552
2026-03-27,paa,IEF,-0.3210,-0.0269,-0.0111,0.0021,0.0419
2026-03-27,paa,IWM,-0.7863,-0.0776,-0.0291,0.0287,0.2041
2026-03-27,paa,LQD,-0.4387,-0.0324,-0.0194,-0.0083,0.0437
2026-03-27,paa,QQQ,-1.0860,-0.0681,-0.0901,-0.0422,0.1763
2026-03-27,paa,SHY,-0.0045,-0.0059,0.0012,0.0123,0.0366
2026-03-27,paa,SPY,-1.0374,-0.0701,-0.0716,-0.0231,0.1371
2026-03-27,paa,TLT,-0.6161,-0.0444,-0.0164,-0.0126,0.0075
2026-03-27,paa,VGK,-1.2844,-0.1125,-0.0415,0.0368,0.1585
2026-03-27,paa,VNQ,-0.9122,-0.0741,-0.0035,-0.0097,0.0103
2026-03-27,baa_g12,DBC,4.2285,0.1747,0.2852,0.3186,0.3542
2026-03-27,baa_g12,EEM,-0.9202,-0.1166,0.0180,0.0641,0.2784
2026-03-27,baa_g12,EWJ,-1.0223,-0.1152,0.0102,0.0550,0.2095
2026-03-27,baa_g12,GLD,-0.5963,-0.1287,0.0099,0.2067,0.4952
2026-03-27,baa_g12,HYG,-0.2507,-0.0212,-0.0138,0.0018,0.0554
2026-03-27,baa_g12,IEF,-0.3210,-0.0269,-0.0111,0.0021,0.0419
2026-03-27,baa_g12,IWM,-0.7915,-0.0779,-0.0294,0.0285,0.2037
2026-03-27,baa_g12,LQD,-0.4361,-0.0322,-0.0192,-0.0082,0.0438
2026-03-27,baa_g12,QQQ,-1.0845,-0.0681,-0.0900,-0.0422,0.1764
2026-03-27,baa_g12,SHY,-0.0056,-0.0059,0.0012,0.0122,0.0366
2026-03-27,baa_g12,SPY,-1.0371,-0.0701,-0.0716,-0.0231,0.1371
2026-03-27,baa_g12,TLT,-0.6118,-0.0442,-0.0161,-0.0124,0.0077
2026-03-27,baa_g12,VGK,-1.2822,-0.1124,-0.0414,0.0369,0.1587
2026-03-27,baa_g12,VNQ,-0.9142,-0.0742,-0.0037,-0.0099,0.0102
2026-03-27,baa_g4,AGG,-0.2466,-0.0225,-0.0078,0.0055,0.0442
2026-03-27,baa_g4,EEM,-0.9202,-0.1166,0.0180,0.0641,0.2784
2026-03-27,baa_g4,EFA,-1.1164,-0.1074,-0.0226,0.0437,0.1756
2026-03-27,baa_g4,IEF,-0.3209,-0.0269,-0.0111,0.0021,0.0419
2026-03-27,baa_g4,LQD,-0.4352,-0.0322,-0.0192,-0.0081,0.0439
2026-03-27,baa_g4,SHY,-0.0045,-0.0059,0.0012,0.0123,0.0366
2026-03-27,baa_g4,SPY,-1.0309,-0.0698,-0.0713,-0.0228,0.1375
2026-03-27,gem,AGG,0.0441,-0.0226,-0.0079,0.0054,0.0441
2026-03-27,gem,EFA,0.1756,-0.1074,-0.0226,0.0437,0.1756
2026-03-27,gem,SPY,0.1375,-0.0698,-0.0712,-0.0227,0.1375
2026-03-27,haa,AGG,-0.2475,-0.0226,-0.0078,0.0054,0.0441
2026-03-27,haa,EEM,-0.9137,-0.1162,0.0184,0.0644,0.2789
2026-03-27,haa,EFA,-1.1145,-0.1073,-0.0225,0.0438,0.1757
2026-03-27,haa,IEF,-0.3193,-0.0268,-0.0110,0.0022,0.0420
2026-03-27,haa,LQD,-0.4361,-0.0322,-0.0192,-0.0082,0.0438
2026-03-27,haa,SHY,-0.0052,-0.0059,0.0012,0.0123,0.0366
2026-03-27,haa,SPY,-1.0295,-0.0697,-0.0712,-0.0227,0.1376
2026-03-27,permanent,BIL,0.1485,0.0029,0.0089,0.0187,0.0403
2026-03-27,permanent,GLD,-0.5878,-0.1283,0.0104,0.2073,0.4959
2026-03-27,permanent,SPY,-1.0275,-0.0696,-0.0711,-0.0226,0.1377
2026-03-27,permanent,TLT,-0.6097,-0.0441,-0.0160,-0.0123,0.0079
2026-03-27,all_weather,DBC,4.2126,0.1739,0.2844,0.3177,0.3533
2026-03-27,all_weather,GLD,-0.5947,-0.1286,0.0100,0.2068,0.4953
2026-03-27,all_weather,IEF,-0.3200,-0.0269,-0.0110,0.0022,0.0420
2026-03-27,all_weather,SPY,-1.0354,-0.0700,-0.0715,-0.0230,0.1372
2026-03-27,all_weather,TLT,-0.6118,-0.0442,-0.0161,-0.0124,0.0077
2026-03-27,golden_butterfly,GLD,-0.5892,-0.1284,0.0103,0.2072,0.4958
2026-03-27,golden_butterfly,SHY,-0.0056,-0.0059,0.0012,0.0122,0.0366
2026-03-27,golden_butterfly,SPY,-1.0351,-0.0700,-0.0715,-0.0230,0.1372
2026-03-27,golden_butterfly,TLT,-0.6118,-0.0442,-0.0161,-0.0124,0.0077
2026-03-27,golden_butterfly,VBR,-0.5448,-0.0684,0.0039,0.0528,0.1545
2026-03-27,gtaa,DBC,4.2126,0.1739,0.2844,0.3177,0.3533
2026-03-27,gtaa,EFA,-1.1212,-0.1077,-0.0229,0.0434,0.1753
2026-03-27,gtaa,IEF,-0.3200,-0.0269,-0.0110,0.0022,0.0420
2026-03-27,gtaa,SHY,-0.0045,-0.0059,0.0012,0.0123,0.0366
2026-03-27,gtaa,SPY,-1.0354,-0.0700,-0.0715,-0.0230,0.1372
2026-03-27,gtaa,VNQ,-0.9080,-0.0739,-0.0033,-0.0095,0.0105
2026-03-27,ivy,DBC,4.2126,0.1739,0.2844,0.3177,0.3533
2026-03-27,ivy,EFA,-1.1240,-0.1078,-0.0230,0.0433,0.1751
2026-03-27,ivy,IEF,-0.3200,-0.0269,-0.0110,0.0022,0.0420
2026-03-27,ivy,SHY,-0.0045,-0.0059,0.0012,0.0123,0.0366
2026-03-27,ivy,VNQ,-0.9111,-0.0740,-0.0035,-0.0097,0.0104
2026-03-27,ivy,VTI,-1.0252,-0.0705,-0.0689,-0.0212,0.1393
2026-03-27,faa,AGG,-0.0616,-0.0225,-0.0078,0.0055,0.0442
2026-03-27,faa,DBC,1.0531,0.1739,0.2844,0.3177,0.3533
2026-03-27,faa,EEM,-0.2292,-0.1164,0.0182,0.0643,0.2787
2026-03-27,faa,EFA,-0.2810,-0.1078,-0.0230,0.0433,0.1751
2026-03-27,faa,SHY,-0.0011,-0.0059,0.0012,0.0123,0.0366
2026-03-27,faa,SPY,-0.2591,-0.0701,-0.0715,-0.0231,0.1371
2026-03-27,faa,VNQ,-0.2275,-0.0740,-0.0034,-0.0096,0.0104
2026-03-27,eaa,DBC,1.0541,0.1741,0.2846,0.3179,0.3535
2026-03-27,eaa,EEM,-0.2276,-0.1161,0.0186,0.0646,0.2791
2026-03-27,eaa,EFA,-0.2805,-0.1077,-0.0229,0.0434,0.1752
2026-03-27,eaa,GLD,-0.1462,-0.1282,0.0105,0.2075,0.4961
2026-03-27,eaa,IEF,-0.0800,-0.0269,-0.0110,0.0022,0.0420
2026-03-27,eaa,SHY,-0.0014,-0.0059,0.0012,0.0122,0.0366
2026-03-27,eaa,SPY,-0.2577,-0.0698,-0.0713,-0.0228,0.1375
2026-03-27,eaa,VNQ,-0.2275,-0.0740,-0.0034,-0.0096,0.0104
2026-03-27,laa,GLD,-0.5836,-0.1281,0.0106,0.2076,0.4962
2026-03-27,laa,IEF,-0.3200,-0.0269,-0.0110,0.0022,0.0420
2026-03-27,laa,IWD,-0.4354,-0.0576,-0.0007,0.0603,0.1376
2026-03-27,laa,QQQ,-1.0812,-0.0679,-0.0898,-0.0420,0.1766
2026-03-27,laa,SHY,-0.0056,-0.0059,0.0012,0.0122,0.0366
2026-03-27,laa,SPY,-1.0343,-0.0700,-0.0714,-0.0229,0.1373
2026-03-30,daa,BND,-0.1723,-0.0186,-0.0023,0.0072,0.0456
2026-03-30,daa,DBC,4.1673,0.1663,0.2896,0.3266,0.3594
2026-03-30,daa,EEM,-1.0722,-0.1218,0.0029,0.0576,0.2620
2026-03-30,daa,EWJ,-0.9234,-0.1101,0.0152,0.0601,0.2168
2026-03-30,daa,GLD,-0.7666,-0.1379,0.0008,0.2028,0.4791
2026-03-30,daa,HYG,-0.1672,-0.0162,-0.0099,0.0033,0.0610
2026-03-30,daa,IEF,-0.2463,-0.0244,-0.0055,0.0092,0.0497
2026-03-30,daa,IWM,-0.8429,-0.0746,-0.0379,0.0057,0.1929
2026-03-30,daa,LQD,-0.3072,-0.0253,-0.0125,-0.0028,0.0522
2026-03-30,daa,QQQ,-1.2149,-0.0737,-0.0983,-0.0549,0.1722
2026-03-30,daa,SHY,0.0122,-0.0053,0.0025,0.0137,0.0382
2026-03-30,daa,SPY,-1.0938,-0.0710,-0.0768,-0.0342,0.1336
2026-03-30,daa,TLT,-0.5040,-0.0417,-0.0043,-0.0029,0.0195
2026-03-30,daa,VGK,-1.2354,-0.1073,-0.0414,0.0291,0.1596
2026-03-30,daa,VNQ,-0.8119,-0.0685,0.0031,-0.0118,0.0208
2026-03-30,daa,VWO,-1.0581,-0.0943,-0.0259,0.0019,0.1735
2026-03-30,vaa,AGG,-0.1726,-0.0193,-0.0028,0.0101,0.0502
2026-03-30,vaa,EEM,-1.0657,-0.1214,0.0033,0.0580,0.2625
2026-03-30,vaa,EFA,-1.0709,-0.1032,-0.0214,0.0387,0.1764
2026-03-30,vaa,IEF,-0.2463,-0.0244,-0.0055,0.0092,0.0497
2026-03-30,vaa,LQD,-0.3062,-0.0253,-0.0125,-0.0027,0.0522
2026-03-30,vaa,SHY,0.0122,-0.0053,0.0025,0.0137,0.0382
2026-03-30,vaa,SPY,-1.0925,-0.0709,-0.0767,-0.0341,0.1337
2026-03-30,paa,DBC,4.1633,0.1661,0.2894,0.3264,0.3592
2026-03-30,paa,EEM,-1.0690,-0.1216,0.0031,0.0578,0.2623
2026-03-30,paa,EWJ,-0.9212,-0.1100,0.0153,0.0602,0.2169
2026-03-30,paa,GLD,-0.7613,-0.1376,0.0011,0.2031,0.4795
2026-03-30,paa,HYG,-0.1662,-0.0162,-0.0099,0.0033,0.0611
2026-03-30,paa,IEF,-0.2463,-0.0244,-0.0055,0.0092,0.0497
2026-03-30,paa,IWM,-0.8316,-0.0741,-0.0373,0.0063,0.1936
2026-03-30,paa,LQD,-0.3055,-0.0252,-0.0124,-0.0027,0.0523
2026-03-30,paa,QQQ,-1.2086,-0.0733,-0.0980,-0.0545,0.1726
2026-03-30,paa,SHY,0.0120,-0.0053,0.0024,0.0137,0.0381
2026-03-30,paa,SPY,-1.0895,-0.0708,-0.0766,-0.0340,0.1339
2026-03-30,paa,TLT,-0.5004,-0.0415,-0.0041,-0.0027,0.0197
2026-03-30,paa,VGK,-1.2288,-0.1070,-0.0410,0.0295,0.1600
2026-03-30,paa,VNQ,-0.8109,-0.0684,0.0032,-0.0117,0.0209
2026-03-30,baa_g12,DBC,4.1673,0.1663,0.2896,0.3266,0.3594
2026-03-30,baa_g12,EEM,-1.0722,-0.1218,0.0029,0.0576,0.2620
2026-03-30,baa_g12,EWJ,-0.9223,-0.1100,0.0153,0.0602,0.2169
2026-03-30,baa_g12,GLD,-0.7670,-0.1379,0.0007,0.2028,0.4791
2026-03-30,baa_g12,HYG,-0.1674,-0.0163,-0.0099,0.0032,0.0610
2026-03-30,baa_g12,IEF,-0.2463,-0.0244,-0.0055,0.0092,0.0497
2026-03-30,baa_g12,IWM,-0.8376,-0.0744,-0.0376,0.0060,0.1932
2026-03-30,baa_g12,LQD,-0.3063,-0.0253,-0.0125,-0.0028,0.0522
2026-03-30,baa_g12,QQQ,-1.2092,-0.0734,-0.0980,-0.0546,0.1726
2026-03-30,baa_g12,SHY,0.0120,-0.0053,0.0024,0.0137,0.0381
2026-03-30,baa_g12,SPY,-1.0932,-0.0710,-0.0768,-0.0342,0.1336
2026-03-30,baa_g12,TLT,-0.5005,-0.0415,-0.0041,-0.0027,0.0197
2026-03-30,baa_g12,VGK,-1.2299,-0.1070,-0.0411,0.0294,0.1599
2026-03-30,baa_g12,VNQ,-0.8057,-0.0682,0.0035,-0.0114,0.0212
2026-03-30,baa_g4,AGG,-0.1726,-0.0193,-0.0028,0.0101,0.0502
2026-03-30,baa_g4,EEM,-1.0690,-0.1216,0.0031,0.0578,0.2623
2026-03-30,baa_g4,EFA,-1.0709,-0.1032,-0.0214,0.0387,0.1764
2026-03-30,baa_g4,IEF,-0.2463,-0.0244,-0.0055,0.0092,0.0497
2026-03-30,baa_g4,LQD,-0.3062,-0.0253,-0.0125,-0.0027,0.0522
2026-03-30,baa_g4,SHY,0.0120,-0.0053,0.0024,0.0137,0.0381
2026-03-30,baa_g4,SPY,-1.0942,-0.0710,-0.0768,-0.0342,0.1336
2026-03-30,gem,AGG,0.0502,-0.0193,-0.0028,0.0101,0.0502
2026-03-30,gem,EFA,0.1764,-0.1032,-0.0214,0.0387,0.1764
2026-03-30,gem,SPY,0.1334,-0.0711,-0.0770,-0.0344,0.1334
2026-03-30,haa,AGG,-0.1726,-0.0193,-0.0028,0.0101,0.0502
2026-03-30,haa,EEM,-1.0722,-0.1218,0.0029,0.0576,0.2620
2026-03-30,haa,EFA,-1.0728,-0.1033,-0.0215,0.0386,0.1763
2026-03-30,haa,IEF,-0.2463,-0.0244,-0.0055,0.0092,0.0497
2026-03-30,haa,LQD,-0.3072,-0.0253,-0.0125,-0.0028,0.0522
2026-03-30,haa,SHY,0.0133,-0.0052,0.0025,0.0137,0.0382
2026-03-30,haa,SPY,-1.0972,-0.0712,-0.0770,-0.0344,0.1334
2026-03-30,permanent,BIL,0.1458,0.0028,0.0087,0.0184,0.0402
2026-03-30,permanent,GLD,-0.7661,-0.1378,0.0008,0.2028,0.4791
2026-03-30,permanent,SPY,-1.0963,-0.0711,-0.0769,-0.0343,0.1334
2026-03-30,permanent,TLT,-0.5005,-0.0415,-0.0041,-0.0027,0.0197
2026-03-30,all_weather,DBC,4.1752,0.1667,0.2901,0.3271,0.3599
2026-03-30,all_weather,GLD,-0.7666,-0.1379,0.0008,0.2028,0.4791
2026-03-30,all_weather,IEF,-0.2453,-0.0243,-0.0054,0.0093,0.0497
2026-03-30,all_weather,SPY,-1.0950,-0.0710,-0.0769,-0.0343,0.1335
2026-03-30,all_weather,TLT,-0.4994,-0.0415,-0.0040,-0.0026,0.0197
2026-03-30,golden_butterfly,GLD,-0.7657,-0.1378,0.0008,0.2029,0.4792
2026-03-30,golden_butterfly,SHY,0.0143,-0.0051,0.0026,0.0138,0.0383
2026-03-30,golden_butterfly,SPY,-1.0921,-0.0709,-0.0767,-0.0341,0.1337
2026-03-30,golden_butterfly,TLT,-0.4983,-0.0414,-0.0040,-0.0026,0.0198
2026-03-30,golden_butterfly,VBR,-0.5349,-0.0636,-0.0006,0.0377,0.1557
2026-03-30,gtaa,DBC,4.1752,0.1667,0.2901,0.3271,0.3599
2026-03-30,gtaa,EFA,-1.0671,-0.1031,-0.0212,0.0389,0.1767
2026-03-30,gtaa,IEF,-0.2453,-0.0243,-0.0054,0.0093,0.0497
2026-03-30,gtaa,SHY,0.0131,-0.0052,0.0025,0.0137,0.0382
2026-03-30,gtaa,SPY,-1.0918,-0.0709,-0.0767,-0.0341,0.1337
2026-03-30,gtaa,VNQ,-0.8067,-0.0682,0.0034,-0.0115,0.0211
2026-03-30,ivy,DBC,4.1752,0.1667,0.2901,0.3271,0.3599
2026-03-30,ivy,EFA,-1.0671,-0.1031,-0.0212,0.0389,0.1767
2026-03-30,ivy,IEF,-0.2453,-0.0243,-0.0054,0.0093,0.0497
2026-03-30,ivy,SHY,0.0131,-0.0052,0.0025,0.0137,0.0382
2026-03-30,ivy,VNQ,-0.8098,-0.0684,0.0032,-0.0116,0.0209
2026-03-30,ivy,VTI,-1.0805,-0.0714,-0.0738,-0.0331,0.1374
2026-03-30,faa,AGG,-0.0424,-0.0192,-0.0026,0.0102,0.0504
2026-03-30,faa,DBC,1.0438,0.1667,0.2901,0.3271,0.3599
2026-03-30,faa,EEM,-0.2664,-0.1214,0.0033,0.0580,0.2625
2026-03-30,faa,EFA,-0.2673,-0.1032,-0.0213,0.0388,0.1766
2026-03-30,faa,SHY,0.0033,-0.0052,0.0025,0.0137,0.0382
2026-03-30,faa,SPY,-0.2736,-0.0710,-0.0768,-0.0342,0.1336
2026-03-30,faa,VNQ,-0.2017,-0.0682,0.0034,-0.0115,0.0211
2026-03-30,eaa,DBC,1.0438,0.1667,0.2901,0.3271,0.3599
2026-03-30,eaa,EEM,-0.2664,-0.1214,0.0033,0.0580,0.2625
2026-03-30,eaa,EFA,-0.2673,-0.1032,-0.0213,0.0388,0.1766
2026-03-30,eaa,GLD,-0.1902,-0.1376,0.0011,0.2032,0.4796
2026-03-30,eaa,IEF,-0.0605,-0.0242,-0.0052,0.0095,0.0499
2026-03-30,eaa,SHY,0.0036,-0.0051,0.0026,0.0138,0.0383
2026-03-30,eaa,SPY,-0.2712,-0.0705,-0.0763,-0.0337,0.1342
2026-03-30,eaa,VNQ,-0.2009,-0.0681,0.0036,-0.0113,0.0213
2026-03-30,laa,GLD,-0.7569,-0.1374,0.0013,0.2034,0.4799
2026-03-30,laa,IEF,-0.2423,-0.0242,-0.0053,0.0095,0.0499
2026-03-30,laa,IWD,-0.5250,-0.0617,-0.0040,0.0475,0.1361
2026-03-30,laa,QQQ,-1.1929,-0.0725,-0.0972,-0.0537,0.1737
2026-03-30,laa,SHY,0.0137,-0.0052,0.0025,0.0138,0.0382
2026-03-30,laa,SPY,-1.0854,-0.0705,-0.0764,-0.0338,0.1341
2026-03-30,daa,BND,-0.1685,-0.0184,-0.0021,0.0074,0.0458
2026-03-30,daa,DBC,4.1475,0.1653,0.2885,0.3255,0.3583
2026-03-30,daa,EEM,-1.0559,-0.1210,0.0038,0.0586,0.2632
2026-03-30,daa,EWJ,-0.9190,-0.1099,0.0154,0.0604,0.2171
2026-03-30,daa,GLD,-0.7582,-0.1375,0.0012,0.2034,0.4798
2026-03-30,daa,HYG,-0.1626,-0.0160,-0.0097,0.0035,0.0613
2026-03-30,daa,IEF,-0.2423,-0.0242,-0.0053,0.0095,0.0499
2026-03-30,daa,IWM,-0.8331,-0.0741,-0.0373,0.0062,0.1935
2026-03-30,daa,LQD,-0.3012,-0.0250,-0.0122,-0.0025,0.0525
2026-03-30,daa,QQQ,-1.2003,-0.0729,-0.0976,-0.0541,0.1732
2026-03-30,daa,SHY,0.0137,-0.0052,0.0025,0.0138,0.0382
2026-03-30,daa,SPY,-1.0901,-0.0708,-0.0766,-0.0340,0.1338
2026-03-30,daa,TLT,-0.4951,-0.0413,-0.0038,-0.0024,0.0200
2026-03-30,daa,VGK,-1.2310,-0.1071,-0.0411,0.0293,0.1599
2026-03-30,daa,VNQ,-0.8119,-0.0685,0.0031,-0.0118,0.0208
2026-03-30,daa,VWO,-1.0513,-0.0940,-0.0255,0.0023,0.1740
2026-03-30,vaa,AGG,-0.1688,-0.0191,-0.0026,0.0103,0.0504
2026-03-30,vaa,EEM,-1.0608,-0.1212,0.0036,0.0583,0.2628
2026-03-30,vaa,EFA,-1.0690,-0.1032,-0.0213,0.0388,0.1766
2026-03-30,vaa,IEF,-0.2423,-0.0242,-0.0053,0.0095,0.0499
2026-03-30,vaa,LQD,-0.3038,-0.0251,-0.0123,-0.0026,0.0524
2026-03-30,vaa,SHY,0.0137,-0.0052,0.0025,0.0138,0.0382
2026-03-30,vaa,SPY,-1.0937,-0.0710,-0.0768,-0.0342,0.1336
2026-03-30,paa,DBC,4.1475,0.1653,0.2885,0.3255,0.3583
2026-03-30,paa,EEM,-1.0608,-0.1212,0.0036,0.0583,0.2628
2026-03-30,paa,EWJ,-0.9212,-0.1100,0.0153,0.0602,0.2169
2026-03-30,paa,GLD,-0.7519,-0.1372,0.0016,0.2038,0.4803
2026-03-30,paa,HYG,-0.1626,-0.0160,-0.0097,0.0035,0.0613
2026-03-30,paa,IEF,-0.2423,-0.0242,-0.0053,0.0095,0.0499
2026-03-30,paa,IWM,-0.8500,-0.0750,-0.0382,0.0053,0.1924
2026-03-30,paa,LQD,-0.3029,-0.0251,-0.0123,-0.0026,0.0524
2026-03-30,paa,QQQ,-1.1969,-0.0727,-0.0974,-0.0539,0.1734
2026-03-30,paa,SHY,0.0166,-0.0050,0.0027,0.0139,0.0384
2026-03-30,paa,SPY,-1.0876,-0.0707,-0.0765,-0.0339,0.1340
2026-03-30,paa,TLT,-0.4940,-0.0412,-0.0037,-0.0023,0.0200
2026-03-30,paa,VGK,-1.2188,-0.1065,-0.0405,0.0300,0.1607
2026-03-30,paa,VNQ,-0.8140,-0.0686,0.0030,-0.0119,0.0207
2026-03-30,baa_g12,DBC,4.1444,0.1652,0.2884,0.3253,0.3581
2026-03-30,baa_g12,EEM,-1.0527,-0.1208,0.0040,0.0588,0.2634
2026-03-30,baa_g12,EWJ,-0.9212,-0.1100,0.0153,0.0602,0.2169
2026-03-30,baa_g12,GLD,-0.7438,-0.1368,0.0020,0.2043,0.4809
2026-03-30,baa_g12,HYG,-0.1626,-0.0160,-0.0097,0.0035,0.0613
2026-03-30,baa_g12,IEF,-0.2404,-0.0241,-0.0052,0.0096,0.0500
2026-03-30,baa_g12,IWM,-0.8399,-0.0745,-0.0377,0.0058,0.1931
2026-03-30,baa_g12,LQD,-0.3020,-0.0250,-0.0122,-0.0025,0.0525
2026-03-30,baa_g12,QQQ,-1.1961,-0.0727,-0.0974,-0.0539,0.1735
2026-03-30,baa_g12,SHY,0.0155,-0.0051,0.0026,0.0138,0.0383
2026-03-30,baa_g12,SPY,-1.0887,-0.0707,-0.0765,-0.0339,0.1339
2026-03-30,baa_g12,TLT,-0.4909,-0.0410,-0.0036,-0.0022,0.0202
2026-03-30,baa_g12,VGK,-1.2243,-0.1067,-0.0408,0.0297,0.1603
2026-03-30,baa_g12,VNQ,-0.8191,-0.0688,0.0027,-0.0121,0.0204
2026-03-30,baa_g4,AGG,-0.1669,-0.0190,-0.0025,0.0104,0.0505
2026-03-30,baa_g4,EEM,-1.0559,-0.1210,0.0038,0.0586,0.2632
2026-03-30,baa_g4,EFA,-1.0652,-0.1030,-0.0211,0.0390,0.1768
2026-03-30,baa_g4,IEF,-0.2394,-0.0240,-0.0051,0.0096,0.0501
2026-03-30,baa_g4,LQD,-0.3012,-0.0250,-0.0122,-0.0025,0.0525
2026-03-30,baa_g4,SHY,0.0155,-0.0051,0.0026,0.0138,0.0383
2026-03-30,baa_g4,SPY,-1.0921,-0.0709,-0.0767,-0.0341,0.1337
2026-03-30,gem,AGG,0.0505,-0.0191,-0.0025,0.0103,0.0505
2026-03-30,gem,EFA,0.1768,-0.1030,-0.0211,0.0390,0.1768
2026-03-30,gem,SPY,0.1336,-0.0710,-0.0768,-0.0342,0.1336
2026-03-30,haa,AGG,-0.1679,-0.0191,-0.0025,0.0103,0.0505
2026-03-30,haa,EEM,-1.0608,-0.1212,0.0036,0.0583,0.2628
2026-03-30,haa,EFA,-1.0652,-0.1030,-0.0211,0.0390,0.1768
2026-03-30,haa,IEF,-0.2384,-0.0240,-0.0050,0.0097,0.0501
2026-03-30,haa,LQD,-0.3003,-0.0250,-0.0121,-0.0024,0.0526
2026-03-30,haa,SHY,0.0166,-0.0050,0.0027,0.0139,0.0384
2026-03-30,haa,SPY,-1.0952,-0.0711,-0.0769,-0.0343,0.1335
2026-03-30,permanent,BIL,0.1458,0.0028,0.0087,0.0184,0.0402
2026-03-30,permanent,GLD,-0.7421,-0.1367,0.0021,0.2044,0.4811
2026-03-30,permanent,SPY,-1.0939,-0.0710,-0.0768,-0.0342,0.1336
2026-03-30,permanent,TLT,-0.4813,-0.0405,-0.0031,-0.0017,0.0207
2026-03-30,all_weather,DBC,4.1356,0.1647,0.2879,0.3248,0.3576
2026-03-30,all_weather,GLD,-0.7451,-0.1368,0.0019,0.2042,0.4808
2026-03-30,all_weather,IEF,-0.2384,-0.0240,-0.0050,0.0097,0.0501
2026-03-30,all_weather,SPY,-1.0941,-0.0710,-0.0768,-0.0342,0.1336
2026-03-30,all_weather,TLT,-0.4834,-0.0406,-0.0032,-0.0018,0.0206
2026-03-30,golden_butterfly,GLD,-0.7425,-0.1367,0.0021,0.2044,0.4810
2026-03-30,golden_butterfly,SHY,0.0144,-0.0051,0.0026,0.0138,0.0383
2026-03-30,golden_butterfly,SPY,-1.0942,-0.0710,-0.0768,-0.0342,0.1336
2026-03-30,golden_butterfly,TLT,-0.4834,-0.0406,-0.0032,-0.0018,0.0206
2026-03-30,golden_butterfly,VBR,-0.5517,-0.0645,-0.0015,0.0368,0.1546
2026-03-30,gtaa,DBC,4.1396,0.1649,0.2881,0.3250,0.3578
2026-03-30,gtaa,EFA,-1.0728,-0.1033,-0.0215,0.0386,0.1763
2026-03-30,gtaa,IEF,-0.2394,-0.0240,-0.0051,0.0096,0.0501
2026-03-30,gtaa,SHY,0.0143,-0.0051,0.0026,0.0138,0.0383
2026-03-30,gtaa,SPY,-1.0924,-0.0709,-0.0767,-0.0341,0.1337
2026-03-30,gtaa,VNQ,-0.8284,-0.0693,0.0022,-0.0126,0.0199
2026-03-30,ivy,DBC,4.1396,0.1649,0.2881,0.3250,0.3578
2026-03-30,ivy,EFA,-1.0671,-0.1031,-0.0212,0.0389,0.1767
2026-03-30,ivy,IEF,-0.2394,-0.0240,-0.0051,0.0096,0.0501
2026-03-30,ivy,SHY,0.0155,-0.0051,0.0026,0.0138,0.0383
2026-03-30,ivy,VNQ,-0.8336,-0.0696,0.0019,-0.0129,0.0196
2026-03-30,ivy,VTI,-1.0879,-0.0718,-0.0742,-0.0335,0.1369
2026-03-30,faa,AGG,-0.0416,-0.0190,-0.0024,0.0104,0.0506
2026-03-30,faa,DBC,1.0349,0.1649,0.2881,0.3250,0.3578
2026-03-30,faa,EEM,-0.2664,-0.1214,0.0033,0.0580,0.2625
2026-03-30,faa,EFA,-0.2668,-0.1031,-0.0212,0.0389,0.1767
2026-03-30,faa,SHY,0.0041,-0.0050,0.0027,0.0139,0.0384
2026-03-30,faa,SPY,-0.2749,-0.0713,-0.0771,-0.0345,0.1332
2026-03-30,faa,VNQ,-0.2089,-0.0697,0.0018,-0.0130,0.0195
2026-03-30,eaa,DBC,1.0349,0.1649,0.2881,0.3250,0.3578
2026-03-30,eaa,EEM,-0.2668,-0.1215,0.0032,0.0579,0.2624
2026-03-30,eaa,EFA,-0.2684,-0.1034,-0.0216,0.0385,0.1762
2026-03-30,eaa,GLD,-0.1839,-0.1364,0.0025,0.2049,0.4816
2026-03-30,eaa,IEF,-0.0598,-0.0240,-0.0051,0.0096,0.0501
2026-03-30,eaa,SHY,0.0037,-0.0051,0.0026,0.0138,0.0383
2026-03-30,eaa,SPY,-0.2744,-0.0712,-0.0770,-0.0344,0.1334
2026-03-30,eaa,VNQ,-0.2071,-0.0693,0.0022,-0.0126,0.0199
2026-03-30,laa,GLD,-0.7386,-0.1365,0.0023,0.2046,0.4814
2026-03-30,laa,IEF,-0.2394,-0.0240,-0.0051,0.0096,0.0501
2026-03-30,laa,IWD,-0.5478,-0.0629,-0.0052,0.0462,0.1347
2026-03-30,laa,QQQ,-1.2049,-0.0732,-0.0978,-0.0543,0.1729
2026-03-30,laa,SHY,0.0155,-0.0051,0.0026,0.0138,0.0383
2026-03-30,laa,SPY,-1.0985,-0.0712,-0.0770,-0.0345,0.1333
2026-03-31,daa,BND,-0.1250,-0.0137,-0.0029,0.0055,0.0405
2026-03-31,daa,DBC,3.9273,0.1377,0.3057,0.3419,0.3679
2026-03-31,daa,EEM,-0.7583,-0.1007,0.0118,0.0546,0.2940
2026-03-31,daa,EWJ,-0.5688,-0.0847,0.0181,0.0638,0.2474
2026-03-31,daa,GLD,-0.4602,-0.1346,0.0639,0.2031,0.4929
2026-03-31,daa,HYG,-0.1076,-0.0128,-0.0074,0.0045,0.0660
2026-03-31,daa,IEF,-0.1768,-0.0175,-0.0059,0.0073,0.0423
2026-03-31,daa,IWM,-0.7122,-0.0737,-0.0220,0.0148,0.2301
2026-03-31,daa,LQD,-0.2460,-0.0199,-0.0118,-0.0040,0.0481
2026-03-31,daa,QQQ,-0.9848,-0.0643,-0.0835,-0.0484,0.2177
2026-03-31,daa,SHY,0.0356,-0.0031,0.0023,0.0137,0.0366
2026-03-31,daa,SPY,-0.8866,-0.0621,-0.0641,-0.0271,0.1687
2026-03-31,daa,TLT,-0.4203,-0.0314,-0.0074,-0.0104,0.0062
2026-03-31,daa,VGK,-0.8082,-0.0788,-0.0281,0.0363,0.1766
2026-03-31,daa,VNQ,-0.8133,-0.0691,0.0030,-0.0102,0.0241
2026-03-31,daa,VWO,-0.7369,-0.0745,-0.0118,0.0014,0.2018
2026-03-31,vaa,AGG,-0.1182,-0.0143,-0.0028,0.0093,0.0454
2026-03-31,vaa,EEM,-0.7583,-0.1007,0.0118,0.0546,0.2940
2026-03-31,vaa,EFA,-0.6910,-0.0777,-0.0104,0.0431,0.1967
2026-03-31,vaa,IEF,-0.1768,-0.0175,-0.0059,0.0073,0.0423
2026-03-31,vaa,LQD,-0.2452,-0.0199,-0.0117,-0.0040,0.0481
2026-03-31,vaa,SHY,0.0367,-0.0031,0.0024,0.0137,0.0367
2026-03-31,vaa,SPY,-0.8900,-0.0622,-0.0642,-0.0273,0.1685
2026-03-31,paa,DBC,3.9273,0.1377,0.3057,0.3419,0.3679
2026-03-31,paa,EEM,-0.7583,-0.1007,0.0118,0.0546,0.2940
2026-03-31,paa,EWJ,-0.5711,-0.0848,0.0180,0.0637,0.2472
2026-03-31,paa,GLD,-0.4572,-0.1344,0.0640,0.2033,0.4931
2026-03-31,paa,HYG,-0.1088,-0.0128,-0.0074,0.0044,0.0660
2026-03-31,paa,IEF,-0.1758,-0.0175,-0.0059,0.0074,0.0424
2026-03-31,paa,IWM,-0.7159,-0.0738,-0.0222,0.0146,0.2298
2026-03-31,paa,LQD,-0.2452,-0.0199,-0.0117,-0.0040,0.0481
2026-03-31,paa,QQQ,-0.9858,-0.0643,-0.0836,-0.0485,0.2176
2026-03-31,paa,SHY,0.0367,-0.0031,0.0024,0.0137,0.0367
2026-03-31,paa,SPY,-0.8881,-0.0621,-0.0641,-0.0272,0.1686
2026-03-31,paa,TLT,-0.4192,-0.0313,-0.0073,-0.0103,0.0063
2026-03-31,paa,VGK,-0.8091,-0.0788,-0.0282,0.0363,0.1765
2026-03-31,paa,VNQ,-0.8153,-0.0692,0.0029,-0.0103,0.0240
2026-03-31,baa_g12,DBC,3.9273,0.1377,0.3057,0.3419,0.3679
2026-03-31,baa_g12,EEM,-0.7583,-0.1007,0.0118,0.0546,0.2940
2026-03-31,baa_g12,EWJ,-0.5700,-0.0848,0.0181,0.0638,0.2473
2026-03-31,baa_g12,GLD,-0.4620,-0.1347,0.0638,0.2030,0.4927
2026-03-31,baa_g12,HYG,-0.1100,-0.0129,-0.0075,0.0044,0.0659
2026-03-31,baa_g12,IEF,-0.1768,-0.0175,-0.0059,0.0073,0.0423
2026-03-31,baa_g12,IWM,-0.7193,-0.0740,-0.0224,0.0144,0.2296
2026-03-31,baa_g12,LQD,-0.2460,-0.0199,-0.0118,-0.0040,0.0481
2026-03-31,baa_g12,QQQ,-0.9942,-0.0648,-0.0840,-0.0489,0.2171
2026-03-31,baa_g12,SHY,0.0378,-0.0030,0.0024,0.0138,0.0368
2026-03-31,baa_g12,SPY,-0.8950,-0.0625,-0.0645,-0.0276,0.1681
2026-03-31,baa_g12,TLT,-0.4181,-0.0312,-0.0073,-0.0102,0.0063
2026-03-31,baa_g12,VGK,-0.8172,-0.0792,-0.0286,0.0358,0.1760
2026-03-31,baa_g12,VNQ,-0.8195,-0.0694,0.0026,-0.0106,0.0238
2026-03-31,baa_g4,AGG,-0.1188,-0.0143,-0.0028,0.0093,0.0453
2026-03-31,baa_g4,EEM,-0.7616,-0.1009,0.0116,0.0545,0.2938
2026-03-31,baa_g4,EFA,-0.6939,-0.0778,-0.0106,0.0430,0.1965
2026-03-31,baa_g4,IEF,-0.1758,-0.0175,-0.0059,0.0074,0.0424
2026-03-31,baa_g4,LQD,-0.2460,-0.0199,-0.0118,-0.0040,0.0481
2026-03-31,baa_g4,SHY,0.0378,-0.0030,0.0024,0.0138,0.0368
2026-03-31,baa_g4,SPY,-0.8933,-0.0624,-0.0644,-0.0275,0.1682
2026-03-31,gem,AGG,0.0454,-0.0143,-0.0028,0.0093,0.0454
2026-03-31,gem,EFA,0.1965,-0.0778,-0.0106,0.0430,0.1965
2026-03-31,gem,SPY,0.1684,-0.0623,-0.0643,-0.0273,0.1684
2026-03-31,haa,AGG,-0.1182,-0.0143,-0.0028,0.0093,0.0454
2026-03-31,haa,EEM,-0.7566,-0.1007,0.0119,0.0547,0.2941
2026-03-31,haa,EFA,-0.6900,-0.0776,-0.0104,0.0432,0.1968
2026-03-31,haa,IEF,-0.1738,-0.0173,-0.0058,0.0075,0.0425
2026-03-31,haa,LQD,-0.2421,-0.0197,-0.0115,-0.0038,0.0483
2026-03-31,haa,SHY,0.0378,-0.0030,0.0024,0.0138,0.0368
2026-03-31,haa,SPY,-0.8814,-0.0618,-0.0638,-0.0268,0.1690
2026-03-31,permanent,BIL,0.1456,0.0028,0.0088,0.0184,0.0400
2026-03-31,permanent,GLD,-0.4532,-0.1342,0.0643,0.2036,0.4934
2026-03-31,permanent,SPY,-0.8792,-0.0617,-0.0637,-0.0267,0.1692
2026-03-31,permanent,TLT,-0.4181,-0.0312,-0.0073,-0.0102,0.0063
2026-03-31,all_weather,DBC,3.9234,0.1375,0.3055,0.3417,0.3677
2026-03-31,all_weather,GLD,-0.4545,-0.1343,0.0642,0.2035,0.4933
2026-03-31,all_weather,IEF,-0.1748,-0.0174,-0.0058,0.0074,0.0424
2026-03-31,all_weather,SPY,-0.8727,-0.0613,-0.0633,-0.0264,0.1696
2026-03-31,all_weather,TLT,-0.4160,-0.0311,-0.0071,-0.0101,0.0065
2026-03-31,golden_butterfly,GLD,-0.4467,-0.1339,0.0647,0.2040,0.4939
2026-03-31,golden_butterfly,SHY,0.0379,-0.0030,0.0024,0.0138,0.0368
2026-03-31,golden_butterfly,SPY,-0.8735,-0.0614,-0.0634,-0.0264,0.1695
2026-03-31,golden_butterfly,TLT,-0.4160,-0.0311,-0.0071,-0.0101,0.0065
2026-03-31,golden_butterfly,VBR,-0.4569,-0.0627,0.0072,0.0434,0.1802
2026-03-31,gtaa,DBC,3.9234,0.1375,0.3055,0.3417,0.3677
2026-03-31,gtaa,EFA,-0.6747,-0.0769,-0.0096,0.0441,0.1978
2026-03-31,gtaa,IEF,-0.1728,-0.0173,-0.0057,0.0075,0.0425
2026-03-31,gtaa,SHY,0.0378,-0.0030,0.0024,0.0138,0.0368
2026-03-31,gtaa,SPY,-0.8738,-0.0614,-0.0634,-0.0264,0.1695
2026-03-31,gtaa,VNQ,-0.8031,-0.0685,0.0035,-0.0097,0.0247
2026-03-31,ivy,DBC,3.9195,0.1373,0.3052,0.3414,0.3674
2026-03-31,ivy,EFA,-0.6795,-0.0771,-0.0098,0.0438,0.1975
2026-03-31,ivy,IEF,-0.1728,-0.0173,-0.0057,0.0075,0.0425
2026-03-31,ivy,SHY,0.0378,-0.0030,0.0024,0.0138,0.0368
2026-03-31,ivy,VNQ,-0.7999,-0.0684,0.0037,-0.0095,0.0249
2026-03-31,ivy,VTI,-0.8612,-0.0621,-0.0600,-0.0248,0.1733
2026-03-31,faa,AGG,-0.0288,-0.0141,-0.0026,0.0095,0.0455
2026-03-31,faa,DBC,0.9808,0.1375,0.3055,0.3417,0.3677
2026-03-31,faa,EEM,-0.1817,-0.0992,0.0135,0.0565,0.2963
2026-03-31,faa,EFA,-0.1658,-0.0763,-0.0089,0.0447,0.1985
2026-03-31,faa,SHY,0.0098,-0.0030,0.0025,0.0138,0.0368
2026-03-31,faa,SPY,-0.2125,-0.0602,-0.0622,-0.0251,0.1711
2026-03-31,faa,VNQ,-0.1971,-0.0678,0.0043,-0.0089,0.0255
2026-03-31,eaa,DBC,0.9750,0.1364,0.3041,0.3403,0.3663
2026-03-31,eaa,EEM,-0.1797,-0.0988,0.0140,0.0569,0.2968
2026-03-31,eaa,EFA,-0.1629,-0.0757,-0.0083,0.0454,0.1993
2026-03-31,eaa,GLD,-0.1061,-0.1329,0.0659,0.2055,0.4957
2026-03-31,eaa,IEF,-0.0422,-0.0171,-0.0055,0.0077,0.0428
2026-03-31,eaa,SHY,0.0100,-0.0029,0.0026,0.0139,0.0369
2026-03-31,eaa,SPY,-0.2124,-0.0601,-0.0622,-0.0251,0.1711
2026-03-31,eaa,VNQ,-0.1959,-0.0675,0.0046,-0.0086,0.0258
2026-03-31,laa,GLD,-0.4191,-0.1327,0.0662,0.2058,0.4962
2026-03-31,laa,IEF,-0.1688,-0.0171,-0.0055,0.0077,0.0428
2026-03-31,laa,IWD,-0.3711,-0.0543,0.0041,0.0528,0.1588
2026-03-31,laa,QQQ,-0.9325,-0.0616,-0.0809,-0.0457,0.2212
2026-03-31,laa,SHY,0.0401,-0.0029,0.0026,0.0139,0.0369
2026-03-31,laa,SPY,-0.8411,-0.0597,-0.0617,-0.0247,0.1716
2026-03-31,daa,BND,-0.1173,-0.0133,-0.0025,0.0059,0.0409
2026-03-31,daa,DBC,3.8804,0.1354,0.3030,0.3391,0.3651
2026-03-31,daa,EEM,-0.6939,-0.0976,0.0154,0.0584,0.2986
2026-03-31,daa,EWJ,-0.5041,-0.0815,0.0217,0.0676,0.2518
2026-03-31,daa,GLD,-0.4244,-0.1329,0.0659,0.2055,0.4957
2026-03-31,daa,HYG,-0.0945,-0.0121,-0.0067,0.0052,0.0668
2026-03-31,daa,IEF,-0.1659,-0.0169,-0.0053,0.0079,0.0429
2026-03-31,daa,IWM,-0.6324,-0.0696,-0.0177,0.0192,0.2355
2026-03-31,daa,LQD,-0.2253,-0.0188,-0.0107,-0.0029,0.0492
2026-03-31,daa,QQQ,-0.9145,-0.0606,-0.0800,-0.0447,0.2225
2026-03-31,daa,SHY,0.0402,-0.0029,0.0026,0.0139,0.0369
2026-03-31,daa,SPY,-0.8185,-0.0585,-0.0606,-0.0235,0.1731
2026-03-31,daa,TLT,-0.3946,-0.0300,-0.0060,-0.0090,0.0076
2026-03-31,daa,VGK,-0.7273,-0.0747,-0.0238,0.0409,0.1818
2026-03-31,daa,VNQ,-0.7629,-0.0665,0.0057,-0.0075,0.0269
2026-03-31,daa,VWO,-0.6594,-0.0706,-0.0076,0.0057,0.2069
2026-03-31,vaa,AGG,-0.1020,-0.0134,-0.0019,0.0102,0.0463
2026-03-31,vaa,EEM,-0.6478,-0.0953,0.0179,0.0610,0.3019
2026-03-31,vaa,EFA,-0.5718,-0.0717,-0.0040,0.0499,0.2045
2026-03-31,vaa,IEF,-0.1511,-0.0162,-0.0046,0.0087,0.0437
2026-03-31,vaa,LQD,-0.2003,-0.0175,-0.0093,-0.0016,0.0506
2026-03-31,vaa,SHY,0.0471,-0.0025,0.0029,0.0143,0.0373
2026-03-31,vaa,SPY,-0.7720,-0.0561,-0.0581,-0.0210,0.1761
2026-03-31,paa,DBC,3.7126,0.1271,0.2935,0.3293,0.3551
2026-03-31,paa,EEM,-0.6082,-0.0933,0.0201,0.0633,0.3047
2026-03-31,paa,EWJ,-0.3880,-0.0757,0.0281,0.0743,0.2596
2026-03-31,paa,GLD,-0.3767,-0.1307,0.0687,0.2086,0.4996
2026-03-31,paa,HYG,-0.0623,-0.0104,-0.0050,0.0069,0.0686
2026-03-31,paa,IEF,-0.1413,-0.0157,-0.0040,0.0092,0.0443
2026-03-31,paa,IWM,-0.5499,-0.0654,-0.0133,0.0238,0.2410
2026-03-31,paa,LQD,-0.1960,-0.0173,-0.0091,-0.0013,0.0509
2026-03-31,paa,QQQ,-0.8603,-0.0578,-0.0772,-0.0419,0.2261
2026-03-31,paa,SHY,0.0482,-0.0025,0.0030,0.0143,0.0373
2026-03-31,paa,SPY,-0.7691,-0.0560,-0.0580,-0.0208,0.1763
2026-03-31,paa,TLT,-0.3667,-0.0286,-0.0045,-0.0075,0.0091
2026-03-31,paa,VGK,-0.6172,-0.0691,-0.0179,0.0472,0.1889
2026-03-31,paa,VNQ,-0.6939,-0.0630,0.0096,-0.0037,0.0308
2026-03-31,baa_g12,DBC,3.6657,0.1248,0.2908,0.3266,0.3523
2026-03-31,baa_g12,EEM,-0.5752,-0.0917,0.0220,0.0652,0.3070
2026-03-31,baa_g12,EWJ,-0.3434,-0.0735,0.0306,0.0769,0.2626
2026-03-31,baa_g12,GLD,-0.3605,-0.1299,0.0696,0.2096,0.5009
2026-03-31,baa_g12,HYG,-0.0552,-0.0100,-0.0046,0.0073,0.0690
2026-03-31,baa_g12,IEF,-0.1344,-0.0153,-0.0037,0.0096,0.0447
2026-03-31,baa_g12,IWM,-0.4464,-0.0602,-0.0078,0.0296,0.2480
2026-03-31,baa_g12,LQD,-0.1891,-0.0169,-0.0088,-0.0010,0.0513
2026-03-31,baa_g12,QQQ,-0.8178,-0.0556,-0.0751,-0.0396,0.2290
2026-03-31,baa_g12,SHY,0.0494,-0.0024,0.0030,0.0144,0.0374
2026-03-31,baa_g12,SPY,-0.7226,-0.0536,-0.0556,-0.0183,0.1793
2026-03-31,baa_g12,TLT,-0.3593,-0.0282,-0.0041,-0.0071,0.0095
2026-03-31,baa_g12,VGK,-0.5610,-0.0662,-0.0149,0.0504,0.1926
2026-03-31,baa_g12,VNQ,-0.6322,-0.0598,0.0130,-0.0004,0.0343
2026-03-31,baa_g4,AGG,-0.0811,-0.0123,-0.0008,0.0113,0.0474
2026-03-31,baa_g4,EEM,-0.5290,-0.0894,0.0245,0.0679,0.3103
2026-03-31,baa_g4,EFA,-0.4335,-0.0647,0.0035,0.0578,0.2136
2026-03-31,baa_g4,IEF,-0.1324,-0.0152,-0.0036,0.0097,0.0448
2026-03-31,baa_g4,LQD,-0.1856,-0.0168,-0.0086,-0.0008,0.0515
2026-03-31,baa_g4,SHY,0.0494,-0.0024,0.0030,0.0144,0.0374
2026-03-31,baa_g4,SPY,-0.7052,-0.0527,-0.0547,-0.0174,0.1804
2026-03-31,gem,AGG,0.0477,-0.0120,-0.0005,0.0116,0.0477
2026-03-31,gem,EFA,0.2131,-0.0651,0.0031,0.0574,0.2131
2026-03-31,gem,SPY,0.1802,-0.0528,-0.0549,-0.0175,0.1802
2026-03-31,haa,AGG,-0.0821,-0.0124,-0.0009,0.0113,0.0474
2026-03-31,haa,EEM,-0.5472,-0.0903,0.0235,0.0669,0.3090
2026-03-31,haa,EFA,-0.4786,-0.0670,0.0010,0.0552,0.2106
2026-03-31,haa,IEF,-0.1393,-0.0155,-0.0039,0.0093,0.0444
2026-03-31,haa,LQD,-0.1925,-0.0171,-0.0089,-0.0012,0.0511
2026-03-31,haa,SHY,0.0494,-0.0024,0.0030,0.0144,0.0374
2026-03-31,haa,SPY,-0.7251,-0.0537,-0.0557,-0.0184,0.1791
2026-03-31,permanent,BIL,0.1456,0.0028,0.0088,0.0184,0.0400
2026-03-31,permanent,GLD,-0.3409,-0.1290,0.0707,0.2109,0.5025
2026-03-31,permanent,SPY,-0.7158,-0.0532,-0.0552,-0.0179,0.1797
2026-03-31,permanent,TLT,-0.3646,-0.0285,-0.0044,-0.0074,0.0092
2026-03-31,all_weather,DBC,3.6267,0.1228,0.2886,0.3243,0.3500
2026-03-31,all_weather,GLD,-0.3295,-0.1285,0.0714,0.2116,0.5034
2026-03-31,all_weather,IEF,-0.1373,-0.0154,-0.0038,0.0094,0.0445
2026-03-31,all_weather,SPY,-0.6927,-0.0520,-0.0540,-0.0167,0.1812
2026-03-31,all_weather,TLT,-0.3560,-0.0280,-0.0039,-0.0069,0.0097
2026-03-31,golden_butterfly,GLD,-0.3391,-0.1289,0.0708,0.2110,0.5026
2026-03-31,golden_butterfly,SHY,0.0494,-0.0024,0.0030,0.0144,0.0374
2026-03-31,golden_butterfly,SPY,-0.6986,-0.0523,-0.0544,-0.0170,0.1808
2026-03-31,golden_butterfly,TLT,-0.3560,-0.0280,-0.0039,-0.0069,0.0097
2026-03-31,golden_butterfly,VBR,-0.1344,-0.0464,0.0247,0.0616,0.2007
2026-03-31,gtaa,DBC,3.5720,0.1201,0.2855,0.3211,0.3467
2026-03-31,gtaa,EFA,-0.3883,-0.0624,0.0059,0.0604,0.2165
2026-03-31,gtaa,IEF,-0.1334,-0.0152,-0.0036,0.0096,0.0447
2026-03-31,gtaa,SHY,0.0494,-0.0024,0.0030,0.0144,0.0374
2026-03-31,gtaa,SPY,-0.6855,-0.0516,-0.0537,-0.0163,0.1817
2026-03-31,gtaa,VNQ,-0.6157,-0.0590,0.0139,0.0005,0.0352
2026-03-31,ivy,DBC,3.5408,0.1186,0.2837,0.3193,0.3448
2026-03-31,ivy,EFA,-0.3902,-0.0625,0.0058,0.0603,0.2164
2026-03-31,ivy,IEF,-0.1294,-0.0150,-0.0034,0.0099,0.0449
2026-03-31,ivy,SHY,0.0494,-0.0024,0.0030,0.0144,0.0374
2026-03-31,ivy,VNQ,-0.6198,-0.0592,0.0136,0.0003,0.0350
2026-03-31,ivy,VTI,-0.6902,-0.0532,-0.0512,-0.0156,0.1844
2026-03-31,faa,AGG,-0.0208,-0.0124,-0.0009,0.0112,0.0473
2026-03-31,faa,DBC,0.8852,0.1186,0.2837,0.3193,0.3448
2026-03-31,faa,EEM,-0.1248,-0.0880,0.0262,0.0696,0.3124
2026-03-31,faa,EFA,-0.1028,-0.0636,0.0047,0.0591,0.2150
2026-03-31,faa,SHY,0.0123,-0.0024,0.0030,0.0144,0.0374
2026-03-31,faa,SPY,-0.1781,-0.0530,-0.0551,-0.0178,0.1799
2026-03-31,faa,VNQ,-0.1616,-0.0605,0.0122,-0.0012,0.0335
2026-03-31,eaa,DBC,0.8950,0.1205,0.2859,0.3216,0.3472
2026-03-31,eaa,EEM,-0.1290,-0.0888,0.0252,0.0687,0.3112
2026-03-31,eaa,EFA,-0.1086,-0.0648,0.0034,0.0578,0.2135
2026-03-31,eaa,GLD,-0.0932,-0.1305,0.0689,0.2088,0.4999
2026-03-31,eaa,IEF,-0.0346,-0.0155,-0.0039,0.0094,0.0445
2026-03-31,eaa,SHY,0.0118,-0.0025,0.0029,0.0143,0.0373
2026-03-31,eaa,SPY,-0.1823,-0.0539,-0.0559,-0.0187,0.1788
2026-03-31,eaa,VNQ,-0.1683,-0.0619,0.0107,-0.0026,0.0320
2026-03-31,laa,GLD,-0.3702,-0.1304,0.0690,0.2090,0.5001
2026-03-31,laa,IEF,-0.1413,-0.0157,-0.0040,0.0092,0.0443
2026-03-31,laa,IWD,-0.2762,-0.0495,0.0092,0.0581,0.1647
2026-03-31,laa,QQQ,-0.8176,-0.0556,-0.0750,-0.0396,0.2290
2026-03-31,laa,SHY,0.0448,-0.0027,0.0028,0.0142,0.0371
2026-03-31,laa,SPY,-0.7480,-0.0549,-0.0569,-0.0197,0.1776
2026-04-01,daa,BND,-0.0654,-0.0103,-0.0001,0.0083,0.0412
2026-04-01,daa,DBC,3.3304,0.1085,0.2686,0.3177,0.3194
2026-04-01,daa,EEM,0.5611,-0.0144,0.0492,0.0937,0.3494
2026-04-01,daa,EWJ,0.9122,0.0026,0.0751,0.1260,0.3280
2026-04-01,daa,GLD,0.6338,-0.0630,0.0997,0.2340,0.5224
2026-04-01,daa,HYG,0.0381,-0.0042,-0.0017,0.0116,0.0719
2026-04-01,daa,IEF,-0.1373,-0.0151,-0.0036,0.0090,0.0406
2026-04-01,daa,IWM,0.0929,-0.0280,0.0160,0.0450,0.2745
2026-04-01,daa,LQD,-0.1321,-0.0140,-0.0051,0.0025,0.0519
2026-04-01,daa,QQQ,-0.2716,-0.0235,-0.0516,-0.0203,0.2573
2026-04-01,daa,SHY,0.0417,-0.0026,0.0025,0.0136,0.0363
2026-04-01,daa,SPY,-0.3668,-0.0314,-0.0408,-0.0079,0.1883
2026-04-01,daa,TLT,-0.3494,-0.0272,-0.0027,-0.0052,-0.0014
2026-04-01,daa,VGK,0.1686,-0.0169,0.0026,0.0647,0.2311
2026-04-01,daa,VNQ,-0.6450,-0.0572,0.0083,-0.0070,0.0222
2026-04-01,daa,VWO,0.1624,-0.0142,0.0118,0.0246,0.2365
2026-04-01,vaa,AGG,-0.0632,-0.0110,-0.0002,0.0117,0.0457
2026-04-01,vaa,EEM,0.5696,-0.0140,0.0497,0.0942,0.3500
2026-04-01,vaa,EFA,0.3813,-0.0113,0.0261,0.0791,0.2541
2026-04-01,vaa,IEF,-0.1373,-0.0151,-0.0036,0.0090,0.0406
2026-04-01,vaa,LQD,-0.1312,-0.0140,-0.0051,0.0026,0.0519
2026-04-01,vaa,SHY,0.0417,-0.0026,0.0025,0.0136,0.0363
2026-04-01,vaa,SPY,-0.3698,-0.0315,-0.0409,-0.0080,0.1881
2026-04-01,paa,DBC,3.3265,0.1083,0.2683,0.3174,0.3192
2026-04-01,paa,EEM,0.5611,-0.0144,0.0492,0.0937,0.3494
2026-04-01,paa,EWJ,0.9065,0.0024,0.0748,0.1257,0.3276
2026-04-01,paa,GLD,0.6300,-0.0631,0.0995,0.2338,0.5221
2026-04-01,paa,HYG,0.0344,-0.0044,-0.0019,0.0114,0.0717
2026-04-01,paa,IEF,-0.1393,-0.0152,-0.0037,0.0089,0.0405
2026-04-01,paa,IWM,0.0887,-0.0282,0.0158,0.0447,0.2743
2026-04-01,paa,LQD,-0.1303,-0.0140,-0.0050,0.0026,0.0520
2026-04-01,paa,QQQ,-0.2780,-0.0238,-0.0520,-0.0206,0.2568
2026-04-01,paa,SHY,0.0417,-0.0026,0.0025,0.0136,0.0363
2026-04-01,paa,SPY,-0.3677,-0.0314,-0.0408,-0.0079,0.1883
2026-04-01,paa,TLT,-0.3473,-0.0271,-0.0026,-0.0051,-0.0012
2026-04-01,paa,VGK,0.1708,-0.0167,0.0027,0.0648,0.2313
2026-04-01,paa,VNQ,-0.6409,-0.0570,0.0085,-0.0068,0.0224
2026-04-01,baa_g12,DBC,3.3315,0.1085,0.2686,0.3177,0.3195
2026-04-01,baa_g12,EEM,0.5662,-0.0141,0.0495,0.0940,0.3498
2026-04-01,baa_g12,EWJ,0.9156,0.0028,0.0753,0.1262,0.3283
2026-04-01,baa_g12,GLD,0.6430,-0.0625,0.1002,0.2346,0.5231
2026-04-01,baa_g12,HYG,0.0392,-0.0041,-0.0016,0.0116,0.0720
2026-04-01,baa_g12,IEF,-0.1363,-0.0151,-0.0036,0.0091,0.0407
2026-04-01,baa_g12,IWM,0.0841,-0.0284,0.0155,0.0445,0.2739
2026-04-01,baa_g12,LQD,-0.1295,-0.0139,-0.0050,0.0027,0.0520
2026-04-01,baa_g12,QQQ,-0.2790,-0.0239,-0.0520,-0.0206,0.2568
2026-04-01,baa_g12,SHY,0.0417,-0.0026,0.0025,0.0136,0.0363
2026-04-01,baa_g12,SPY,-0.3702,-0.0315,-0.0410,-0.0080,0.1881
2026-04-01,baa_g12,TLT,-0.3473,-0.0271,-0.0026,-0.0051,-0.0012
2026-04-01,baa_g12,VGK,0.1720,-0.0167,0.0028,0.0649,0.2314
2026-04-01,baa_g12,VNQ,-0.6409,-0.0570,0.0085,-0.0068,0.0224
2026-04-01,baa_g4,AGG,-0.0603,-0.0108,-0.0000,0.0118,0.0459
2026-04-01,baa_g4,EEM,0.5645,-0.0142,0.0494,0.0939,0.3497
2026-04-01,baa_g4,EFA,0.3862,-0.0110,0.0264,0.0793,0.2544
2026-04-01,baa_g4,IEF,-0.1353,-0.0150,-0.0035,0.0091,0.0407
2026-04-01,baa_g4,LQD,-0.1293,-0.0139,-0.0050,0.0027,0.0520
2026-04-01,baa_g4,SHY,0.0417,-0.0026,0.0025,0.0136,0.0363
2026-04-01,baa_g4,SPY,-0.3678,-0.0314,-0.0408,-0.0079,0.1883
2026-04-01,gem,AGG,0.0459,-0.0108,-0.0000,0.0118,0.0459
2026-04-01,gem,EFA,0.2545,-0.0110,0.0264,0.0794,0.2545
2026-04-01,gem,SPY,0.1884,-0.0313,-0.0407,-0.0078,0.1884
2026-04-01,haa,AGG,-0.0612,-0.0109,-0.0001,0.0118,0.0458
2026-04-01,haa,EEM,0.5662,-0.0141,0.0495,0.0940,0.3498
2026-04-01,haa,EFA,0.3911,-0.0108,0.0266,0.0796,0.2547
2026-04-01,haa,IEF,-0.1363,-0.0151,-0.0036,0.0091,0.0407
2026-04-01,haa,LQD,-0.1303,-0.0140,-0.0050,0.0026,0.0520
2026-04-01,haa,SHY,0.0406,-0.0027,0.0024,0.0135,0.0362
2026-04-01,haa,SPY,-0.3612,-0.0311,-0.0405,-0.0076,0.1887
2026-04-01,permanent,BIL,0.1467,0.0028,0.0088,0.0186,0.0401
2026-04-01,permanent,GLD,0.6546,-0.0620,0.1009,0.2354,0.5240
2026-04-01,permanent,SPY,-0.3620,-0.0311,-0.0405,-0.0076,0.1886
2026-04-01,permanent,TLT,-0.3548,-0.0275,-0.0030,-0.0055,-0.0016
2026-04-01,all_weather,DBC,3.3343,0.1086,0.2688,0.3179,0.3196
2026-04-01,all_weather,GLD,0.6564,-0.0619,0.1010,0.2355,0.5242
2026-04-01,all_weather,IEF,-0.1393,-0.0152,-0.0037,0.0089,0.0405
2026-04-01,all_weather,SPY,-0.3609,-0.0311,-0.0405,-0.0075,0.1887
2026-04-01,all_weather,TLT,-0.3544,-0.0275,-0.0030,-0.0055,-0.0016
2026-04-01,golden_butterfly,GLD,0.6553,-0.0619,0.1009,0.2354,0.5241
2026-04-01,golden_butterfly,SHY,0.0417,-0.0026,0.0025,0.0136,0.0363
2026-04-01,golden_butterfly,SPY,-0.3596,-0.0310,-0.0404,-0.0075,0.1888
2026-04-01,golden_butterfly,TLT,-0.3580,-0.0277,-0.0032,-0.0057,-0.0018
2026-04-01,golden_butterfly,VBR,0.0693,-0.0308,0.0296,0.0605,0.1990
2026-04-01,gtaa,DBC,3.3459,0.1092,0.2694,0.3186,0.3203
2026-04-01,gtaa,EFA,0.3891,-0.0109,0.0265,0.0795,0.2546
2026-04-01,gtaa,IEF,-0.1403,-0.0153,-0.0038,0.0089,0.0404
2026-04-01,gtaa,SHY,0.0405,-0.0027,0.0024,0.0135,0.0362
2026-04-01,gtaa,SPY,-0.3552,-0.0308,-0.0402,-0.0072,0.1891
2026-04-01,gtaa,VNQ,-0.6265,-0.0563,0.0093,-0.0060,0.0232
2026-04-01,ivy,DBC,3.3459,0.1092,0.2694,0.3186,0.3203
2026-04-01,ivy,EFA,0.3911,-0.0108,0.0266,0.0796,0.2547
2026-04-01,ivy,IEF,-0.1403,-0.0153,-0.0038,0.0089,0.0404
2026-04-01,ivy,SHY,0.0428,-0.0026,0.0025,0.0136,0.0363
2026-04-01,ivy,VNQ,-0.6213,-0.0560,0.0096,-0.0057,0.0235
2026-04-01,ivy,VTI,-0.3206,-0.0301,-0.0362,-0.0049,0.1951
2026-04-01,faa,AGG,-0.0166,-0.0111,-0.0003,0.0115,0.0455
2026-04-01,faa,DBC,0.8365,0.1092,0.2694,0.3186,0.3203
2026-04-01,faa,EEM,0.1445,-0.0135,0.0501,0.0947,0.3506
2026-04-01,faa,EFA,0.0980,-0.0107,0.0267,0.0797,0.2548
2026-04-01,faa,SHY,0.0104,-0.0026,0.0025,0.0136,0.0363
2026-04-01,faa,SPY,-0.0883,-0.0307,-0.0401,-0.0071,0.1892
2026-04-01,faa,VNQ,-0.1543,-0.0558,0.0098,-0.0055,0.0237
2026-04-01,eaa,DBC,0.8355,0.1090,0.2692,0.3184,0.3201
2026-04-01,eaa,EEM,0.1437,-0.0137,0.0499,0.0945,0.3504
2026-04-01,eaa,EFA,0.0978,-0.0108,0.0266,0.0796,0.2547
2026-04-01,eaa,GLD,0.1654,-0.0616,0.1013,0.2358,0.5246
2026-04-01,eaa,IEF,-0.0361,-0.0155,-0.0040,0.0087,0.0402
2026-04-01,eaa,SHY,0.0101,-0.0027,0.0024,0.0135,0.0362
2026-04-01,eaa,SPY,-0.0888,-0.0308,-0.0402,-0.0072,0.1891
2026-04-01,eaa,VNQ,-0.1561,-0.0561,0.0094,-0.0059,0.0233
2026-04-01,laa,GLD,0.6645,-0.0615,0.1014,0.2360,0.5248
2026-04-01,laa,IEF,-0.1442,-0.0155,-0.0040,0.0087,0.0402
2026-04-01,laa,IWD,0.0764,-0.0260,0.0214,0.0684,0.1664
2026-04-01,laa,QQQ,-0.2648,-0.0231,-0.0513,-0.0199,0.2577
2026-04-01,laa,SHY,0.0405,-0.0027,0.0024,0.0135,0.0362
2026-04-01,laa,SPY,-0.3548,-0.0307,-0.0402,-0.0072,0.1891
2026-04-01,daa,BND,-0.0718,-0.0106,-0.0004,0.0080,0.0408
2026-04-01,daa,DBC,3.3459,0.1092,0.2694,0.3186,0.3203
2026-04-01,daa,EEM,0.5713,-0.0139,0.0497,0.0943,0.3501
2026-04-01,daa,EWJ,0.9259,0.0033,0.0758,0.1268,0.3289
2026-04-01,daa,GLD,0.6649,-0.0615,0.1015,0.2360,0.5248
2026-04-01,daa,HYG,0.0416,-0.0040,-0.0015,0.0118,0.0721
2026-04-01,daa,IEF,-0.1442,-0.0155,-0.0040,0.0087,0.0402
2026-04-01,daa,IWM,0.1168,-0.0267,0.0172,0.0463,0.2761
2026-04-01,daa,LQD,-0.1347,-0.0142,-0.0052,0.0024,0.0517
2026-04-01,daa,QQQ,-0.2637,-0.0231,-0.0512,-0.0198,0.2578
2026-04-01,daa,SHY,0.0393,-0.0028,0.0023,0.0134,0.0362
2026-04-01,daa,SPY,-0.3544,-0.0307,-0.0401,-0.0072,0.1891
2026-04-01,daa,TLT,-0.3602,-0.0278,-0.0033,-0.0058,-0.0019
2026-04-01,daa,VGK,0.1788,-0.0163,0.0031,0.0653,0.2318
2026-04-01,daa,VNQ,-0.6275,-0.0563,0.0093,-0.0060,0.0232
2026-04-01,daa,VWO,0.1694,-0.0139,0.0122,0.0250,0.2369
2026-04-01,vaa,AGG,-0.0660,-0.0111,-0.0003,0.0115,0.0455
2026-04-01,vaa,EEM,0.5696,-0.0140,0.0497,0.0942,0.3500
2026-04-01,vaa,EFA,0.3901,-0.0108,0.0266,0.0796,0.2547
2026-04-01,vaa,IEF,-0.1423,-0.0154,-0.0039,0.0088,0.0403
2026-04-01,vaa,LQD,-0.1338,-0.0141,-0.0052,0.0024,0.0518
2026-04-01,vaa,SHY,0.0393,-0.0028,0.0023,0.0134,0.0362
2026-04-01,vaa,SPY,-0.3534,-0.0307,-0.0401,-0.0071,0.1892
2026-04-01,paa,DBC,3.3498,0.1094,0.2697,0.3188,0.3206
2026-04-01,paa,EEM,0.5781,-0.0135,0.0501,0.0947,0.3506
2026-04-01,paa,EWJ,0.9282,0.0035,0.0759,0.1269,0.3291
2026-04-01,paa,GLD,0.6654,-0.0615,0.1015,0.2360,0.5248
2026-04-01,paa,HYG,0.0404,-0.0041,-0.0016,0.0117,0.0721
2026-04-01,paa,IEF,-0.1423,-0.0154,-0.0039,0.0088,0.0403
2026-04-01,paa,IWM,0.1168,-0.0267,0.0172,0.0463,0.2761
2026-04-01,paa,LQD,-0.1338,-0.0141,-0.0052,0.0024,0.0518
2026-04-01,paa,QQQ,-0.2646,-0.0231,-0.0513,-0.0199,0.2577
2026-04-01,paa,SHY,0.0393,-0.0028,0.0023,0.0134,0.0362
2026-04-01,paa,SPY,-0.3546,-0.0307,-0.0402,-0.0072,0.1891
2026-04-01,paa,TLT,-0.3613,-0.0278,-0.0034,-0.0059,-0.0020
2026-04-01,paa,VGK,0.1777,-0.0164,0.0031,0.0652,0.2317
2026-04-01,paa,VNQ,-0.6224,-0.0560,0.0096,-0.0058,0.0234
2026-04-01,baa_g12,DBC,3.3498,0.1094,0.2697,0.3188,0.3206
2026-04-01,baa_g12,EEM,0.5747,-0.0137,0.0499,0.0945,0.3504
2026-04-01,baa_g12,EWJ,0.9191,0.0030,0.0755,0.1264,0.3285
2026-04-01,baa_g12,GLD,0.6515,-0.0621,0.1007,0.2352,0.5238
2026-04-01,baa_g12,HYG,0.0380,-0.0042,-0.0017,0.0116,0.0719
2026-04-01,baa_g12,IEF,-0.1452,-0.0155,-0.0040,0.0086,0.0402
2026-04-01,baa_g12,IWM,0.1084,-0.0272,0.0168,0.0458,0.2756
2026-04-01,baa_g12,LQD,-0.1338,-0.0141,-0.0052,0.0024,0.0518
2026-04-01,baa_g12,QQQ,-0.2665,-0.0232,-0.0514,-0.0200,0.2576
2026-04-01,baa_g12,SHY,0.0382,-0.0028,0.0023,0.0134,0.0361
2026-04-01,baa_g12,SPY,-0.3555,-0.0308,-0.0402,-0.0073,0.1890
2026-04-01,baa_g12,TLT,-0.3613,-0.0278,-0.0034,-0.0059,-0.0020
2026-04-01,baa_g12,VGK,0.1720,-0.0167,0.0028,0.0649,0.2314
2026-04-01,baa_g12,VNQ,-0.6327,-0.0566,0.0090,-0.0063,0.0229
2026-04-01,baa_g4,AGG,-0.0683,-0.0112,-0.0004,0.0114,0.0454
2026-04-01,baa_g4,EEM,0.5713,-0.0139,0.0497,0.0943,0.3501
2026-04-01,baa_g4,EFA,0.3842,-0.0111,0.0263,0.0792,0.2543
2026-04-01,baa_g4,IEF,-0.1472,-0.0156,-0.0041,0.0085,0.0401
2026-04-01,baa_g4,LQD,-0.1355,-0.0142,-0.0053,0.0023,0.0517
2026-04-01,baa_g4,SHY,0.0382,-0.0028,0.0023,0.0134,0.0361
2026-04-01,baa_g4,SPY,-0.3548,-0.0307,-0.0402,-0.0072,0.1891
2026-04-01,gem,AGG,0.0454,-0.0112,-0.0004,0.0114,0.0454
2026-04-01,gem,EFA,0.2544,-0.0110,0.0264,0.0793,0.2544
2026-04-01,gem,SPY,0.1891,-0.0307,-0.0402,-0.0072,0.1891
2026-04-01,haa,AGG,-0.0679,-0.0112,-0.0004,0.0114,0.0454
2026-04-01,haa,EEM,0.5696,-0.0140,0.0497,0.0942,0.3500
2026-04-01,haa,EFA,0.3862,-0.0110,0.0264,0.0793,0.2544
2026-04-01,haa,IEF,-0.1472,-0.0156,-0.0041,0.0085,0.0401
2026-04-01,haa,LQD,-0.1347,-0.0142,-0.0052,0.0024,0.0517
2026-04-01,haa,SHY,0.0393,-0.0028,0.0023,0.0134,0.0362
2026-04-01,haa,SPY,-0.3545,-0.0307,-0.0401,-0.0072,0.1891
2026-04-01,permanent,BIL,0.1471,0.0029,0.0089,0.0186,0.0402
2026-04-01,permanent,GLD,0.6533,-0.0620,0.1008,0.2353,0.5239
2026-04-01,permanent,SPY,-0.3545,-0.0307,-0.0401,-0.0072,0.1891
2026-04-01,permanent,TLT,-0.3613,-0.0278,-0.0034,-0.0059,-0.0020
2026-04-01,all_weather,DBC,3.3245,0.1082,0.2682,0.3173,0.3191
2026-04-01,all_weather,GLD,0.6539,-0.0620,0.1008,0.2353,0.5240
2026-04-01,all_weather,IEF,-0.1442,-0.0155,-0.0040,0.0087,0.0402
2026-04-01,all_weather,SPY,-0.3558,-0.0308,-0.0402,-0.0073,0.1890
2026-04-01,all_weather,TLT,-0.3580,-0.0277,-0.0032,-0.0057,-0.0018
2026-04-01,golden_butterfly,GLD,0.6542,-0.0620,0.1009,0.2353,0.5240
2026-04-01,golden_butterfly,SHY,0.0393,-0.0028,0.0023,0.0134,0.0362
2026-04-01,golden_butterfly,SPY,-0.3572,-0.0309,-0.0403,-0.0073,0.1889
2026-04-01,golden_butterfly,TLT,-0.3580,-0.0277,-0.0032,-0.0057,-0.0018
2026-04-01,golden_butterfly,VBR,0.0911,-0.0297,0.0308,0.0618,0.2004
2026-04-01,gtaa,DBC,3.3304,0.1085,0.2686,0.3177,0.3194
2026-04-01,gtaa,EFA,0.3842,-0.0111,0.0263,0.0792,0.2543
2026-04-01,gtaa,IEF,-0.1422,-0.0154,-0.0039,0.0088,0.0403
2026-04-01,gtaa,SHY,0.0393,-0.0028,0.0023,0.0134,0.0362
2026-04-01,gtaa,SPY,-0.3552,-0.0308,-0.0402,-0.0072,0.1891
2026-04-01,gtaa,VNQ,-0.6265,-0.0563,0.0093,-0.0060,0.0232
2026-04-01,ivy,DBC,3.3304,0.1085,0.2686,0.3177,0.3194
2026-04-01,ivy,EFA,0.3882,-0.0109,0.0265,0.0795,0.2546
2026-04-01,ivy,IEF,-0.1422,-0.0154,-0.0039,0.0088,0.0403
2026-04-01,ivy,SHY,0.0393,-0.0028,0.0023,0.0134,0.0362
2026-04-01,ivy,VNQ,-0.6203,-0.0559,0.0097,-0.0056,0.0236
2026-04-01,ivy,VTI,-0.3137,-0.0297,-0.0358,-0.0046,0.1955
2026-04-01,faa,AGG,-0.0153,-0.0109,-0.0001,0.0118,0.0458
2026-04-01,faa,DBC,0.8316,0.1083,0.2683,0.3174,0.3192
2026-04-01,faa,EEM,0.1454,-0.0134,0.0503,0.0949,0.3508
2026-04-01,faa,EFA,0.0978,-0.0108,0.0266,0.0796,0.2547
2026-04-01,faa,SHY,0.0098,-0.0028,0.0023,0.0134,0.0362
2026-04-01,faa,SPY,-0.0880,-0.0306,-0.0400,-0.0071,0.1893
2026-04-01,faa,VNQ,-0.1543,-0.0558,0.0098,-0.0055,0.0237
2026-04-01,eaa,DBC,0.8316,0.1083,0.2683,0.3174,0.3192
2026-04-01,eaa,EEM,0.1441,-0.0136,0.0500,0.0946,0.3505
2026-04-01,eaa,EFA,0.0968,-0.0110,0.0264,0.0794,0.2545
2026-04-01,eaa,GLD,0.1647,-0.0618,0.1011,0.2356,0.5243
2026-04-01,eaa,IEF,-0.0351,-0.0153,-0.0038,0.0089,0.0404
2026-04-01,eaa,SHY,0.0098,-0.0028,0.0023,0.0134,0.0362
2026-04-01,eaa,SPY,-0.0877,-0.0305,-0.0400,-0.0070,0.1893
2026-04-01,eaa,VNQ,-0.1546,-0.0558,0.0098,-0.0055,0.0237
2026-04-01,laa,GLD,0.6612,-0.0617,0.1012,0.2358,0.5245
2026-04-01,laa,IEF,-0.1383,-0.0152,-0.0037,0.0090,0.0405
2026-04-01,laa,IWD,0.0808,-0.0258,0.0217,0.0687,0.1666
2026-04-01,laa,QQQ,-0.2568,-0.0227,-0.0509,-0.0195,0.2582
2026-04-01,laa,SHY,0.0393,-0.0028,0.0023,0.0134,0.0362
2026-04-01,laa,SPY,-0.3478,-0.0304,-0.0398,-0.0068,0.1895
2026-04-02,daa,BND,-0.0501,-0.0093,0.0029,0.0061,0.0382
2026-04-02,daa,DBC,3.6068,0.1148,0.3032,0.3393,0.3381
2026-04-02,daa,EEM,0.0048,-0.0461,0.0296,0.0616,0.3159
2026-04-02,daa,EWJ,0.2224,-0.0407,0.0525,0.0991,0.3031
2026-04-02,daa,GLD,0.0636,-0.0945,0.0780,0.2000,0.4856
2026-04-02,daa,HYG,0.0049,-0.0071,-0.0002,0.0103,0.0701
2026-04-02,daa,IEF,-0.1041,-0.0128,0.0000,0.0060,0.0373
2026-04-02,daa,IWM,-0.1417,-0.0448,0.0157,0.0345,0.2644
2026-04-02,daa,LQD,-0.1141,-0.0137,0.0004,-0.0003,0.0494
2026-04-02,daa,QQQ,-0.5968,-0.0465,-0.0520,-0.0334,0.2364
2026-04-02,daa,SHY,0.0535,-0.0017,0.0031,0.0127,0.0362
2026-04-02,daa,SPY,-0.5569,-0.0447,-0.0402,-0.0180,0.1769
2026-04-02,daa,TLT,-0.2891,-0.0239,0.0056,-0.0075,-0.0097
2026-04-02,daa,VGK,-0.1521,-0.0370,-0.0027,0.0428,0.2166
2026-04-02,daa,VNQ,-0.5552,-0.0546,0.0207,-0.0045,0.0259
2026-04-02,daa,VWO,-0.2247,-0.0358,-0.0032,0.0023,0.2130
2026-04-02,vaa,AGG,-0.0445,-0.0099,0.0029,0.0098,0.0426
2026-04-02,vaa,EEM,-0.0036,-0.0465,0.0292,0.0611,0.3153
2026-04-02,vaa,EFA,-0.0155,-0.0362,0.0174,0.0567,0.2364
2026-04-02,vaa,IEF,-0.1041,-0.0128,0.0000,0.0060,0.0373
2026-04-02,vaa,LQD,-0.1133,-0.0137,0.0004,-0.0002,0.0495
2026-04-02,vaa,SHY,0.0535,-0.0017,0.0031,0.0127,0.0362
2026-04-02,vaa,SPY,-0.5569,-0.0447,-0.0402,-0.0180,0.1769
2026-04-02,paa,DBC,3.6107,0.1150,0.3034,0.3395,0.3383
2026-04-02,paa,EEM,-0.0019,-0.0464,0.0292,0.0612,0.3154
2026-04-02,paa,EWJ,0.2190,-0.0409,0.0523,0.0989,0.3029
2026-04-02,paa,GLD,0.0728,-0.0941,0.0785,0.2005,0.4863
2026-04-02,paa,HYG,0.0037,-0.0072,-0.0002,0.0102,0.0700
2026-04-02,paa,IEF,-0.1031,-0.0127,0.0001,0.0060,0.0373
2026-04-02,paa,IWM,-0.1447,-0.0450,0.0155,0.0344,0.2642
2026-04-02,paa,LQD,-0.1159,-0.0138,0.0003,-0.0003,0.0493
2026-04-02,paa,QQQ,-0.5996,-0.0467,-0.0522,-0.0336,0.2362
2026-04-02,paa,SHY,0.0535,-0.0017,0.0031,0.0127,0.0362
2026-04-02,paa,SPY,-0.5603,-0.0449,-0.0404,-0.0182,0.1766
2026-04-02,paa,TLT,-0.2929,-0.0241,0.0053,-0.0077,-0.0099
2026-04-02,paa,VGK,-0.1589,-0.0373,-0.0030,0.0424,0.2162
2026-04-02,paa,VNQ,-0.5603,-0.0548,0.0205,-0.0048,0.0256
2026-04-02,baa_g12,DBC,3.6107,0.1150,0.3034,0.3395,0.3383
2026-04-02,baa_g12,EEM,-0.0002,-0.0463,0.0293,0.0613,0.3156
2026-04-02,baa_g12,EWJ,0.2213,-0.0408,0.0525,0.0991,0.3031
2026-04-02,baa_g12,GLD,0.0741,-0.0940,0.0786,0.2006,0.4864
2026-04-02,baa_g12,HYG,0.0049,-0.0071,-0.0002,0.0103,0.0701
2026-04-02,baa_g12,IEF,-0.1071,-0.0129,-0.0001,0.0058,0.0371
2026-04-02,baa_g12,IWM,-0.1296,-0.0442,0.0163,0.0352,0.2653
2026-04-02,baa_g12,LQD,-0.1133,-0.0137,0.0004,-0.0002,0.0495
2026-04-02,baa_g12,QQQ,-0.5869,-0.0460,-0.0515,-0.0329,0.2370
2026-04-02,baa_g12,SHY,0.0545,-0.0017,0.0032,0.0128,0.0363
2026-04-02,baa_g12,SPY,-0.5450,-0.0441,-0.0396,-0.0174,0.1776
2026-04-02,baa_g12,TLT,-0.2934,-0.0241,0.0053,-0.0078,-0.0099
2026-04-02,baa_g12,VGK,-0.1589,-0.0373,-0.0030,0.0424,0.2162
2026-04-02,baa_g12,VNQ,-0.5480,-0.0542,0.0211,-0.0041,0.0263
2026-04-02,baa_g4,AGG,-0.0459,-0.0099,0.0029,0.0097,0.0425
2026-04-02,baa_g4,EEM,0.0150,-0.0456,0.0302,0.0622,0.3166
2026-04-02,baa_g4,EFA,0.0010,-0.0354,0.0183,0.0576,0.2375
2026-04-02,baa_g4,IEF,-0.1061,-0.0129,-0.0001,0.0058,0.0372
2026-04-02,baa_g4,LQD,-0.1133,-0.0137,0.0004,-0.0002,0.0495
2026-04-02,baa_g4,SHY,0.0545,-0.0017,0.0032,0.0128,0.0363
2026-04-02,baa_g4,SPY,-0.5368,-0.0437,-0.0392,-0.0169,0.1781
2026-04-02,gem,AGG,0.0426,-0.0099,0.0029,0.0098,0.0426
2026-04-02,gem,EFA,0.2386,-0.0345,0.0193,0.0586,0.2386
2026-04-02,gem,SPY,0.1787,-0.0432,-0.0387,-0.0165,0.1787
2026-04-02,haa,AGG,-0.0435,-0.0098,0.0030,0.0099,0.0426
2026-04-02,haa,EEM,0.0386,-0.0444,0.0314,0.0635,0.3182
2026-04-02,haa,EFA,0.0185,-0.0345,0.0193,0.0586,0.2386
2026-04-02,haa,IEF,-0.1041,-0.0128,0.0000,0.0060,0.0373
2026-04-02,haa,LQD,-0.1089,-0.0134,0.0007,0.0000,0.0497
2026-04-02,haa,SHY,0.0545,-0.0017,0.0032,0.0128,0.0363
2026-04-02,haa,SPY,-0.5293,-0.0433,-0.0388,-0.0165,0.1786
2026-04-02,permanent,BIL,0.1516,0.0031,0.0091,0.0188,0.0403
2026-04-02,permanent,GLD,0.1040,-0.0926,0.0803,0.2025,0.4888
2026-04-02,permanent,SPY,-0.5272,-0.0432,-0.0387,-0.0164,0.1788
2026-04-02,permanent,TLT,-0.2880,-0.0238,0.0056,-0.0075,-0.0096
2026-04-02,all_weather,DBC,3.6068,0.1148,0.3032,0.3393,0.3381
2026-04-02,all_weather,GLD,0.0922,-0.0931,0.0796,0.2018,0.4878
2026-04-02,all_weather,IEF,-0.1046,-0.0128,-0.0000,0.0059,0.0373
2026-04-02,all_weather,SPY,-0.5309,-0.0434,-0.0389,-0.0166,0.1785
2026-04-02,all_weather,TLT,-0.2869,-0.0238,0.0057,-0.0074,-0.0095
2026-04-02,golden_butterfly,GLD,0.1007,-0.0927,0.0801,0.2023,0.4885
2026-04-02,golden_butterfly,SHY,0.0557,-0.0016,0.0033,0.0128,0.0363
2026-04-02,golden_butterfly,SPY,-0.5203,-0.0428,-0.0383,-0.0161,0.1792
2026-04-02,golden_butterfly,TLT,-0.2880,-0.0238,0.0056,-0.0075,-0.0096
2026-04-02,golden_butterfly,VBR,-0.0708,-0.0408,0.0329,0.0494,0.1878
2026-04-02,gtaa,DBC,3.5991,0.1144,0.3028,0.3388,0.3377
2026-04-02,gtaa,EFA,0.0166,-0.0346,0.0192,0.0585,0.2385
2026-04-02,gtaa,IEF,-0.1031,-0.0127,0.0001,0.0060,0.0373
2026-04-02,gtaa,SHY,0.0545,-0.0017,0.0032,0.0128,0.0363
2026-04-02,gtaa,SPY,-0.5247,-0.0431,-0.0386,-0.0163,0.1789
2026-04-02,gtaa,VNQ,-0.5366,-0.0536,0.0218,-0.0035,0.0269
2026-04-02,ivy,DBC,3.5991,0.1144,0.3028,0.3388,0.3377
2026-04-02,ivy,EFA,0.0166,-0.0346,0.0192,0.0585,0.2385
2026-04-02,ivy,IEF,-0.1031,-0.0127,0.0001,0.0060,0.0373
2026-04-02,ivy,SHY,0.0545,-0.0017,0.0032,0.0128,0.0363
2026-04-02,ivy,VNQ,-0.5407,-0.0538,0.0215,-0.0037,0.0267
2026-04-02,ivy,VTI,-0.4961,-0.0428,-0.0345,-0.0142,0.1840
2026-04-02,faa,AGG,-0.0106,-0.0098,0.0030,0.0099,0.0427
2026-04-02,faa,DBC,0.9027,0.1150,0.3034,0.3395,0.3383
2026-04-02,faa,EEM,0.0101,-0.0443,0.0315,0.0636,0.3184
2026-04-02,faa,EFA,0.0032,-0.0348,0.0190,0.0582,0.2382
2026-04-02,faa,SHY,0.0136,-0.0017,0.0032,0.0128,0.0363
2026-04-02,faa,SPY,-0.1322,-0.0433,-0.0388,-0.0165,0.1787
2026-04-02,faa,VNQ,-0.1354,-0.0539,0.0215,-0.0038,0.0266
2026-04-02,eaa,DBC,0.9021,0.1149,0.3033,0.3394,0.3382
2026-04-02,eaa,EEM,0.0101,-0.0443,0.0315,0.0636,0.3184
2026-04-02,eaa,EFA,0.0027,-0.0349,0.0188,0.0581,0.2381
2026-04-02,eaa,GLD,0.0258,-0.0926,0.0802,0.2025,0.4887
2026-04-02,eaa,IEF,-0.0263,-0.0128,-0.0000,0.0059,0.0372
2026-04-02,eaa,SHY,0.0136,-0.0017,0.0032,0.0128,0.0363
2026-04-02,eaa,SPY,-0.1329,-0.0434,-0.0389,-0.0167,0.1785
2026-04-02,eaa,VNQ,-0.1362,-0.0541,0.0213,-0.0039,0.0264
2026-04-02,laa,GLD,0.0998,-0.0928,0.0800,0.2022,0.4884
2026-04-02,laa,IEF,-0.0417,-0.0083,0.0005,0.0084,0.0397
2026-04-02,laa,IWD,-0.0101,-0.0336,0.0257,0.0633,0.1640
2026-04-02,laa,QQQ,-0.5670,-0.0450,-0.0505,-0.0319,0.2384
2026-04-02,laa,SHY,0.0545,-0.0017,0.0032,0.0128,0.0363
2026-04-02,laa,SPY,-0.5292,-0.0433,-0.0388,-0.0165,0.1786
2026-04-02,daa,BND,-0.0498,-0.0093,0.0029,0.0061,0.0382
2026-04-02,daa,DBC,3.6068,0.1148,0.3032,0.3393,0.3381
2026-04-02,daa,EEM,0.0420,-0.0442,0.0316,0.0637,0.3185
2026-04-02,daa,EWJ,0.2564,-0.0391,0.0544,0.1011,0.3054
2026-04-02,daa,GLD,0.1042,-0.0926,0.0803,0.2025,0.4888
2026-04-02,daa,HYG,0.0109,-0.0068,0.0002,0.0106,0.0704
2026-04-02,daa,IEF,-0.1051,-0.0128,-0.0000,0.0059,0.0372
2026-04-02,daa,IWM,-0.1085,-0.0432,0.0175,0.0364,0.2667
2026-04-02,daa,LQD,-0.1124,-0.0136,0.0005,-0.0002,0.0495
2026-04-02,daa,QQQ,-0.5743,-0.0453,-0.0509,-0.0322,0.2379
2026-04-02,daa,SHY,0.0545,-0.0017,0.0032,0.0128,0.0363
2026-04-02,daa,SPY,-0.5351,-0.0436,-0.0391,-0.0168,0.1782
2026-04-02,daa,TLT,-0.2912,-0.0240,0.0054,-0.0076,-0.0098
2026-04-02,daa,VGK,-0.1362,-0.0362,-0.0018,0.0437,0.2176
2026-04-02,daa,VNQ,-0.5407,-0.0538,0.0215,-0.0037,0.0267
2026-04-02,daa,VWO,-0.1915,-0.0341,-0.0014,0.0040,0.2152
2026-04-02,vaa,AGG,-0.0445,-0.0099,0.0029,0.0098,0.0426
2026-04-02,vaa,EEM,0.0335,-0.0446,0.0312,0.0632,0.3179
2026-04-02,vaa,EFA,0.0107,-0.0349,0.0188,0.0581,0.2381
2026-04-02,vaa,IEF,-0.1065,-0.0129,-0.0001,0.0058,0.0372
2026-04-02,vaa,LQD,-0.1121,-0.0136,0.0005,-0.0002,0.0495
2026-04-02,vaa,SHY,0.0545,-0.0017,0.0032,0.0128,0.0363
2026-04-02,vaa,SPY,-0.5323,-0.0435,-0.0390,-0.0167,0.1784
2026-04-02,paa,DBC,3.5913,0.1140,0.3023,0.3384,0.3372
2026-04-02,paa,EEM,0.0217,-0.0452,0.0305,0.0626,0.3171
2026-04-02,paa,EWJ,0.2405,-0.0398,0.0535,0.1002,0.3044
2026-04-02,paa,GLD,0.1029,-0.0926,0.0802,0.2024,0.4887
2026-04-02,paa,HYG,0.0061,-0.0070,-0.0001,0.0103,0.0701
2026-04-02,paa,IEF,-0.1071,-0.0129,-0.0001,0.0058,0.0371
2026-04-02,paa,IWM,-0.1327,-0.0444,0.0162,0.0350,0.2651
2026-04-02,paa,LQD,-0.1159,-0.0138,0.0003,-0.0003,0.0493
2026-04-02,paa,QQQ,-0.5955,-0.0464,-0.0520,-0.0333,0.2364
2026-04-02,paa,SHY,0.0534,-0.0017,0.0031,0.0127,0.0362
2026-04-02,paa,SPY,-0.5402,-0.0439,-0.0394,-0.0171,0.1779
2026-04-02,paa,TLT,-0.2880,-0.0238,0.0056,-0.0075,-0.0096
2026-04-02,paa,VGK,-0.1452,-0.0366,-0.0023,0.0432,0.2171
2026-04-02,paa,VNQ,-0.5407,-0.0538,0.0215,-0.0037,0.0267
2026-04-02,baa_g12,DBC,3.5952,0.1142,0.3025,0.3386,0.3374
2026-04-02,baa_g12,EEM,0.0217,-0.0452,0.0305,0.0626,0.3171
2026-04-02,baa_g12,EWJ,0.2473,-0.0395,0.0539,0.1005,0.3048
2026-04-02,baa_g12,GLD,0.1194,-0.0918,0.0811,0.2035,0.4900
2026-04-02,baa_g12,HYG,0.0097,-0.0068,0.0001,0.0105,0.0703
2026-04-02,baa_g12,IEF,-0.1041,-0.0128,0.0000,0.0060,0.0373
2026-04-02,baa_g12,IWM,-0.1206,-0.0438,0.0168,0.0357,0.2659
2026-04-02,baa_g12,LQD,-0.1150,-0.0138,0.0003,-0.0003,0.0494
2026-04-02,baa_g12,QQQ,-0.5797,-0.0456,-0.0512,-0.0325,0.2375
2026-04-02,baa_g12,SHY,0.0534,-0.0017,0.0031,0.0127,0.0362
2026-04-02,baa_g12,SPY,-0.5351,-0.0436,-0.0391,-0.0168,0.1782
2026-04-02,baa_g12,TLT,-0.2880,-0.0238,0.0056,-0.0075,-0.0096
2026-04-02,baa_g12,VGK,-0.1441,-0.0366,-0.0022,0.0433,0.2171
2026-04-02,baa_g12,VNQ,-0.5366,-0.0536,0.0218,-0.0035,0.0269
2026-04-02,baa_g4,AGG,-0.0431,-0.0098,0.0030,0.0099,0.0427
2026-04-02,baa_g4,EEM,0.0251,-0.0450,0.0307,0.0628,0.3173
2026-04-02,baa_g4,EFA,-0.0019,-0.0356,0.0182,0.0574,0.2373
2026-04-02,baa_g4,IEF,-0.1031,-0.0127,0.0001,0.0060,0.0373
2026-04-02,baa_g4,LQD,-0.1167,-0.0138,0.0002,-0.0004,0.0493
2026-04-02,baa_g4,SHY,0.0534,-0.0017,0.0031,0.0127,0.0362
2026-04-02,baa_g4,SPY,-0.5399,-0.0439,-0.0394,-0.0171,0.1779
2026-04-02,gem,AGG,0.0426,-0.0099,0.0029,0.0098,0.0426
2026-04-02,gem,EFA,0.2375,-0.0354,0.0183,0.0576,0.2375
2026-04-02,gem,SPY,0.1781,-0.0438,-0.0392,-0.0170,0.1781
2026-04-02,haa,AGG,-0.0446,-0.0099,0.0029,0.0098,0.0426
2026-04-02,haa,EEM,0.0285,-0.0449,0.0309,0.0629,0.3175
2026-04-02,haa,EFA,-0.0067,-0.0358,0.0179,0.0572,0.2370
2026-04-02,haa,IEF,-0.1070,-0.0129,-0.0001,0.0058,0.0371
2026-04-02,haa,LQD,-0.1219,-0.0141,-0.0000,-0.0007,0.0490
2026-04-02,haa,SHY,0.0556,-0.0016,0.0032,0.0128,0.0363
2026-04-02,haa,SPY,-0.5594,-0.0449,-0.0404,-0.0181,0.1767
2026-04-02,permanent,BIL,0.1505,0.0031,0.0091,0.0187,0.0402
2026-04-02,permanent,GLD,0.1138,-0.0921,0.0808,0.2031,0.4895
2026-04-02,permanent,SPY,-0.5487,-0.0443,-0.0398,-0.0176,0.1774
2026-04-02,permanent,TLT,-0.2901,-0.0239,0.0055,-0.0076,-0.0097
2026-04-02,all_weather,DBC,3.5952,0.1142,0.3025,0.3386,0.3374
2026-04-02,all_weather,GLD,0.1074,-0.0924,0.0805,0.2027,0.4890
2026-04-02,all_weather,IEF,-0.1051,-0.0128,-0.0000,0.0059,0.0372
2026-04-02,all_weather,SPY,-0.5450,-0.0441,-0.0396,-0.0174,0.1776
2026-04-02,all_weather,TLT,-0.2901,-0.0239,0.0055,-0.0076,-0.0097
2026-04-02,golden_butterfly,GLD,0.1143,-0.0921,0.0809,0.2031,0.4896
2026-04-02,golden_butterfly,SHY,0.0545,-0.0017,0.0032,0.0128,0.0363
2026-04-02,golden_butterfly,SPY,-0.5453,-0.0441,-0.0396,-0.0174,0.1776
2026-04-02,golden_butterfly,TLT,-0.2891,-0.0239,0.0056,-0.0075,-0.0097
2026-04-02,golden_butterfly,VBR,-0.0756,-0.0410,0.0326,0.0492,0.1875
2026-04-02,gtaa,DBC,3.5991,0.1144,0.3028,0.3388,0.3377
2026-04-02,gtaa,EFA,-0.0029,-0.0356,0.0181,0.0574,0.2372
2026-04-02,gtaa,IEF,-0.1051,-0.0128,-0.0000,0.0059,0.0372
2026-04-02,gtaa,SHY,0.0535,-0.0017,0.0031,0.0127,0.0362
2026-04-02,gtaa,SPY,-0.5399,-0.0439,-0.0394,-0.0171,0.1779
2026-04-02,gtaa,VNQ,-0.5490,-0.0543,0.0211,-0.0042,0.0262
2026-04-02,ivy,DBC,3.5991,0.1144,0.3028,0.3388,0.3377
2026-04-02,ivy,EFA,0.0020,-0.0354,0.0184,0.0576,0.2375
2026-04-02,ivy,IEF,-0.1051,-0.0128,-0.0000,0.0059,0.0372
2026-04-02,ivy,SHY,0.0535,-0.0017,0.0031,0.0127,0.0362
2026-04-02,ivy,VNQ,-0.5490,-0.0543,0.0211,-0.0042,0.0262
2026-04-02,ivy,VTI,-0.5104,-0.0436,-0.0352,-0.0150,0.1831
2026-04-02,faa,AGG,-0.0114,-0.0099,0.0029,0.0098,0.0425
2026-04-02,faa,DBC,0.8998,0.1144,0.3028,0.3388,0.3377
2026-04-02,faa,EEM,0.0058,-0.0451,0.0306,0.0627,0.3172
2026-04-02,faa,EFA,0.0007,-0.0353,0.0184,0.0577,0.2376
2026-04-02,faa,SHY,0.0133,-0.0017,0.0031,0.0127,0.0362
2026-04-02,faa,SPY,-0.1351,-0.0439,-0.0394,-0.0171,0.1779
2026-04-02,faa,VNQ,-0.1372,-0.0543,0.0211,-0.0042,0.0262
2026-04-02,eaa,DBC,0.8998,0.1144,0.3028,0.3388,0.3377
2026-04-02,eaa,EEM,0.0058,-0.0451,0.0306,0.0627,0.3172
2026-04-02,eaa,EFA,0.0003,-0.0354,0.0183,0.0576,0.2375
2026-04-02,eaa,GLD,0.0294,-0.0919,0.0810,0.2034,0.4898
2026-04-02,eaa,IEF,-0.0262,-0.0128,-0.0000,0.0059,0.0372
2026-04-02,eaa,SHY,0.0133,-0.0017,0.0031,0.0127,0.0362
2026-04-02,eaa,SPY,-0.1242,-0.0416,-0.0371,-0.0148,0.1807
2026-04-02,eaa,VNQ,-0.1336,-0.0535,0.0219,-0.0034,0.0270
2026-04-02,laa,GLD,0.1266,-0.0915,0.0816,0.2039,0.4905
2026-04-02,laa,IEF,-0.1061,-0.0129,-0.0001,0.0058,0.0372
2026-04-02,laa,IWD,-0.0096,-0.0336,0.0257,0.0634,0.1640
2026-04-02,laa,QQQ,-0.5587,-0.0445,-0.0501,-0.0314,0.2389
2026-04-02,laa,SHY,0.0557,-0.0016,0.0033,0.0128,0.0363
2026-04-02,laa,SPY,-0.5238,-0.0430,-0.0385,-0.0162,0.1790
2026-04-03,daa,BND,-0.0459,-0.0091,0.0031,0.0063,0.0384
2026-04-03,daa,DBC,3.7542,0.1220,0.3117,0.3480,0.3468
2026-04-03,daa,EEM,0.0926,-0.0417,0.0344,0.0665,0.3220
2026-04-03,daa,EWJ,0.2926,-0.0373,0.0564,0.1031,0.3079
2026-04-03,daa,GLD,0.1614,-0.0898,0.0835,0.2061,0.4932
2026-04-03,daa,HYG,0.0324,-0.0057,0.0013,0.0117,0.0716
2026-04-03,daa,IEF,-0.1031,-0.0127,0.0001,0.0060,0.0373
2026-04-03,daa,IWM,-0.0125,-0.0383,0.0227,0.0416,0.2731
2026-04-03,daa,LQD,-0.0933,-0.0126,0.0015,0.0008,0.0506
2026-04-03,daa,QQQ,-0.4901,-0.0410,-0.0465,-0.0278,0.2435
2026-04-03,daa,SHY,0.0534,-0.0017,0.0031,0.0127,0.0362
2026-04-03,daa,SPY,-0.4684,-0.0402,-0.0356,-0.0133,0.1825
2026-04-03,daa,TLT,-0.2642,-0.0226,0.0069,-0.0062,-0.0083
2026-04-03,daa,VGK,-0.1021,-0.0344,-0.0000,0.0456,0.2198
2026-04-03,daa,VNQ,-0.3777,-0.0455,0.0306,0.0051,0.0357
2026-04-03,daa,VWO,-0.1442,-0.0317,0.0011,0.0066,0.2182
2026-04-03,vaa,AGG,-0.0387,-0.0096,0.0032,0.0101,0.0429
2026-04-03,vaa,EEM,0.0926,-0.0417,0.0344,0.0665,0.3220
2026-04-03,vaa,EFA,0.0418,-0.0333,0.0205,0.0599,0.2401
2026-04-03,vaa,IEF,-0.1031,-0.0127,0.0001,0.0060,0.0373
2026-04-03,vaa,LQD,-0.0933,-0.0126,0.0015,0.0008,0.0506
2026-04-03,vaa,SHY,0.0534,-0.0017,0.0031,0.0127,0.0362
2026-04-03,vaa,SPY,-0.4684,-0.0402,-0.0356,-0.0133,0.1825
2026-04-03,paa,DBC,3.7542,0.1220,0.3117,0.3480,0.3468
2026-04-03,paa,EEM,0.0926,-0.0417,0.0344,0.0665,0.3220
2026-04-03,paa,EWJ,0.2926,-0.0373,0.0564,0.1031,0.3079
2026-04-03,paa,GLD,0.1614,-0.0898,0.0835,0.2061,0.4932
2026-04-03,paa,HYG,0.0324,-0.0057,0.0013,0.0117,0.0716
2026-04-03,paa,IEF,-0.0417,-0.0083,0.0005,0.0084,0.0397
2026-04-03,paa,IWM,-0.0125,-0.0383,0.0227,0.0416,0.2731
2026-04-03,paa,LQD,-0.0933,-0.0126,0.0015,0.0008,0.0506
2026-04-03,paa,QQQ,-0.4901,-0.0410,-0.0465,-0.0278,0.2435
2026-04-03,paa,SHY,0.0534,-0.0017,0.0031,0.0127,0.0362
2026-04-03,paa,SPY,-0.4684,-0.0402,-0.0356,-0.0133,0.1825
2026-04-03,paa,TLT,-0.2642,-0.0226,0.0069,-0.0062,-0.0083
2026-04-03,paa,VGK,-0.1021,-0.0344,-0.0000,0.0456,0.2198
2026-04-03,paa,VNQ,-0.3777,-0.0455,0.0306,0.0051,0.0357
2026-04-03,baa_g12,DBC,3.7542,0.1220,0.3117,0.3480,0.3468
2026-04-03,baa_g12,EEM,0.0926,-0.0417,0.0344,0.0665,0.3220
2026-04-03,baa_g12,EWJ,0.2926,-0.0373,0.0564,0.1031,0.3079
2026-04-03,baa_g12,GLD,0.1614,-0.0898,0.0835,0.2061,0.4932
2026-04-03,baa_g12,HYG,0.0324,-0.0057,0.0013,0.0117,0.0716
2026-04-03,baa_g12,IEF,-0.1031,-0.0127,0.0001,0.0060,0.0373
2026-04-03,baa_g12,IWM,-0.0125,-0.0383,0.0227,0.0416,0.2731
2026-04-03,baa_g12,LQD,-0.0933,-0.0126,0.0015,0.0008,0.0506
2026-04-03,baa_g12,QQQ,-0.4901,-0.0410,-0.0465,-0.0278,0.2435
2026-04-03,baa_g12,SHY,0.0534,-0.0017,0.0031,0.0127,0.0362
2026-04-03,baa_g12,SPY,-0.4684,-0.0402,-0.0356,-0.0133,0.1825
2026-04-03,baa_g12,TLT,-0.2642,-0.0226,0.0069,-0.0062,-0.0083
2026-04-03,baa_g12,VGK,-0.1021,-0.0344,-0.0000,0.0456,0.2198
2026-04-03,baa_g12,VNQ,-0.3777,-0.0455,0.0306,0.0051,0.0357
2026-04-03,baa_g4,AGG,-0.0387,-0.0096,0.0032,0.0101,0.0429
2026-04-03,baa_g4,EEM,0.0926,-0.0417,0.0344,0.0665,0.3220
2026-04-03,baa_g4,EFA,0.0418,-0.0333,0.0205,0.0599,0.2401
2026-04-03,baa_g4,IEF,-0.1031,-0.0127,0.0001,0.0060,0.0373
2026-04-03,baa_g4,LQD,-0.0933,-0.0126,0.0015,0.0008,0.0506
2026-04-03,baa_g4,SHY,0.0534,-0.0017,0.0031,0.0127,0.0362
2026-04-03,baa_g4,SPY,-0.4684,-0.0402,-0.0356,-0.0133,0.1825
2026-04-03,gem,AGG,0.0429,-0.0096,0.0032,0.0101,0.0429
2026-04-03,gem,EFA,0.2401,-0.0333,0.0205,0.0599,0.2401
2026-04-03,gem,SPY,0.1825,-0.0402,-0.0356,-0.0133,0.1825
2026-04-03,haa,AGG,-0.0387,-0.0096,0.0032,0.0101,0.0429
2026-04-03,haa,EEM,0.0926,-0.0417,0.0344,0.0665,0.3220
2026-04-03,haa,EFA,0.0418,-0.0333,0.0205,0.0599,0.2401
2026-04-03,haa,IEF,-0.1031,-0.0127,0.0001,0.0060,0.0373
2026-04-03,haa,LQD,-0.0933,-0.0126,0.0015,0.0008,0.0506
2026-04-03,haa,SHY,0.0534,-0.0017,0.0031,0.0127,0.0362
2026-04-03,haa,SPY,-0.4684,-0.0402,-0.0356,-0.0133,0.1825
2026-04-03,permanent,BIL,0.1495,0.0030,0.0090,0.0186,0.0402
2026-04-03,permanent,GLD,0.1614,-0.0898,0.0835,0.2061,0.4932
2026-04-03,permanent,SPY,-0.4684,-0.0402,-0.0356,-0.0133,0.1825
2026-04-03,permanent,TLT,-0.2642,-0.0226,0.0069,-0.0062,-0.0083
2026-04-03,all_weather,DBC,3.7542,0.1220,0.3117,0.3480,0.3468
2026-04-03,all_weather,GLD,0.1614,-0.0898,0.0835,0.2061,0.4932
2026-04-03,all_weather,IEF,-0.1031,-0.0127,0.0001,0.0060,0.0373
2026-04-03,all_weather,SPY,-0.4684,-0.0402,-0.0356,-0.0133,0.1825
2026-04-03,all_weather,TLT,-0.2642,-0.0226,0.0069,-0.0062,-0.0083
2026-04-03,golden_butterfly,GLD,0.1614,-0.0898,0.0835,0.2061,0.4932
2026-04-03,golden_butterfly,SHY,0.0534,-0.0017,0.0031,0.0127,0.0362
2026-04-03,golden_butterfly,SPY,-0.4684,-0.0402,-0.0356,-0.0133,0.1825
2026-04-03,golden_butterfly,TLT,-0.2642,-0.0226,0.0069,-0.0062,-0.0083
2026-04-03,golden_butterfly,VBR,0.0227,-0.0360,0.0380,0.0546,0.1937
2026-04-03,gtaa,DBC,3.7542,0.1220,0.3117,0.3480,0.3468
2026-04-03,gtaa,EFA,0.0418,-0.0333,0.0205,0.0599,0.2401
2026-04-03,gtaa,IEF,-0.1031,-0.0127,0.0001,0.0060,0.0373
2026-04-03,gtaa,SHY,0.0534,-0.0017,0.0031,0.0127,0.0362
2026-04-03,gtaa,SPY,-0.4684,-0.0402,-0.0356,-0.0133,0.1825
2026-04-03,gtaa,VNQ,-0.3777,-0.0455,0.0306,0.0051,0.0357
2026-04-03,ivy,DBC,3.7542,0.1220,0.3117,0.3480,0.3468
2026-04-03,ivy,EFA,0.0418,-0.0333,0.0205,0.0599,0.2401
2026-04-03,ivy,IEF,-0.1031,-0.0127,0.0001,0.0060,0.0373
2026-04-03,ivy,SHY,0.0534,-0.0017,0.0031,0.0127,0.0362
2026-04-03,ivy,VNQ,-0.3777,-0.0455,0.0306,0.0051,0.0357
2026-04-03,ivy,VTI,-0.4353,-0.0397,-0.0313,-0.0110,0.1879
2026-04-03,faa,AGG,-0.0097,-0.0096,0.0032,0.0101,0.0429
2026-04-03,faa,DBC,0.9386,0.1220,0.3117,0.3480,0.3468
2026-04-03,faa,EEM,0.0231,-0.0417,0.0344,0.0665,0.3220
2026-04-03,faa,EFA,0.0105,-0.0333,0.0205,0.0599,0.2401
2026-04-03,faa,SHY,0.0133,-0.0017,0.0031,0.0127,0.0362
2026-04-03,faa,SPY,-0.1171,-0.0402,-0.0356,-0.0133,0.1825
2026-04-03,faa,VNQ,-0.0944,-0.0455,0.0306,0.0051,0.0357
2026-04-03,eaa,DBC,0.9386,0.1220,0.3117,0.3480,0.3468
2026-04-03,eaa,EEM,0.0231,-0.0417,0.0344,0.0665,0.3220
2026-04-03,eaa,EFA,0.0105,-0.0333,0.0205,0.0599,0.2401
2026-04-03,eaa,GLD,0.0403,-0.0898,0.0835,0.2061,0.4932
2026-04-03,eaa,IEF,-0.0258,-0.0127,0.0001,0.0060,0.0373
2026-04-03,eaa,SHY,0.0133,-0.0017,0.0031,0.0127,0.0362
2026-04-03,eaa,SPY,-0.1171,-0.0402,-0.0356,-0.0133,0.1825
2026-04-03,eaa,VNQ,-0.0944,-0.0455,0.0306,0.0051,0.0357
2026-04-03,laa,GLD,0.1614,-0.0898,0.0835,0.2061,0.4932
2026-04-03,laa,IEF,-0.1031,-0.0127,0.0001,0.0060,0.0373
2026-04-03,laa,IWD,0.0425,-0.0310,0.0285,0.0663,0.1672
2026-04-03,laa,QQQ,-0.4901,-0.0410,-0.0465,-0.0278,0.2435
2026-04-03,laa,SHY,0.0534,-0.0017,0.0031,0.0127,0.0362
2026-04-03,laa,SPY,-0.4684,-0.0402,-0.0356,-0.0133,0.1825
2026-04-06,daa,BND,-0.0301,-0.0075,0.0029,0.0046,0.0386
2026-04-06,daa,DBC,3.6487,0.1101,0.3149,0.3622,0.3435
2026-04-06,daa,EEM,0.4218,-0.0094,0.0151,0.0710,0.3318
2026-04-06,daa,EWJ,0.6609,-0.0052,0.0505,0.1059,0.3098
2026-04-06,daa,GLD,0.2422,-0.0805,0.0762,0.2081,0.4874
2026-04-06,daa,HYG,0.0899,-0.0010,0.0015,0.0128,0.0702
2026-04-06,daa,IEF,-0.0968,-0.0114,-0.0008,0.0032,0.0365
2026-04-06,daa,IWM,0.2037,-0.0161,0.0154,0.0387,0.2577
2026-04-06,daa,LQD,-0.0533,-0.0088,0.0016,-0.0009,0.0480
2026-04-06,daa,QQQ,-0.3992,-0.0347,-0.0413,-0.0284,0.2389
2026-04-06,daa,SHY,0.0465,-0.0017,0.0019,0.0117,0.0362
2026-04-06,daa,SPY,-0.3717,-0.0322,-0.0349,-0.0118,0.1782
2026-04-06,daa,TLT,-0.2179,-0.0187,0.0083,-0.0092,-0.0078
2026-04-06,daa,VGK,0.1895,-0.0091,-0.0057,0.0490,0.2227
2026-04-06,daa,VNQ,-0.2086,-0.0332,0.0330,0.0131,0.0322
2026-04-06,daa,VWO,0.0065,-0.0142,-0.0157,0.0085,0.2228
2026-04-06,vaa,AGG,-0.0224,-0.0077,0.0026,0.0081,0.0431
2026-04-06,vaa,EEM,0.4116,-0.0099,0.0146,0.0704,0.3311
2026-04-06,vaa,EFA,0.3343,-0.0075,0.0142,0.0627,0.2425
2026-04-06,vaa,IEF,-0.0982,-0.0114,-0.0009,0.0032,0.0364
2026-04-06,vaa,LQD,-0.0533,-0.0088,0.0016,-0.0009,0.0480
2026-04-06,vaa,SHY,0.0465,-0.0017,0.0019,0.0117,0.0362
2026-04-06,vaa,SPY,-0.3777,-0.0325,-0.0352,-0.0122,0.1778
2026-04-06,paa,DBC,3.6448,0.1099,0.3146,0.3619,0.3433
2026-04-06,paa,EEM,0.4065,-0.0102,0.0143,0.0701,0.3308
2026-04-06,paa,EWJ,0.6540,-0.0056,0.0502,0.1055,0.3093
2026-04-06,paa,GLD,0.2329,-0.0809,0.0756,0.2075,0.4867
2026-04-06,paa,HYG,0.0887,-0.0011,0.0014,0.0127,0.0701
2026-04-06,paa,IEF,-0.0988,-0.0115,-0.0009,0.0031,0.0364
2026-04-06,paa,IWM,0.1904,-0.0168,0.0147,0.0380,0.2569
2026-04-06,paa,LQD,-0.0533,-0.0088,0.0016,-0.0009,0.0480
2026-04-06,paa,QQQ,-0.4091,-0.0352,-0.0418,-0.0289,0.2382
2026-04-06,paa,SHY,0.0462,-0.0017,0.0019,0.0117,0.0362
2026-04-06,paa,SPY,-0.3741,-0.0324,-0.0350,-0.0120,0.1780
2026-04-06,paa,TLT,-0.2242,-0.0191,0.0079,-0.0095,-0.0081
2026-04-06,paa,VGK,0.1837,-0.0094,-0.0060,0.0487,0.2224
2026-04-06,paa,VNQ,-0.2211,-0.0339,0.0323,0.0124,0.0315
2026-04-06,baa_g12,DBC,3.6448,0.1099,0.3146,0.3619,0.3433
2026-04-06,baa_g12,EEM,0.4048,-0.0102,0.0142,0.0700,0.3307
2026-04-06,baa_g12,EWJ,0.6574,-0.0054,0.0504,0.1057,0.3096
2026-04-06,baa_g12,GLD,0.2297,-0.0811,0.0754,0.2073,0.4864
2026-04-06,baa_g12,HYG,0.0851,-0.0012,0.0012,0.0125,0.0699
2026-04-06,baa_g12,IEF,-0.1008,-0.0116,-0.0010,0.0030,0.0363
2026-04-06,baa_g12,IWM,0.1846,-0.0171,0.0144,0.0377,0.2565
2026-04-06,baa_g12,LQD,-0.0551,-0.0089,0.0015,-0.0010,0.0479
2026-04-06,baa_g12,QQQ,-0.4119,-0.0353,-0.0420,-0.0290,0.2380
2026-04-06,baa_g12,SHY,0.0454,-0.0018,0.0019,0.0116,0.0362
2026-04-06,baa_g12,SPY,-0.3781,-0.0326,-0.0352,-0.0122,0.1778
2026-04-06,baa_g12,TLT,-0.2234,-0.0190,0.0080,-0.0095,-0.0081
2026-04-06,baa_g12,VGK,0.1837,-0.0094,-0.0060,0.0487,0.2224
2026-04-06,baa_g12,VNQ,-0.2242,-0.0340,0.0321,0.0122,0.0314
2026-04-06,baa_g4,AGG,-0.0243,-0.0078,0.0025,0.0080,0.0429
2026-04-06,baa_g4,EEM,0.4065,-0.0102,0.0143,0.0701,0.3308
2026-04-06,baa_g4,EFA,0.3363,-0.0074,0.0143,0.0628,0.2426
2026-04-06,baa_g4,IEF,-0.0999,-0.0115,-0.0010,0.0031,0.0364
2026-04-06,baa_g4,LQD,-0.0533,-0.0088,0.0016,-0.0009,0.0480
2026-04-06,baa_g4,SHY,0.0442,-0.0019,0.0018,0.0116,0.0361
2026-04-06,baa_g4,SPY,-0.3761,-0.0325,-0.0351,-0.0121,0.1779
2026-04-06,gem,AGG,0.0429,-0.0078,0.0025,0.0080,0.0429
2026-04-06,gem,EFA,0.2428,-0.0073,0.0144,0.0629,0.2428
2026-04-06,gem,SPY,0.1777,-0.0326,-0.0352,-0.0122,0.1777
2026-04-06,haa,AGG,-0.0234,-0.0077,0.0025,0.0080,0.0430
2026-04-06,haa,EEM,0.4099,-0.0100,0.0145,0.0703,0.3310
2026-04-06,haa,EFA,0.3392,-0.0073,0.0144,0.0629,0.2428
2026-04-06,haa,IEF,-0.0999,-0.0115,-0.0010,0.0031,0.0364
2026-04-06,haa,LQD,-0.0516,-0.0087,0.0017,-0.0008,0.0481
2026-04-06,haa,SHY,0.0454,-0.0018,0.0019,0.0116,0.0362
2026-04-06,haa,SPY,-0.3741,-0.0324,-0.0350,-0.0120,0.1780
2026-04-06,permanent,BIL,0.1499,0.0031,0.0088,0.0187,0.0403
2026-04-06,permanent,GLD,0.2472,-0.0803,0.0764,0.2084,0.4878
2026-04-06,permanent,SPY,-0.3734,-0.0323,-0.0350,-0.0119,0.1781
2026-04-06,permanent,TLT,-0.2179,-0.0187,0.0083,-0.0092,-0.0078
2026-04-06,all_weather,DBC,3.6448,0.1099,0.3146,0.3619,0.3433
2026-04-06,all_weather,GLD,0.2519,-0.0800,0.0767,0.2087,0.4881
2026-04-06,all_weather,IEF,-0.0968,-0.0114,-0.0008,0.0032,0.0365
2026-04-06,all_weather,SPY,-0.3722,-0.0323,-0.0349,-0.0119,0.1781
2026-04-06,all_weather,TLT,-0.2190,-0.0188,0.0082,-0.0093,-0.0079
2026-04-06,golden_butterfly,GLD,0.2514,-0.0801,0.0767,0.2086,0.4881
2026-04-06,golden_butterfly,SHY,0.0465,-0.0017,0.0019,0.0117,0.0362
2026-04-06,golden_butterfly,SPY,-0.3758,-0.0324,-0.0351,-0.0121,0.1779
2026-04-06,golden_butterfly,TLT,-0.2179,-0.0187,0.0083,-0.0092,-0.0078
2026-04-06,golden_butterfly,VBR,0.1324,-0.0212,0.0262,0.0528,0.1766
2026-04-06,gtaa,DBC,3.6410,0.1097,0.3144,0.3617,0.3431
2026-04-06,gtaa,EFA,0.3451,-0.0070,0.0147,0.0633,0.2432
2026-04-06,gtaa,IEF,-0.0968,-0.0114,-0.0008,0.0032,0.0365
2026-04-06,gtaa,SHY,0.0454,-0.0018,0.0019,0.0116,0.0362
2026-04-06,gtaa,SPY,-0.3732,-0.0323,-0.0349,-0.0119,0.1781
2026-04-06,gtaa,VNQ,-0.2221,-0.0339,0.0322,0.0123,0.0315
2026-04-06,ivy,DBC,3.6410,0.1097,0.3144,0.3617,0.3431
2026-04-06,ivy,EFA,0.3442,-0.0070,0.0147,0.0632,0.2431
2026-04-06,ivy,IEF,-0.0974,-0.0114,-0.0009,0.0032,0.0365
2026-04-06,ivy,SHY,0.0465,-0.0017,0.0019,0.0117,0.0362
2026-04-06,ivy,VNQ,-0.2232,-0.0340,0.0322,0.0123,0.0314
2026-04-06,ivy,VTI,-0.3372,-0.0310,-0.0319,-0.0099,0.1816
2026-04-06,faa,AGG,-0.0051,-0.0076,0.0027,0.0082,0.0432
2026-04-06,faa,DBC,0.9064,0.1090,0.3135,0.3608,0.3422
2026-04-06,faa,EEM,0.1038,-0.0097,0.0148,0.0706,0.3314
2026-04-06,faa,EFA,0.0855,-0.0071,0.0146,0.0631,0.2430
2026-04-06,faa,SHY,0.0113,-0.0018,0.0019,0.0116,0.0362
2026-04-06,faa,SPY,-0.0930,-0.0322,-0.0349,-0.0118,0.1781
2026-04-06,faa,VNQ,-0.0555,-0.0339,0.0322,0.0123,0.0315
2026-04-06,eaa,DBC,0.9083,0.1094,0.3140,0.3613,0.3426
2026-04-06,eaa,EEM,0.1046,-0.0095,0.0149,0.0708,0.3316
2026-04-06,eaa,EFA,0.0865,-0.0069,0.0148,0.0633,0.2432
2026-04-06,eaa,GLD,0.0643,-0.0798,0.0770,0.2090,0.4885
2026-04-06,eaa,IEF,-0.0244,-0.0114,-0.0009,0.0032,0.0365
2026-04-06,eaa,SHY,0.0113,-0.0018,0.0019,0.0116,0.0362
2026-04-06,eaa,SPY,-0.0933,-0.0323,-0.0349,-0.0119,0.1781
2026-04-06,eaa,VNQ,-0.0548,-0.0338,0.0324,0.0125,0.0317
2026-04-06,laa,GLD,0.2548,-0.0799,0.0769,0.2089,0.4884
2026-04-06,laa,IEF,-0.0978,-0.0114,-0.0009,0.0032,0.0365
2026-04-06,laa,IWD,0.1950,-0.0163,0.0226,0.0685,0.1632
2026-04-06,laa,QQQ,-0.4053,-0.0350,-0.0416,-0.0287,0.2385
2026-04-06,laa,SHY,0.0442,-0.0019,0.0018,0.0116,0.0361
2026-04-06,laa,SPY,-0.3750,-0.0324,-0.0350,-0.0120,0.1780
2026-04-06,daa,BND,-0.0313,-0.0075,0.0028,0.0045,0.0386
2026-04-06,daa,DBC,3.6333,0.1094,0.3140,0.3613,0.3426
2026-04-06,daa,EEM,0.4150,-0.0097,0.0148,0.0706,0.3314
2026-04-06,daa,EWJ,0.6678,-0.0049,0.0509,0.1063,0.3103
2026-04-06,daa,GLD,0.2593,-0.0797,0.0771,0.2091,0.4887
2026-04-06,daa,HYG,0.0875,-0.0011,0.0014,0.0127,0.0700
2026-04-06,daa,IEF,-0.0959,-0.0113,-0.0008,0.0033,0.0366
2026-04-06,daa,IWM,0.1949,-0.0166,0.0150,0.0383,0.2572
2026-04-06,daa,LQD,-0.0499,-0.0087,0.0018,-0.0007,0.0482
2026-04-06,daa,QQQ,-0.3930,-0.0344,-0.0410,-0.0280,0.2393
2026-04-06,daa,SHY,0.0465,-0.0017,0.0019,0.0117,0.0362
2026-04-06,daa,SPY,-0.3668,-0.0320,-0.0346,-0.0116,0.1785
2026-04-06,daa,TLT,-0.2158,-0.0186,0.0084,-0.0091,-0.0077
2026-04-06,daa,VGK,0.1998,-0.0085,-0.0051,0.0496,0.2234
2026-04-06,daa,VNQ,-0.2180,-0.0337,0.0324,0.0126,0.0317
2026-04-06,daa,VWO,0.0065,-0.0142,-0.0157,0.0085,0.2228
2026-04-06,vaa,AGG,-0.0214,-0.0076,0.0026,0.0081,0.0431
2026-04-06,vaa,EEM,0.4184,-0.0095,0.0149,0.0708,0.3316
2026-04-06,vaa,EFA,0.3471,-0.0069,0.0148,0.0634,0.2433
2026-04-06,vaa,IEF,-0.0959,-0.0113,-0.0008,0.0033,0.0366
2026-04-06,vaa,LQD,-0.0516,-0.0087,0.0017,-0.0008,0.0481
2026-04-06,vaa,SHY,0.0465,-0.0017,0.0019,0.0117,0.0362
2026-04-06,vaa,SPY,-0.3727,-0.0323,-0.0349,-0.0119,0.1781
2026-04-06,paa,DBC,3.6333,0.1094,0.3140,0.3613,0.3426
2026-04-06,paa,EEM,0.4133,-0.0098,0.0147,0.0705,0.3313
2026-04-06,paa,EWJ,0.6700,-0.0048,0.0510,0.1064,0.3104
2026-04-06,paa,GLD,0.2566,-0.0798,0.0770,0.2090,0.4885
2026-04-06,paa,HYG,0.0875,-0.0011,0.0014,0.0127,0.0700
2026-04-06,paa,IEF,-0.0978,-0.0114,-0.0009,0.0032,0.0365
2026-04-06,paa,IWM,0.1873,-0.0169,0.0146,0.0378,0.2567
2026-04-06,paa,LQD,-0.0533,-0.0088,0.0016,-0.0009,0.0480
2026-04-06,paa,QQQ,-0.4044,-0.0349,-0.0416,-0.0286,0.2385
2026-04-06,paa,SHY,0.0442,-0.0019,0.0018,0.0116,0.0361
2026-04-06,paa,SPY,-0.3753,-0.0324,-0.0350,-0.0120,0.1779
2026-04-06,paa,TLT,-0.2196,-0.0188,0.0082,-0.0093,-0.0079
2026-04-06,paa,VGK,0.1975,-0.0086,-0.0052,0.0495,0.2233
2026-04-06,paa,VNQ,-0.2252,-0.0341,0.0320,0.0122,0.0313
2026-04-06,baa_g12,DBC,3.6333,0.1094,0.3140,0.3613,0.3426
2026-04-06,baa_g12,EEM,0.4133,-0.0098,0.0147,0.0705,0.3313
2026-04-06,baa_g12,EWJ,0.6701,-0.0048,0.0510,0.1064,0.3104
2026-04-06,baa_g12,GLD,0.2647,-0.0794,0.0774,0.2095,0.4891
2026-04-06,baa_g12,HYG,0.0875,-0.0011,0.0014,0.0127,0.0700
2026-04-06,baa_g12,IEF,-0.0978,-0.0114,-0.0009,0.0032,0.0365
2026-04-06,baa_g12,IWM,0.1964,-0.0165,0.0151,0.0383,0.2573
2026-04-06,baa_g12,LQD,-0.0525,-0.0088,0.0017,-0.0009,0.0481
2026-04-06,baa_g12,QQQ,-0.3977,-0.0346,-0.0412,-0.0283,0.2390
2026-04-06,baa_g12,SHY,0.0454,-0.0018,0.0019,0.0116,0.0362
2026-04-06,baa_g12,SPY,-0.3695,-0.0321,-0.0347,-0.0117,0.1783
2026-04-06,baa_g12,TLT,-0.3768,-0.0273,0.0116,-0.0255,-0.0450
2026-04-06,baa_g12,VGK,0.1986,-0.0086,-0.0052,0.0495,0.2233
2026-04-06,baa_g12,VNQ,-0.2211,-0.0339,0.0323,0.0124,0.0315
2026-04-06,baa_g4,AGG,-0.0224,-0.0077,0.0026,0.0081,0.0431
2026-04-06,baa_g4,EEM,0.4201,-0.0095,0.0150,0.0709,0.3317
2026-04-06,baa_g4,EFA,0.3461,-0.0069,0.0148,0.0633,0.2433
2026-04-06,baa_g4,IEF,-0.0979,-0.0114,-0.0009,0.0032,0.0365
2026-04-06,baa_g4,LQD,-0.0525,-0.0088,0.0017,-0.0009,0.0481
2026-04-06,baa_g4,SHY,0.0465,-0.0017,0.0019,0.0117,0.0362
2026-04-06,baa_g4,SPY,-0.3702,-0.0321,-0.0348,-0.0118,0.1783
2026-04-06,gem,AGG,0.0431,-0.0076,0.0026,0.0081,0.0431
2026-04-06,gem,EFA,0.2431,-0.0070,0.0147,0.0632,0.2431
2026-04-06,gem,SPY,0.1782,-0.0322,-0.0348,-0.0118,0.1782
2026-04-06,haa,AGG,-0.0224,-0.0077,0.0026,0.0081,0.0431
2026-04-06,haa,EEM,0.4150,-0.0097,0.0148,0.0706,0.3314
2026-04-06,haa,EFA,0.3432,-0.0071,0.0146,0.0631,0.2431
2026-04-06,haa,IEF,-0.0978,-0.0114,-0.0009,0.0032,0.0365
2026-04-06,haa,LQD,-0.0533,-0.0088,0.0016,-0.0009,0.0480
2026-04-06,haa,SHY,0.0465,-0.0017,0.0019,0.0117,0.0362
2026-04-06,haa,SPY,-0.3699,-0.0321,-0.0348,-0.0117,0.1783
2026-04-06,permanent,BIL,0.1502,0.0031,0.0088,0.0188,0.0403
2026-04-06,permanent,GLD,0.2445,-0.0804,0.0763,0.2082,0.4876
2026-04-06,permanent,SPY,-0.3710,-0.0322,-0.0348,-0.0118,0.1782
2026-04-06,permanent,TLT,-0.2234,-0.0190,0.0080,-0.0095,-0.0081
2026-04-06,all_weather,DBC,3.6410,0.1097,0.3144,0.3617,0.3431
2026-04-06,all_weather,GLD,0.2482,-0.0802,0.0765,0.2084,0.4879
2026-04-06,all_weather,IEF,-0.0979,-0.0114,-0.0009,0.0032,0.0365
2026-04-06,all_weather,SPY,-0.3713,-0.0322,-0.0348,-0.0118,0.1782
2026-04-06,all_weather,TLT,-0.2223,-0.0190,0.0080,-0.0094,-0.0080
2026-04-06,golden_butterfly,GLD,0.2485,-0.0802,0.0765,0.2085,0.4879
2026-04-06,golden_butterfly,SHY,0.0465,-0.0017,0.0019,0.0117,0.0362
2026-04-06,golden_butterfly,SPY,-0.3676,-0.0320,-0.0347,-0.0116,0.1784
2026-04-06,golden_butterfly,TLT,-0.2224,-0.0190,0.0080,-0.0094,-0.0080
2026-04-06,golden_butterfly,VBR,0.1139,-0.0222,0.0252,0.0518,0.1754
2026-04-06,gtaa,DBC,3.6410,0.1097,0.3144,0.3617,0.3431
2026-04-06,gtaa,EFA,0.3442,-0.0070,0.0147,0.0632,0.2431
2026-04-06,gtaa,IEF,-0.0988,-0.0115,-0.0009,0.0031,0.0364
2026-04-06,gtaa,SHY,0.0454,-0.0018,0.0019,0.0116,0.0362
2026-04-06,gtaa,SPY,-0.3722,-0.0323,-0.0349,-0.0119,0.1781
2026-04-06,gtaa,VNQ,-0.2190,-0.0338,0.0324,0.0125,0.0317
2026-04-06,ivy,DBC,3.6487,0.1101,0.3149,0.3622,0.3435
2026-04-06,ivy,EFA,0.3402,-0.0072,0.0145,0.0630,0.2429
2026-04-06,ivy,IEF,-0.1008,-0.0116,-0.0010,0.0030,0.0363
2026-04-06,ivy,SHY,0.0454,-0.0018,0.0019,0.0116,0.0362
2026-04-06,ivy,VNQ,-0.2190,-0.0338,0.0324,0.0125,0.0317
2026-04-06,ivy,VTI,-0.3378,-0.0310,-0.0319,-0.0099,0.1815
2026-04-06,faa,AGG,-0.0058,-0.0077,0.0025,0.0080,0.0430
2026-04-06,faa,DBC,0.9122,0.1101,0.3149,0.3622,0.3435
2026-04-06,faa,EEM,0.1008,-0.0103,0.0141,0.0699,0.3306
2026-04-06,faa,EFA,0.0851,-0.0072,0.0145,0.0630,0.2429
2026-04-06,faa,SHY,0.0113,-0.0018,0.0019,0.0116,0.0362
2026-04-06,faa,SPY,-0.0924,-0.0321,-0.0348,-0.0117,0.1783
2026-04-06,faa,VNQ,-0.0545,-0.0337,0.0324,0.0126,0.0317
2026-04-06,eaa,DBC,0.9131,0.1103,0.3151,0.3624,0.3438
2026-04-06,eaa,EEM,0.1025,-0.0100,0.0145,0.0703,0.3310
2026-04-06,eaa,EFA,0.0853,-0.0072,0.0145,0.0630,0.2429
2026-04-06,eaa,GLD,0.0640,-0.0798,0.0769,0.2089,0.4885
2026-04-06,eaa,IEF,-0.0246,-0.0115,-0.0009,0.0031,0.0364
2026-04-06,eaa,SHY,0.0116,-0.0017,0.0019,0.0117,0.0362
2026-04-06,eaa,SPY,-0.0913,-0.0319,-0.0345,-0.0115,0.1786
2026-04-06,eaa,VNQ,-0.0535,-0.0335,0.0327,0.0128,0.0319
2026-04-06,laa,GLD,0.2571,-0.0798,0.0770,0.2090,0.4885
2026-04-06,laa,IEF,-0.0983,-0.0115,-0.0009,0.0031,0.0364
2026-04-06,laa,IWD,0.2062,-0.0157,0.0232,0.0691,0.1638
2026-04-06,laa,QQQ,-0.3898,-0.0342,-0.0408,-0.0279,0.2395
2026-04-06,laa,SHY,0.0458,-0.0018,0.0019,0.0117,0.0362
2026-04-06,laa,SPY,-0.3651,-0.0319,-0.0345,-0.0115,0.1786
2026-04-07,daa,BND,-0.0568,-0.0078,-0.0007,0.0041,0.0315
2026-04-07,daa,DBC,3.1765,0.0729,0.2940,0.3614,0.4033
2026-04-07,daa,EEM,0.3654,-0.0091,-0.0011,0.0624,0.3538
2026-04-07,daa,EWJ,0.5203,-0.0033,0.0164,0.0718,0.3509
2026-04-07,daa,GLD,-0.0697,-0.0957,0.0475,0.1972,0.4949
2026-04-07,daa,HYG,0.1214,0.0022,-0.0028,0.0122,0.0818
2026-04-07,daa,IEF,-0.1309,-0.0120,-0.0050,0.0040,0.0247
2026-04-07,daa,IWM,0.4484,0.0049,-0.0024,0.0290,0.3413
2026-04-07,daa,LQD,-0.0968,-0.0094,-0.0051,-0.0036,0.0440
2026-04-07,daa,QQQ,-0.2503,-0.0239,-0.0527,-0.0282,0.3037
2026-04-07,daa,SHY,0.0361,-0.0022,0.0016,0.0121,0.0323
2026-04-07,daa,SPY,-0.2229,-0.0215,-0.0433,-0.0140,0.2365
2026-04-07,daa,TLT,-0.3149,-0.0214,-0.0031,-0.0137,-0.0187
2026-04-07,daa,VGK,0.0388,-0.0129,-0.0243,0.0319,0.2269
2026-04-07,daa,VNQ,-0.0518,-0.0221,0.0311,0.0098,0.0692
2026-04-07,daa,VWO,-0.0439,-0.0139,-0.0285,-0.0004,0.2371
2026-04-07,vaa,AGG,-0.0525,-0.0082,-0.0011,0.0074,0.0358
2026-04-07,vaa,EEM,0.3603,-0.0093,-0.0013,0.0621,0.3534
2026-04-07,vaa,EFA,0.2197,-0.0081,-0.0068,0.0438,0.2570
2026-04-07,vaa,IEF,-0.1319,-0.0120,-0.0051,0.0039,0.0247
2026-04-07,vaa,LQD,-0.1020,-0.0097,-0.0054,-0.0039,0.0437
2026-04-07,vaa,SHY,0.0350,-0.0023,0.0015,0.0120,0.0323
2026-04-07,vaa,SPY,-0.2201,-0.0214,-0.0432,-0.0138,0.2367
2026-04-07,paa,DBC,3.1652,0.0723,0.2933,0.3607,0.4026
2026-04-07,paa,EEM,0.3654,-0.0091,-0.0011,0.0624,0.3538
2026-04-07,paa,EWJ,0.5214,-0.0032,0.0164,0.0719,0.3510
2026-04-07,paa,GLD,-0.0775,-0.0961,0.0471,0.1967,0.4943
2026-04-07,paa,HYG,0.1214,0.0022,-0.0028,0.0122,0.0818
2026-04-07,paa,IEF,-0.1327,-0.0120,-0.0051,0.0039,0.0246
2026-04-07,paa,IWM,0.4507,0.0050,-0.0023,0.0291,0.3415
2026-04-07,paa,LQD,-0.1020,-0.0097,-0.0054,-0.0039,0.0437
2026-04-07,paa,QQQ,-0.2449,-0.0236,-0.0524,-0.0279,0.3040
2026-04-07,paa,SHY,0.0361,-0.0022,0.0016,0.0121,0.0323
2026-04-07,paa,SPY,-0.2199,-0.0214,-0.0432,-0.0138,0.2367
2026-04-07,paa,TLT,-0.3170,-0.0215,-0.0032,-0.0138,-0.0188
2026-04-07,paa,VGK,0.0377,-0.0130,-0.0243,0.0319,0.2268
2026-04-07,paa,VNQ,-0.0550,-0.0223,0.0310,0.0096,0.0690
2026-04-07,baa_g12,DBC,3.1878,0.0734,0.2946,0.3621,0.4041
2026-04-07,baa_g12,EEM,0.3654,-0.0091,-0.0011,0.0624,0.3538
2026-04-07,baa_g12,EWJ,0.5214,-0.0032,0.0164,0.0719,0.3510
2026-04-07,baa_g12,GLD,-0.0729,-0.0959,0.0473,0.1970,0.4947
2026-04-07,baa_g12,HYG,0.1178,0.0020,-0.0030,0.0120,0.0816
2026-04-07,baa_g12,IEF,-0.1327,-0.0120,-0.0051,0.0039,0.0246
2026-04-07,baa_g12,IWM,0.4492,0.0049,-0.0024,0.0291,0.3414
2026-04-07,baa_g12,LQD,-0.1029,-0.0097,-0.0055,-0.0039,0.0436
2026-04-07,baa_g12,QQQ,-0.2540,-0.0241,-0.0529,-0.0284,0.3034
2026-04-07,baa_g12,SHY,0.0360,-0.0022,0.0015,0.0121,0.0323
2026-04-07,baa_g12,SPY,-0.2273,-0.0217,-0.0436,-0.0142,0.2362
2026-04-07,baa_g12,TLT,-0.3225,-0.0218,-0.0035,-0.0141,-0.0191
2026-04-07,baa_g12,VGK,0.0250,-0.0136,-0.0250,0.0312,0.2260
2026-04-07,baa_g12,VNQ,-0.0613,-0.0226,0.0306,0.0093,0.0687
2026-04-07,baa_g4,AGG,-0.0553,-0.0084,-0.0012,0.0072,0.0356
2026-04-07,baa_g4,EEM,0.3586,-0.0094,-0.0014,0.0620,0.3533
2026-04-07,baa_g4,EFA,0.2118,-0.0085,-0.0072,0.0434,0.2565
2026-04-07,baa_g4,IEF,-0.1329,-0.0121,-0.0051,0.0039,0.0246
2026-04-07,baa_g4,LQD,-0.1055,-0.0099,-0.0056,-0.0041,0.0435
2026-04-07,baa_g4,SHY,0.0346,-0.0023,0.0015,0.0120,0.0323
2026-04-07,baa_g4,SPY,-0.2274,-0.0217,-0.0436,-0.0142,0.2362
2026-04-07,gem,AGG,0.0356,-0.0084,-0.0012,0.0072,0.0356
2026-04-07,gem,EFA,0.2568,-0.0083,-0.0070,0.0437,0.2568
2026-04-07,gem,SPY,0.2362,-0.0218,-0.0436,-0.0142,0.2362
2026-04-07,haa,AGG,-0.0553,-0.0084,-0.0012,0.0072,0.0356
2026-04-07,haa,EEM,0.3586,-0.0094,-0.0014,0.0620,0.3533
2026-04-07,haa,EFA,0.2157,-0.0083,-0.0070,0.0436,0.2568
2026-04-07,haa,IEF,-0.1369,-0.0123,-0.0054,0.0037,0.0244
2026-04-07,haa,LQD,-0.1046,-0.0098,-0.0055,-0.0040,0.0435
2026-04-07,haa,SHY,0.0350,-0.0023,0.0015,0.0120,0.0323
2026-04-07,haa,SPY,-0.2317,-0.0220,-0.0438,-0.0144,0.2359
2026-04-07,permanent,BIL,0.1489,0.0030,0.0089,0.0186,0.0403
2026-04-07,permanent,GLD,-0.0810,-0.0963,0.0469,0.1965,0.4940
2026-04-07,permanent,SPY,-0.2322,-0.0220,-0.0438,-0.0145,0.2359
2026-04-07,permanent,TLT,-0.3290,-0.0221,-0.0039,-0.0144,-0.0194
2026-04-07,all_weather,DBC,3.2028,0.0742,0.2955,0.3630,0.4050
2026-04-07,all_weather,GLD,-0.0799,-0.0962,0.0469,0.1966,0.4941
2026-04-07,all_weather,IEF,-0.1369,-0.0123,-0.0054,0.0037,0.0244
2026-04-07,all_weather,SPY,-0.2270,-0.0217,-0.0435,-0.0142,0.2363
2026-04-07,all_weather,TLT,-0.3268,-0.0220,-0.0037,-0.0143,-0.0193
2026-04-07,golden_butterfly,GLD,-0.0749,-0.0960,0.0472,0.1969,0.4945
2026-04-07,golden_butterfly,SHY,0.0355,-0.0022,0.0015,0.0120,0.0323
2026-04-07,golden_butterfly,SPY,-0.2299,-0.0219,-0.0437,-0.0143,0.2361
2026-04-07,golden_butterfly,TLT,-0.3268,-0.0220,-0.0037,-0.0143,-0.0193
2026-04-07,golden_butterfly,VBR,0.4660,0.0026,0.0172,0.0508,0.2650
2026-04-07,gtaa,DBC,3.2103,0.0745,0.2959,0.3635,0.4055
2026-04-07,gtaa,EFA,0.2128,-0.0085,-0.0072,0.0434,0.2566
2026-04-07,gtaa,IEF,-0.1379,-0.0123,-0.0054,0.0036,0.0244
2026-04-07,gtaa,SHY,0.0350,-0.0023,0.0015,0.0120,0.0323
2026-04-07,gtaa,SPY,-0.2302,-0.0219,-0.0437,-0.0144,0.2361
2026-04-07,gtaa,VNQ,-0.0571,-0.0224,0.0309,0.0095,0.0689
2026-04-07,ivy,DBC,3.2103,0.0745,0.2959,0.3635,0.4055
2026-04-07,ivy,EFA,0.2098,-0.0086,-0.0073,0.0433,0.2564
2026-04-07,ivy,IEF,-0.1369,-0.0123,-0.0054,0.0037,0.0244
2026-04-07,ivy,SHY,0.0350,-0.0023,0.0015,0.0120,0.0323
2026-04-07,ivy,VNQ,-0.0623,-0.0226,0.0306,0.0092,0.0686
2026-04-07,ivy,VTI,-0.1885,-0.0199,-0.0414,-0.0128,0.2412
2026-04-07,faa,AGG,-0.0141,-0.0084,-0.0013,0.0072,0.0356
2026-04-07,faa,DBC,0.8026,0.0745,0.2959,0.3635,0.4055
2026-04-07,faa,EEM,0.0867,-0.0100,-0.0020,0.0614,0.3524
2026-04-07,faa,EFA,0.0517,-0.0088,-0.0075,0.0431,0.2562
2026-04-07,faa,SHY,0.0087,-0.0023,0.0015,0.0120,0.0323
2026-04-07,faa,SPY,-0.0590,-0.0222,-0.0440,-0.0147,0.2357
2026-04-07,faa,VNQ,-0.0156,-0.0226,0.0306,0.0092,0.0686
2026-04-07,eaa,DBC,0.8026,0.0745,0.2959,0.3635,0.4055
2026-04-07,eaa,EEM,0.0871,-0.0099,-0.0019,0.0615,0.3526
2026-04-07,eaa,EFA,0.0515,-0.0089,-0.0075,0.0431,0.2561
2026-04-07,eaa,GLD,-0.0204,-0.0963,0.0468,0.1965,0.4940
2026-04-07,eaa,IEF,-0.0348,-0.0124,-0.0055,0.0036,0.0243
2026-04-07,eaa,SHY,0.0087,-0.0023,0.0015,0.0120,0.0323
2026-04-07,eaa,SPY,-0.0607,-0.0225,-0.0443,-0.0150,0.2352
2026-04-07,eaa,VNQ,-0.0187,-0.0233,0.0299,0.0086,0.0679
2026-04-07,laa,GLD,-0.0877,-0.0966,0.0465,0.1961,0.4935
2026-04-07,laa,IEF,-0.1390,-0.0124,-0.0055,0.0036,0.0243
2026-04-07,laa,IWD,0.3373,-0.0037,0.0107,0.0634,0.2123
2026-04-07,laa,QQQ,-0.2641,-0.0246,-0.0534,-0.0289,0.3027
2026-04-07,laa,SHY,0.0327,-0.0024,0.0014,0.0119,0.0321
2026-04-07,laa,SPY,-0.2385,-0.0223,-0.0441,-0.0148,0.2355
2026-04-07,daa,BND,-0.0658,-0.0083,-0.0012,0.0036,0.0310
2026-04-07,daa,DBC,3.2103,0.0745,0.2959,0.3635,0.4055
2026-04-07,daa,EEM,0.3484,-0.0099,-0.0019,0.0615,0.3526
2026-04-07,daa,EWJ,0.5018,-0.0042,0.0154,0.0708,0.3496
2026-04-07,daa,GLD,-0.0844,-0.0964,0.0467,0.1963,0.4938
2026-04-07,daa,HYG,0.1153,0.0019,-0.0031,0.0119,0.0815
2026-04-07,daa,IEF,-0.1390,-0.0124,-0.0055,0.0036,0.0243
2026-04-07,daa,IWM,0.4175,0.0033,-0.0040,0.0274,0.3392
2026-04-07,daa,LQD,-0.1038,-0.0098,-0.0055,-0.0040,0.0436
2026-04-07,daa,QQQ,-0.2642,-0.0246,-0.0534,-0.0289,0.3027
2026-04-07,daa,SHY,0.0338,-0.0023,0.0014,0.0120,0.0322
2026-04-07,daa,SPY,-0.2359,-0.0222,-0.0440,-0.0147,0.2357
2026-04-07,daa,TLT,-0.3311,-0.0222,-0.0040,-0.0145,-0.0195
2026-04-07,daa,VGK,0.0158,-0.0141,-0.0254,0.0307,0.2254
2026-04-07,daa,VNQ,-0.0717,-0.0231,0.0301,0.0087,0.0681
2026-04-07,daa,VWO,-0.0570,-0.0145,-0.0292,-0.0011,0.2363
2026-04-07,vaa,AGG,-0.0592,-0.0086,-0.0014,0.0070,0.0354
2026-04-07,vaa,EEM,0.3450,-0.0101,-0.0021,0.0613,0.3523
2026-04-07,vaa,EFA,0.2088,-0.0087,-0.0074,0.0432,0.2563
2026-04-07,vaa,IEF,-0.1390,-0.0124,-0.0055,0.0036,0.0243
2026-04-07,vaa,LQD,-0.1029,-0.0097,-0.0055,-0.0039,0.0436
2026-04-07,vaa,SHY,0.0338,-0.0023,0.0014,0.0120,0.0322
2026-04-07,vaa,SPY,-0.2273,-0.0217,-0.0436,-0.0142,0.2362
2026-04-07,paa,DBC,3.2103,0.0745,0.2959,0.3635,0.4055
2026-04-07,paa,EEM,0.3586,-0.0094,-0.0014,0.0620,0.3533
2026-04-07,paa,EWJ,0.5122,-0.0037,0.0159,0.0714,0.3503
2026-04-07,paa,GLD,-0.0738,-0.0959,0.0473,0.1970,0.4946
2026-04-07,paa,HYG,0.1165,0.0019,-0.0031,0.0119,0.0815
2026-04-07,paa,IEF,-0.1379,-0.0123,-0.0054,0.0036,0.0244
2026-04-07,paa,IWM,0.4368,0.0043,-0.0030,0.0284,0.3405
2026-04-07,paa,LQD,-0.1003,-0.0096,-0.0053,-0.0038,0.0438
2026-04-07,paa,QQQ,-0.2536,-0.0241,-0.0529,-0.0284,0.3034
2026-04-07,paa,SHY,0.0320,-0.0024,0.0013,0.0119,0.0321
2026-04-07,paa,SPY,-0.2333,-0.0221,-0.0439,-0.0145,0.2358
2026-04-07,paa,TLT,-0.3290,-0.0221,-0.0039,-0.0144,-0.0194
2026-04-07,paa,VGK,0.0250,-0.0136,-0.0250,0.0312,0.2260
2026-04-07,paa,VNQ,-0.0675,-0.0229,0.0303,0.0090,0.0683
2026-04-07,baa_g12,DBC,3.2178,0.0749,0.2964,0.3639,0.4060
2026-04-07,baa_g12,EEM,0.3450,-0.0101,-0.0021,0.0613,0.3523
2026-04-07,baa_g12,EWJ,0.5064,-0.0040,0.0156,0.0710,0.3499
2026-04-07,baa_g12,GLD,-0.0782,-0.0962,0.0470,0.1967,0.4942
2026-04-07,baa_g12,HYG,0.1165,0.0019,-0.0031,0.0119,0.0815
2026-04-07,baa_g12,IEF,-0.1389,-0.0124,-0.0055,0.0036,0.0243
2026-04-07,baa_g12,IWM,0.4407,0.0045,-0.0028,0.0286,0.3408
2026-04-07,baa_g12,LQD,-0.1020,-0.0097,-0.0054,-0.0039,0.0437
2026-04-07,baa_g12,QQQ,-0.2510,-0.0239,-0.0527,-0.0282,0.3036
2026-04-07,baa_g12,SHY,0.0327,-0.0024,0.0014,0.0119,0.0321
2026-04-07,baa_g12,SPY,-0.2287,-0.0218,-0.0436,-0.0143,0.2361
2026-04-07,baa_g12,TLT,-0.3333,-0.0223,-0.0041,-0.0146,-0.0196
2026-04-07,baa_g12,VGK,0.0296,-0.0134,-0.0247,0.0314,0.2263
2026-04-07,baa_g12,VNQ,-0.0644,-0.0227,0.0305,0.0091,0.0685
2026-04-07,baa_g4,AGG,-0.0599,-0.0086,-0.0015,0.0070,0.0354
2026-04-07,baa_g4,EEM,0.3484,-0.0099,-0.0019,0.0615,0.3526
2026-04-07,baa_g4,EFA,0.2118,-0.0085,-0.0072,0.0434,0.2565
2026-04-07,baa_g4,IEF,-0.1409,-0.0125,-0.0056,0.0035,0.0242
2026-04-07,baa_g4,LQD,-0.1020,-0.0097,-0.0054,-0.0039,0.0437
2026-04-07,baa_g4,SHY,0.0315,-0.0025,0.0013,0.0118,0.0321
2026-04-07,baa_g4,SPY,-0.2359,-0.0222,-0.0440,-0.0147,0.2357
2026-04-07,gem,AGG,0.0354,-0.0086,-0.0015,0.0070,0.0354
2026-04-07,gem,EFA,0.2561,-0.0089,-0.0076,0.0430,0.2561
2026-04-07,gem,SPY,0.2359,-0.0220,-0.0439,-0.0145,0.2359
2026-04-07,haa,AGG,-0.0596,-0.0086,-0.0015,0.0070,0.0354
2026-04-07,haa,EEM,0.3447,-0.0101,-0.0021,0.0612,0.3523
2026-04-07,haa,EFA,0.2088,-0.0087,-0.0074,0.0432,0.2563
2026-04-07,haa,IEF,-0.1399,-0.0124,-0.0055,0.0035,0.0242
2026-04-07,haa,LQD,-0.1012,-0.0097,-0.0054,-0.0038,0.0437
2026-04-07,haa,SHY,0.0338,-0.0023,0.0014,0.0120,0.0322
2026-04-07,haa,SPY,-0.2347,-0.0221,-0.0439,-0.0146,0.2358
2026-04-07,permanent,BIL,0.1471,0.0029,0.0088,0.0185,0.0402
2026-04-07,permanent,GLD,-0.0853,-0.0965,0.0466,0.1962,0.4937
2026-04-07,permanent,SPY,-0.2365,-0.0222,-0.0440,-0.0147,0.2356
2026-04-07,permanent,TLT,-0.3311,-0.0222,-0.0040,-0.0145,-0.0195
2026-04-07,all_weather,DBC,3.2178,0.0749,0.2964,0.3639,0.4060
2026-04-07,all_weather,GLD,-0.0830,-0.0964,0.0468,0.1964,0.4939
2026-04-07,all_weather,IEF,-0.1391,-0.0124,-0.0055,0.0036,0.0243
2026-04-07,all_weather,SPY,-0.2316,-0.0220,-0.0438,-0.0144,0.2360
2026-04-07,all_weather,TLT,-0.3300,-0.0222,-0.0039,-0.0145,-0.0195
2026-04-07,golden_butterfly,GLD,-0.0777,-0.0961,0.0470,0.1967,0.4943
2026-04-07,golden_butterfly,SHY,0.0338,-0.0023,0.0014,0.0120,0.0322
2026-04-07,golden_butterfly,SPY,-0.2256,-0.0217,-0.0435,-0.0141,0.2364
2026-04-07,golden_butterfly,TLT,-0.3290,-0.0221,-0.0039,-0.0144,-0.0194
2026-04-07,golden_butterfly,VBR,0.4606,0.0023,0.0169,0.0505,0.2646
2026-04-07,gtaa,DBC,3.2178,0.0749,0.2964,0.3639,0.4060
2026-04-07,gtaa,EFA,0.2118,-0.0085,-0.0072,0.0434,0.2565
2026-04-07,gtaa,IEF,-0.1389,-0.0124,-0.0055,0.0036,0.0243
2026-04-07,gtaa,SHY,0.0338,-0.0023,0.0014,0.0120,0.0322
2026-04-07,gtaa,SPY,-0.2250,-0.0216,-0.0434,-0.0141,0.2364
2026-04-07,gtaa,VNQ,-0.0665,-0.0229,0.0303,0.0090,0.0684
2026-04-07,ivy,DBC,3.2178,0.0749,0.2964,0.3639,0.4060
2026-04-07,ivy,EFA,0.2187,-0.0082,-0.0069,0.0438,0.2570
2026-04-07,ivy,IEF,-0.1369,-0.0123,-0.0054,0.0037,0.0244
2026-04-07,ivy,SHY,0.0338,-0.0023,0.0014,0.0120,0.0322
2026-04-07,ivy,VNQ,-0.0592,-0.0225,0.0307,0.0094,0.0688
2026-04-07,ivy,VTI,-0.1702,-0.0189,-0.0404,-0.0119,0.2424
2026-04-07,faa,AGG,-0.0134,-0.0083,-0.0011,0.0073,0.0357
2026-04-07,faa,DBC,0.8016,0.0743,0.2957,0.3632,0.4052
2026-04-07,faa,EEM,0.0922,-0.0089,-0.0009,0.0626,0.3540
2026-04-07,faa,EFA,0.0557,-0.0080,-0.0067,0.0440,0.2572
2026-04-07,faa,SHY,0.0085,-0.0023,0.0014,0.0120,0.0322
2026-04-07,faa,SPY,-0.0537,-0.0211,-0.0429,-0.0136,0.2371
2026-04-07,faa,VNQ,-0.0153,-0.0226,0.0306,0.0093,0.0687
2026-04-07,eaa,DBC,0.8016,0.0743,0.2957,0.3632,0.4052
2026-04-07,eaa,EEM,0.0922,-0.0089,-0.0009,0.0626,0.3540
2026-04-07,eaa,EFA,0.0559,-0.0079,-0.0066,0.0440,0.2573
2026-04-07,eaa,GLD,-0.0174,-0.0958,0.0475,0.1972,0.4949
2026-04-07,eaa,IEF,-0.0342,-0.0123,-0.0054,0.0037,0.0244
2026-04-07,eaa,SHY,0.0085,-0.0023,0.0014,0.0120,0.0322
2026-04-07,eaa,SPY,-0.0539,-0.0211,-0.0430,-0.0136,0.2370
2026-04-07,eaa,VNQ,-0.0148,-0.0225,0.0307,0.0094,0.0688
2026-04-07,laa,GLD,-0.0667,-0.0956,0.0477,0.1974,0.4951
2026-04-07,laa,IEF,-0.1369,-0.0123,-0.0054,0.0037,0.0244
2026-04-07,laa,IWD,0.3597,-0.0026,0.0118,0.0647,0.2137
2026-04-07,laa,QQQ,-0.2346,-0.0231,-0.0519,-0.0274,0.3048
2026-04-07,laa,SHY,0.0327,-0.0024,0.0014,0.0119,0.0321
2026-04-07,laa,SPY,-0.2120,-0.0209,-0.0428,-0.0134,0.2373
2026-04-08,daa,BND,0.0397,-0.0040,0.0060,0.0131,0.0376
2026-04-08,daa,DBC,2.2384,0.0321,0.2285,0.2788,0.3820
2026-04-08,daa,EEM,1.5267,0.0402,0.0615,0.1320,0.5344
2026-04-08,daa,EWJ,1.7173,0.0509,0.0834,0.1213,0.5302
2026-04-08,daa,GLD,0.4767,-0.0662,0.0679,0.2110,0.5775
2026-04-08,daa,HYG,0.3058,0.0089,0.0096,0.0248,0.1114
2026-04-08,daa,IEF,-0.0121,-0.0072,0.0036,0.0149,0.0300
2026-04-08,daa,IWM,1.1170,0.0350,0.0251,0.0672,0.4618
2026-04-08,daa,LQD,-0.0915,-0.0117,-0.0015,0.0033,0.0489
2026-04-08,daa,QQQ,0.4242,0.0041,-0.0211,0.0055,0.4489
2026-04-08,daa,SHY,0.0726,-0.0005,0.0036,0.0145,0.0352
2026-04-08,daa,SPY,0.3176,0.0008,-0.0188,0.0137,0.3552
2026-04-08,daa,TLT,-0.1407,-0.0161,0.0130,0.0082,-0.0155
2026-04-08,daa,VGK,1.0063,0.0309,0.0213,0.0861,0.3782
2026-04-08,daa,VNQ,0.3921,-0.0020,0.0470,0.0427,0.1432
2026-04-08,daa,VWO,0.9397,0.0301,0.0216,0.0532,0.3856
2026-04-08,vaa,AGG,0.0909,-0.0021,0.0085,0.0190,0.0445
2026-04-08,vaa,EEM,1.5267,0.0402,0.0615,0.1320,0.5344
2026-04-08,vaa,EFA,1.2499,0.0379,0.0452,0.0977,0.4185
2026-04-08,vaa,IEF,-0.0121,-0.0072,0.0036,0.0149,0.0300
2026-04-08,vaa,LQD,-0.0915,-0.0117,-0.0015,0.0033,0.0489
2026-04-08,vaa,SHY,0.0726,-0.0005,0.0036,0.0145,0.0352
2026-04-08,vaa,SPY,0.3167,0.0008,-0.0188,0.0137,0.3551
2026-04-08,paa,DBC,2.2384,0.0321,0.2285,0.2788,0.3820
2026-04-08,paa,EEM,1.5503,0.0414,0.0627,0.1333,0.5362
2026-04-08,paa,EWJ,1.7173,0.0509,0.0834,0.1213,0.5302
2026-04-08,paa,GLD,0.4847,-0.0658,0.0684,0.2115,0.5781
2026-04-08,paa,HYG,0.3058,0.0089,0.0096,0.0248,0.1114
2026-04-08,paa,IEF,-0.0121,-0.0072,0.0036,0.0149,0.0300
2026-04-08,paa,IWM,1.1124,0.0348,0.0249,0.0669,0.4615
2026-04-08,paa,LQD,-0.0915,-0.0117,-0.0015,0.0033,0.0489
2026-04-08,paa,QQQ,0.4213,0.0039,-0.0213,0.0053,0.4487
2026-04-08,paa,SHY,0.0726,-0.0005,0.0036,0.0145,0.0352
2026-04-08,paa,SPY,0.3146,0.0007,-0.0189,0.0136,0.3550
2026-04-08,paa,TLT,-0.1386,-0.0160,0.0131,0.0084,-0.0154
2026-04-08,paa,VGK,1.0063,0.0309,0.0213,0.0861,0.3782
2026-04-08,paa,VNQ,0.3921,-0.0020,0.0470,0.0427,0.1432
2026-04-08,baa_g12,DBC,2.2384,0.0321,0.2285,0.2788,0.3820
2026-04-08,baa_g12,EEM,1.5672,0.0423,0.0635,0.1342,0.5375
2026-04-08,baa_g12,EWJ,1.7358,0.0518,0.0844,0.1223,0.5316
2026-04-08,baa_g12,GLD,0.4808,-0.0660,0.0682,0.2112,0.5778
2026-04-08,baa_g12,HYG,0.3058,0.0089,0.0096,0.0248,0.1114
2026-04-08,baa_g12,IEF,-0.0121,-0.0072,0.0036,0.0149,0.0300
2026-04-08,baa_g12,IWM,1.1123,0.0348,0.0249,0.0669,0.4615
2026-04-08,baa_g12,LQD,-0.0915,-0.0117,-0.0015,0.0033,0.0489
2026-04-08,baa_g12,QQQ,0.4209,0.0039,-0.0213,0.0053,0.4487
2026-04-08,baa_g12,SHY,0.0726,-0.0005,0.0036,0.0145,0.0352
2026-04-08,baa_g12,SPY,0.3143,0.0007,-0.0189,0.0136,0.3550
2026-04-08,baa_g12,TLT,-0.1407,-0.0161,0.0130,0.0082,-0.0155
2026-04-08,baa_g12,VGK,1.0294,0.0321,0.0224,0.0873,0.3798
2026-04-08,baa_g12,VNQ,0.3921,-0.0020,0.0470,0.0427,0.1432
2026-04-08,baa_g4,AGG,0.0909,-0.0021,0.0085,0.0190,0.0445
2026-04-08,baa_g4,EEM,1.5503,0.0414,0.0627,0.1333,0.5362
2026-04-08,baa_g4,EFA,1.2499,0.0379,0.0452,0.0977,0.4185
2026-04-08,baa_g4,IEF,-0.0121,-0.0072,0.0036,0.0149,0.0300
2026-04-08,baa_g4,LQD,-0.0915,-0.0117,-0.0015,0.0033,0.0489
2026-04-08,baa_g4,SHY,0.0726,-0.0005,0.0036,0.0145,0.0352
2026-04-08,baa_g4,SPY,0.3172,0.0008,-0.0188,0.0137,0.3552
2026-04-08,gem,AGG,0.0445,-0.0021,0.0085,0.0190,0.0445
2026-04-08,gem,EFA,0.4185,0.0379,0.0452,0.0977,0.4185
2026-04-08,gem,SPY,0.3551,0.0008,-0.0188,0.0137,0.3551
2026-04-08,haa,AGG,0.0909,-0.0021,0.0085,0.0190,0.0445
2026-04-08,haa,EEM,1.5503,0.0414,0.0627,0.1333,0.5362
2026-04-08,haa,EFA,1.2499,0.0379,0.0452,0.0977,0.4185
2026-04-08,haa,IEF,-0.0121,-0.0072,0.0036,0.0149,0.0300
2026-04-08,haa,LQD,-0.0915,-0.0117,-0.0015,0.0033,0.0489
2026-04-08,haa,SHY,0.0726,-0.0005,0.0036,0.0145,0.0352
2026-04-08,haa,SPY,0.3178,0.0008,-0.0187,0.0138,0.3552
2026-04-08,permanent,BIL,0.1466,0.0029,0.0088,0.0184,0.0400
2026-04-08,permanent,GLD,0.4662,-0.0667,0.0674,0.2103,0.5766
2026-04-08,permanent,SPY,0.3185,0.0009,-0.0187,0.0138,0.3552
2026-04-08,permanent,TLT,-0.1386,-0.0160,0.0131,0.0084,-0.0154
2026-04-08,all_weather,DBC,2.2384,0.0321,0.2285,0.2788,0.3820
2026-04-08,all_weather,GLD,0.4666,-0.0667,0.0674,0.2103,0.5766
2026-04-08,all_weather,IEF,-0.0121,-0.0072,0.0036,0.0149,0.0300
2026-04-08,all_weather,SPY,0.3169,0.0008,-0.0188,0.0137,0.3551
2026-04-08,all_weather,TLT,-0.1386,-0.0160,0.0131,0.0084,-0.0154
2026-04-08,golden_butterfly,GLD,0.4653,-0.0667,0.0673,0.2102,0.5765
2026-04-08,golden_butterfly,SHY,0.0726,-0.0005,0.0036,0.0145,0.0352
2026-04-08,golden_butterfly,SPY,0.3141,0.0006,-0.0189,0.0136,0.3549
2026-04-08,golden_butterfly,TLT,-0.1447,-0.0164,0.0128,0.0080,-0.0158
2026-04-08,golden_butterfly,VBR,0.7670,0.0162,0.0209,0.0713,0.3468
2026-04-08,gtaa,DBC,2.1967,0.0300,0.2261,0.2763,0.3793
2026-04-08,gtaa,EFA,1.2499,0.0379,0.0452,0.0977,0.4185
2026-04-08,gtaa,IEF,-0.0121,-0.0072,0.0036,0.0149,0.0300
2026-04-08,gtaa,SHY,0.0726,-0.0005,0.0036,0.0145,0.0352
2026-04-08,gtaa,SPY,0.3123,0.0006,-0.0190,0.0135,0.3548
2026-04-08,gtaa,VNQ,0.3921,-0.0020,0.0470,0.0427,0.1432
2026-04-08,ivy,DBC,2.1967,0.0300,0.2261,0.2763,0.3793
2026-04-08,ivy,EFA,1.2499,0.0379,0.0452,0.0977,0.4185
2026-04-08,ivy,IEF,-0.0121,-0.0072,0.0036,0.0149,0.0300
2026-04-08,ivy,SHY,0.0726,-0.0005,0.0036,0.0145,0.0352
2026-04-08,ivy,VNQ,0.3921,-0.0020,0.0470,0.0427,0.1432
2026-04-08,ivy,VTI,0.3599,0.0031,-0.0173,0.0153,0.3612
2026-04-08,faa,AGG,0.0227,-0.0021,0.0085,0.0190,0.0445
2026-04-08,faa,DBC,0.5492,0.0300,0.2261,0.2763,0.3793
2026-04-08,faa,EEM,0.3876,0.0414,0.0627,0.1333,0.5362
2026-04-08,faa,EFA,0.3125,0.0379,0.0452,0.0977,0.4185
2026-04-08,faa,SHY,0.0181,-0.0005,0.0036,0.0145,0.0352
2026-04-08,faa,SPY,0.0786,0.0007,-0.0189,0.0136,0.3550
2026-04-08,faa,VNQ,0.0980,-0.0020,0.0470,0.0427,0.1432
2026-04-08,eaa,DBC,0.5492,0.0300,0.2261,0.2763,0.3793
2026-04-08,eaa,EEM,0.3876,0.0414,0.0627,0.1333,0.5362
2026-04-08,eaa,EFA,0.3125,0.0379,0.0452,0.0977,0.4185
2026-04-08,eaa,GLD,0.1148,-0.0670,0.0670,0.2099,0.5760
2026-04-08,eaa,IEF,-0.0030,-0.0072,0.0036,0.0149,0.0300
2026-04-08,eaa,SHY,0.0181,-0.0005,0.0036,0.0145,0.0352
2026-04-08,eaa,SPY,0.0788,0.0007,-0.0189,0.0136,0.3550
2026-04-08,eaa,VNQ,0.0980,-0.0020,0.0470,0.0427,0.1432
2026-04-08,laa,GLD,0.4476,-0.0676,0.0663,0.2091,0.5751
2026-04-08,laa,IEF,-0.0121,-0.0072,0.0036,0.0149,0.0300
2026-04-08,laa,IWD,0.7144,0.0119,0.0219,0.0837,0.3168
2026-04-08,laa,QQQ,0.4187,0.0038,-0.0214,0.0052,0.4485
2026-04-08,laa,SHY,0.0726,-0.0005,0.0036,0.0145,0.0352
2026-04-08,laa,SPY,0.3138,0.0006,-0.0190,0.0135,0.3549
2026-04-09,daa,BND,0.0606,-0.0020,0.0038,0.0101,0.0491
2026-04-09,daa,DBC,2.5377,0.0364,0.2663,0.3008,0.4339
2026-04-09,daa,EEM,1.4005,0.0268,0.0598,0.1305,0.5793
2026-04-09,daa,EWJ,1.2803,0.0225,0.0661,0.1190,0.5078
2026-04-09,daa,GLD,0.3492,-0.0798,0.0746,0.2006,0.6066
2026-04-09,daa,HYG,0.2939,0.0082,0.0075,0.0236,0.1185
2026-04-09,daa,IEF,-0.0037,-0.0056,0.0002,0.0108,0.0408
2026-04-09,daa,IWM,1.1708,0.0358,0.0272,0.0785,0.4748
2026-04-09,daa,LQD,0.1126,0.0007,0.0034,0.0071,0.0759
2026-04-09,daa,QQQ,0.3805,0.0016,-0.0244,0.0083,0.4420
2026-04-09,daa,SHY,0.0747,-0.0002,0.0035,0.0138,0.0348
2026-04-09,daa,SPY,0.4181,0.0055,-0.0126,0.0206,0.3617
2026-04-09,daa,TLT,-0.1223,-0.0110,0.0016,-0.0030,0.0095
2026-04-09,daa,VGK,1.0699,0.0303,0.0240,0.0941,0.4221
2026-04-09,daa,VNQ,0.6528,0.0078,0.0661,0.0552,0.1839
2026-04-09,daa,VWO,0.8112,0.0159,0.0207,0.0516,0.4338
2026-04-09,vaa,AGG,0.0729,-0.0022,0.0041,0.0139,0.0544
2026-04-09,vaa,EEM,1.3870,0.0261,0.0591,0.1297,0.5783
2026-04-09,vaa,EFA,1.1569,0.0287,0.0422,0.1000,0.4440
2026-04-09,vaa,IEF,-0.0047,-0.0056,0.0001,0.0107,0.0407
2026-04-09,vaa,LQD,0.1143,0.0008,0.0035,0.0072,0.0760
2026-04-09,vaa,SHY,0.0747,-0.0002,0.0035,0.0138,0.0348
2026-04-09,vaa,SPY,0.4224,0.0057,-0.0124,0.0208,0.3620
2026-04-09,paa,DBC,2.5377,0.0364,0.2663,0.3008,0.4339
2026-04-09,paa,EEM,1.3954,0.0265,0.0595,0.1302,0.5789
2026-04-09,paa,EWJ,1.2734,0.0221,0.0658,0.1186,0.5073
2026-04-09,paa,GLD,0.3369,-0.0803,0.0739,0.1999,0.6056
2026-04-09,paa,HYG,0.2939,0.0082,0.0075,0.0236,0.1185
2026-04-09,paa,IEF,-0.0047,-0.0056,0.0001,0.0107,0.0407
2026-04-09,paa,IWM,1.1697,0.0358,0.0272,0.0784,0.4747
2026-04-09,paa,LQD,0.1100,0.0006,0.0033,0.0069,0.0757
2026-04-09,paa,QQQ,0.3805,0.0016,-0.0244,0.0083,0.4420
2026-04-09,paa,SHY,0.0747,-0.0002,0.0035,0.0138,0.0348
2026-04-09,paa,SPY,0.4181,0.0055,-0.0126,0.0206,0.3617
2026-04-09,paa,TLT,-0.1223,-0.0110,0.0016,-0.0030,0.0095
2026-04-09,paa,VGK,1.0757,0.0306,0.0243,0.0944,0.4225
2026-04-09,paa,VNQ,0.6538,0.0079,0.0662,0.0553,0.1839
2026-04-09,baa_g12,DBC,2.5678,0.0379,0.2680,0.3027,0.4360
2026-04-09,baa_g12,EEM,1.3904,0.0262,0.0593,0.1299,0.5785
2026-04-09,baa_g12,EWJ,1.2734,0.0221,0.0658,0.1186,0.5073
2026-04-09,baa_g12,GLD,0.3365,-0.0804,0.0739,0.1999,0.6056
2026-04-09,baa_g12,HYG,0.2939,0.0082,0.0075,0.0236,0.1185
2026-04-09,baa_g12,IEF,-0.0057,-0.0057,0.0001,0.0107,0.0407
2026-04-09,baa_g12,IWM,1.1720,0.0359,0.0273,0.0785,0.4749
2026-04-09,baa_g12,LQD,0.1108,0.0006,0.0033,0.0070,0.0758
2026-04-09,baa_g12,QQQ,0.3810,0.0017,-0.0244,0.0084,0.4420
2026-04-09,baa_g12,SHY,0.0758,-0.0001,0.0036,0.0139,0.0349
2026-04-09,baa_g12,SPY,0.4191,0.0055,-0.0126,0.0206,0.3618
2026-04-09,baa_g12,TLT,-0.1234,-0.0111,0.0016,-0.0031,0.0094
2026-04-09,baa_g12,VGK,1.0757,0.0306,0.0243,0.0944,0.4225
2026-04-09,baa_g12,VNQ,0.6570,0.0080,0.0664,0.0555,0.1841
2026-04-09,baa_g4,AGG,0.0719,-0.0022,0.0041,0.0139,0.0544
2026-04-09,baa_g4,EEM,1.3904,0.0262,0.0593,0.1299,0.5785
2026-04-09,baa_g4,EFA,1.1559,0.0286,0.0422,0.0999,0.4439
2026-04-09,baa_g4,IEF,-0.0047,-0.0056,0.0001,0.0107,0.0407
2026-04-09,baa_g4,LQD,0.1082,0.0005,0.0032,0.0068,0.0756
2026-04-09,baa_g4,SHY,0.0746,-0.0002,0.0035,0.0138,0.0348
2026-04-09,baa_g4,SPY,0.4212,0.0056,-0.0124,0.0208,0.3619
2026-04-09,gem,AGG,0.0544,-0.0022,0.0041,0.0139,0.0544
2026-04-09,gem,EFA,0.4439,0.0286,0.0422,0.0999,0.4439
2026-04-09,gem,SPY,0.3619,0.0056,-0.0125,0.0207,0.3619
2026-04-09,haa,AGG,0.0719,-0.0022,0.0041,0.0139,0.0544
2026-04-09,haa,EEM,1.3904,0.0262,0.0593,0.1299,0.5785
2026-04-09,haa,EFA,1.1559,0.0286,0.0422,0.0999,0.4439
2026-04-09,haa,IEF,-0.0057,-0.0057,0.0001,0.0107,0.0407
2026-04-09,haa,LQD,0.1082,0.0005,0.0032,0.0068,0.0756
2026-04-09,haa,SHY,0.0746,-0.0002,0.0035,0.0138,0.0348
2026-04-09,haa,SPY,0.4250,0.0058,-0.0123,0.0210,0.3622
2026-04-09,permanent,BIL,0.1468,0.0029,0.0087,0.0186,0.0400
2026-04-09,permanent,GLD,0.3387,-0.0803,0.0740,0.2000,0.6058
2026-04-09,permanent,SPY,0.4261,0.0059,-0.0122,0.0210,0.3623
2026-04-09,permanent,TLT,-0.1202,-0.0109,0.0017,-0.0029,0.0096
2026-04-09,all_weather,DBC,2.5678,0.0379,0.2680,0.3027,0.4360
2026-04-09,all_weather,GLD,0.3422,-0.0801,0.0742,0.2002,0.6060
2026-04-09,all_weather,IEF,-0.0055,-0.0057,0.0001,0.0107,0.0407
2026-04-09,all_weather,SPY,0.4265,0.0059,-0.0122,0.0210,0.3623
2026-04-09,all_weather,TLT,-0.1169,-0.0107,0.0019,-0.0027,0.0098
2026-04-09,golden_butterfly,GLD,0.3404,-0.0802,0.0741,0.2001,0.6059
2026-04-09,golden_butterfly,SHY,0.0746,-0.0002,0.0035,0.0138,0.0348
2026-04-09,golden_butterfly,SPY,0.4304,0.0061,-0.0120,0.0212,0.3626
2026-04-09,golden_butterfly,TLT,-0.1136,-0.0106,0.0021,-0.0026,0.0100
2026-04-09,golden_butterfly,VBR,1.1808,0.0355,0.0456,0.0951,0.3820
2026-04-09,gtaa,DBC,2.5527,0.0371,0.2672,0.3017,0.4350
2026-04-09,gtaa,EFA,1.1717,0.0294,0.0430,0.1008,0.4451
2026-04-09,gtaa,IEF,-0.0055,-0.0057,0.0001,0.0107,0.0407
2026-04-09,gtaa,SHY,0.0746,-0.0002,0.0035,0.0138,0.0348
2026-04-09,gtaa,SPY,0.4338,0.0063,-0.0118,0.0214,0.3628
2026-04-09,gtaa,VNQ,0.6665,0.0085,0.0669,0.0560,0.1847
2026-04-09,ivy,DBC,2.5527,0.0371,0.2672,0.3017,0.4350
2026-04-09,ivy,EFA,1.1707,0.0294,0.0429,0.1007,0.4450
2026-04-09,ivy,IEF,-0.0055,-0.0057,0.0001,0.0107,0.0407
2026-04-09,ivy,SHY,0.0758,-0.0001,0.0036,0.0139,0.0349
2026-04-09,ivy,VNQ,0.6686,0.0086,0.0670,0.0561,0.1848
2026-04-09,ivy,VTI,0.4793,0.0087,-0.0107,0.0235,0.3702
2026-04-09,faa,AGG,0.0185,-0.0021,0.0042,0.0140,0.0545
2026-04-09,faa,DBC,0.6382,0.0371,0.2672,0.3017,0.4350
2026-04-09,faa,EEM,0.3522,0.0272,0.0602,0.1309,0.5800
2026-04-09,faa,EFA,0.2939,0.0296,0.0432,0.1010,0.4453
2026-04-09,faa,SHY,0.0189,-0.0001,0.0036,0.0139,0.0349
2026-04-09,faa,SPY,0.1097,0.0066,-0.0115,0.0217,0.3632
2026-04-09,faa,VNQ,0.1681,0.0088,0.0672,0.0563,0.1850
2026-04-09,eaa,DBC,0.6382,0.0371,0.2672,0.3017,0.4350
2026-04-09,eaa,EEM,0.3548,0.0277,0.0608,0.1315,0.5808
2026-04-09,eaa,EFA,0.2949,0.0298,0.0434,0.1012,0.4456
2026-04-09,eaa,GLD,0.0874,-0.0797,0.0746,0.2007,0.6067
2026-04-09,eaa,IEF,-0.0002,-0.0054,0.0003,0.0110,0.0409
2026-04-09,eaa,SHY,0.0189,-0.0001,0.0036,0.0139,0.0349
2026-04-09,eaa,SPY,0.1107,0.0068,-0.0114,0.0219,0.3634
2026-04-09,eaa,VNQ,0.1682,0.0089,0.0672,0.0563,0.1851
2026-04-09,laa,GLD,0.3488,-0.0798,0.0746,0.2006,0.6066
2026-04-09,laa,IEF,-0.0007,-0.0054,0.0003,0.0110,0.0409
2026-04-09,laa,IWD,1.0585,0.0276,0.0455,0.1009,0.3430
2026-04-09,laa,QQQ,0.4108,0.0032,-0.0229,0.0099,0.4442
2026-04-09,laa,SHY,0.0758,-0.0001,0.0036,0.0139,0.0349
2026-04-09,laa,SPY,0.4481,0.0070,-0.0111,0.0222,0.3638
2026-04-10,daa,BND,0.0896,0.0005,0.0036,0.0081,0.0531
2026-04-10,daa,DBC,2.3874,0.0226,0.2572,0.3064,0.4749
2026-04-10,daa,EEM,1.4704,0.0291,0.0645,0.1269,0.6096
2026-04-10,daa,EWJ,1.2841,0.0261,0.0616,0.1163,0.4922
2026-04-10,daa,GLD,0.2097,-0.0817,0.0628,0.1747,0.5892
2026-04-10,daa,HYG,0.2771,0.0079,0.0042,0.0225,0.1208
2026-04-10,daa,IEF,0.0170,-0.0037,0.0005,0.0079,0.0432
2026-04-10,daa,IWM,1.0824,0.0335,0.0118,0.0627,0.5082
2026-04-10,daa,LQD,0.1778,0.0058,0.0030,0.0051,0.0862
2026-04-10,daa,QQQ,0.5100,0.0070,-0.0137,0.0021,0.4761
2026-04-10,daa,SHY,0.0804,0.0004,0.0034,0.0135,0.0350
2026-04-10,daa,SPY,0.4687,0.0081,-0.0112,0.0159,0.3852
2026-04-10,daa,TLT,-0.0409,-0.0040,0.0008,-0.0097,0.0229
2026-04-10,daa,VGK,1.1028,0.0330,0.0251,0.0887,0.4295
2026-04-10,daa,VNQ,0.7048,0.0142,0.0524,0.0564,0.2116
2026-04-10,daa,VWO,0.9471,0.0224,0.0270,0.0533,0.4637
2026-04-10,vaa,AGG,0.1029,0.0004,0.0040,0.0119,0.0579
2026-04-10,vaa,EEM,1.4738,0.0292,0.0647,0.1271,0.6098
2026-04-10,vaa,EFA,1.1762,0.0306,0.0419,0.0965,0.4486
2026-04-10,vaa,IEF,0.0160,-0.0037,0.0004,0.0078,0.0432
2026-04-10,vaa,LQD,0.1769,0.0057,0.0030,0.0051,0.0861
2026-04-10,vaa,SHY,0.0816,0.0004,0.0035,0.0136,0.0351
2026-04-10,vaa,SPY,0.4713,0.0082,-0.0111,0.0160,0.3854
2026-04-10,paa,DBC,2.3725,0.0219,0.2563,0.3055,0.4738
2026-04-10,paa,EEM,1.4704,0.0291,0.0645,0.1269,0.6096
2026-04-10,paa,EWJ,1.2876,0.0262,0.0618,0.1165,0.4925
2026-04-10,paa,GLD,0.2114,-0.0816,0.0629,0.1748,0.5893
2026-04-10,paa,HYG,0.2783,0.0079,0.0043,0.0226,0.1208
2026-04-10,paa,IEF,0.0160,-0.0037,0.0004,0.0078,0.0432
2026-04-10,paa,IWM,1.0901,0.0339,0.0122,0.0631,0.5088
2026-04-10,paa,LQD,0.1778,0.0058,0.0030,0.0051,0.0862
2026-04-10,paa,QQQ,0.5134,0.0072,-0.0135,0.0023,0.4764
2026-04-10,paa,SHY,0.0804,0.0004,0.0034,0.0135,0.0350
2026-04-10,paa,SPY,0.4690,0.0081,-0.0112,0.0159,0.3852
2026-04-10,paa,TLT,-0.0431,-0.0041,0.0006,-0.0098,0.0228
2026-04-10,paa,VGK,1.1005,0.0328,0.0250,0.0886,0.4293
2026-04-10,paa,VNQ,0.6995,0.0140,0.0521,0.0561,0.2112
2026-04-10,baa_g12,DBC,2.3782,0.0221,0.2567,0.3058,0.4742
2026-04-10,baa_g12,EEM,1.4704,0.0291,0.0645,0.1269,0.6096
2026-04-10,baa_g12,EWJ,1.2852,0.0261,0.0617,0.1164,0.4923
2026-04-10,baa_g12,GLD,0.2145,-0.0815,0.0631,0.1750,0.5896
2026-04-10,baa_g12,HYG,0.2771,0.0079,0.0042,0.0225,0.1208
2026-04-10,baa_g12,IEF,0.0160,-0.0037,0.0004,0.0078,0.0432
2026-04-10,baa_g12,IWM,1.0921,0.0340,0.0123,0.0632,0.5089
2026-04-10,baa_g12,LQD,0.1769,0.0057,0.0030,0.0051,0.0861
2026-04-10,baa_g12,QQQ,0.5120,0.0071,-0.0136,0.0022,0.4763
2026-04-10,baa_g12,SHY,0.0804,0.0004,0.0034,0.0135,0.0350
2026-04-10,baa_g12,SPY,0.4699,0.0081,-0.0112,0.0159,0.3853
2026-04-10,baa_g12,TLT,-0.0420,-0.0040,0.0007,-0.0097,0.0228
2026-04-10,baa_g12,VGK,1.1005,0.0328,0.0250,0.0886,0.4293
2026-04-10,baa_g12,VNQ,0.7080,0.0144,0.0526,0.0566,0.2118
2026-04-10,baa_g4,AGG,0.1020,0.0004,0.0040,0.0119,0.0578
2026-04-10,baa_g4,EEM,1.4749,0.0293,0.0648,0.1272,0.6099
2026-04-10,baa_g4,EFA,1.1762,0.0306,0.0419,0.0965,0.4486
2026-04-10,baa_g4,IEF,0.0168,-0.0037,0.0005,0.0079,0.0432
2026-04-10,baa_g4,LQD,0.1787,0.0058,0.0031,0.0052,0.0862
2026-04-10,baa_g4,SHY,0.0804,0.0004,0.0034,0.0135,0.0350
2026-04-10,baa_g4,SPY,0.4724,0.0082,-0.0110,0.0161,0.3854
2026-04-10,gem,AGG,0.0580,0.0005,0.0041,0.0120,0.0580
2026-04-10,gem,EFA,0.4484,0.0305,0.0418,0.0963,0.4484
2026-04-10,gem,SPY,0.3855,0.0083,-0.0110,0.0161,0.3855
2026-04-10,haa,AGG,0.1029,0.0004,0.0040,0.0119,0.0579
2026-04-10,haa,EEM,1.4805,0.0296,0.0651,0.1275,0.6104
2026-04-10,haa,EFA,1.1801,0.0308,0.0421,0.0967,0.4489
2026-04-10,haa,IEF,0.0168,-0.0037,0.0005,0.0079,0.0432
2026-04-10,haa,LQD,0.1778,0.0058,0.0030,0.0051,0.0862
2026-04-10,haa,SHY,0.0804,0.0004,0.0034,0.0135,0.0350
2026-04-10,haa,SPY,0.4714,0.0082,-0.0111,0.0160,0.3854
2026-04-10,permanent,BIL,0.1541,0.0033,0.0091,0.0188,0.0402
2026-04-10,permanent,GLD,0.2207,-0.0812,0.0634,0.1754,0.5901
2026-04-10,permanent,SPY,0.4727,0.0083,-0.0110,0.0161,0.3855
2026-04-10,permanent,TLT,-0.0408,-0.0040,0.0008,-0.0097,0.0229
2026-04-10,all_weather,DBC,2.3782,0.0221,0.2567,0.3058,0.4742
2026-04-10,all_weather,GLD,0.2215,-0.0811,0.0635,0.1754,0.5902
2026-04-10,all_weather,IEF,0.0168,-0.0037,0.0005,0.0079,0.0432
2026-04-10,all_weather,SPY,0.4699,0.0081,-0.0112,0.0159,0.3853
2026-04-10,all_weather,TLT,-0.0420,-0.0040,0.0007,-0.0097,0.0228
2026-04-10,golden_butterfly,GLD,0.2180,-0.0813,0.0633,0.1752,0.5899
2026-04-10,golden_butterfly,SHY,0.0804,0.0004,0.0034,0.0135,0.0350
2026-04-10,golden_butterfly,SPY,0.4687,0.0081,-0.0112,0.0159,0.3852
2026-04-10,golden_butterfly,TLT,-0.0420,-0.0040,0.0007,-0.0097,0.0228
2026-04-10,golden_butterfly,VBR,1.0598,0.0317,0.0256,0.0835,0.4100
2026-04-10,gtaa,DBC,2.3782,0.0221,0.2567,0.3058,0.4742
2026-04-10,gtaa,EFA,1.1742,0.0305,0.0418,0.0963,0.4484
2026-04-10,gtaa,IEF,0.0170,-0.0037,0.0005,0.0079,0.0432
2026-04-10,gtaa,SHY,0.0816,0.0004,0.0035,0.0136,0.0351
2026-04-10,gtaa,SPY,0.4664,0.0079,-0.0113,0.0158,0.3850
2026-04-10,gtaa,VNQ,0.6910,0.0135,0.0517,0.0557,0.2107
2026-04-10,ivy,DBC,2.3782,0.0221,0.2567,0.3058,0.4742
2026-04-10,ivy,EFA,1.1722,0.0304,0.0417,0.0962,0.4483
2026-04-10,ivy,IEF,0.0170,-0.0037,0.0005,0.0079,0.0432
2026-04-10,ivy,SHY,0.0804,0.0004,0.0034,0.0135,0.0350
2026-04-10,ivy,VNQ,0.6880,0.0134,0.0515,0.0555,0.2105
2026-04-10,ivy,VTI,0.4878,0.0091,-0.0114,0.0163,0.3915
2026-04-10,faa,AGG,0.0257,0.0004,0.0040,0.0119,0.0579
2026-04-10,faa,DBC,0.5946,0.0221,0.2567,0.3058,0.4742
2026-04-10,faa,EEM,0.3693,0.0294,0.0649,0.1273,0.6101
2026-04-10,faa,EFA,0.2933,0.0305,0.0417,0.0963,0.4484
2026-04-10,faa,SHY,0.0204,0.0005,0.0035,0.0136,0.0351
2026-04-10,faa,SPY,0.1166,0.0079,-0.0113,0.0157,0.3850
2026-04-10,faa,VNQ,0.1725,0.0135,0.0516,0.0556,0.2107
2026-04-10,eaa,DBC,0.5946,0.0221,0.2567,0.3058,0.4742
2026-04-10,eaa,EEM,0.3701,0.0296,0.0651,0.1275,0.6104
2026-04-10,eaa,EFA,0.2933,0.0305,0.0417,0.0963,0.4484
2026-04-10,eaa,GLD,0.0535,-0.0815,0.0631,0.1750,0.5895
2026-04-10,eaa,IEF,0.0045,-0.0036,0.0005,0.0079,0.0433
2026-04-10,eaa,SHY,0.0204,0.0005,0.0035,0.0136,0.0351
2026-04-10,eaa,SPY,0.1169,0.0080,-0.0113,0.0158,0.3851
2026-04-10,eaa,VNQ,0.1728,0.0135,0.0517,0.0557,0.2107
2026-04-10,laa,GLD,0.2116,-0.0816,0.0629,0.1748,0.5893
2026-04-10,laa,IEF,0.0170,-0.0037,0.0005,0.0079,0.0432
2026-04-10,laa,IWD,0.9655,0.0248,0.0316,0.0932,0.3551
2026-04-10,laa,QQQ,0.5076,0.0069,-0.0138,0.0020,0.4759
2026-04-10,laa,SHY,0.0793,0.0003,0.0034,0.0134,0.0350
2026-04-10,laa,SPY,0.4658,0.0079,-0.0114,0.0157,0.3850
2026-04-13,daa,BND,0.1394,0.0050,0.0023,0.0096,0.0515
2026-04-13,daa,DBC,2.2977,0.0087,0.2712,0.3344,0.4404
2026-04-13,daa,EEM,1.8079,0.0646,0.0611,0.1403,0.5075
2026-04-13,daa,EWJ,1.2741,0.0424,0.0372,0.1164,0.3835
2026-04-13,daa,GLD,0.2811,-0.0684,0.0494,0.1902,0.5241
2026-04-13,daa,HYG,0.3405,0.0150,0.0041,0.0261,0.0922
2026-04-13,daa,IEF,0.0699,0.0003,0.0001,0.0094,0.0473
2026-04-13,daa,IWM,1.4164,0.0664,0.0139,0.0800,0.4035
2026-04-13,daa,LQD,0.2379,0.0124,0.0006,0.0083,0.0696
2026-04-13,daa,QQQ,0.5818,0.0275,-0.0207,0.0062,0.3217
2026-04-13,daa,SHY,0.1089,0.0024,0.0041,0.0139,0.0360
2026-04-13,daa,SPY,0.5362,0.0253,-0.0161,0.0205,0.2556
2026-04-13,daa,TLT,-0.0034,0.0004,-0.0035,-0.0065,0.0193
2026-04-13,daa,VGK,1.2331,0.0509,0.0206,0.1032,0.3338
2026-04-13,daa,VNQ,0.6597,0.0179,0.0468,0.0587,0.1396
2026-04-13,daa,VWO,1.1764,0.0473,0.0262,0.0640,0.3760
2026-04-13,vaa,AGG,0.1582,0.0052,0.0028,0.0141,0.0566
2026-04-13,vaa,EEM,1.7907,0.0637,0.0602,0.1394,0.5062
2026-04-13,vaa,EFA,1.2685,0.0479,0.0336,0.1065,0.3460
2026-04-13,vaa,IEF,0.0659,0.0001,-0.0001,0.0092,0.0471
2026-04-13,vaa,LQD,0.2282,0.0119,0.0001,0.0078,0.0691
2026-04-13,vaa,SHY,0.1066,0.0023,0.0040,0.0138,0.0358
2026-04-13,vaa,SPY,0.5263,0.0248,-0.0166,0.0200,0.2550
2026-04-13,paa,DBC,2.3198,0.0097,0.2725,0.3357,0.4419
2026-04-13,paa,EEM,1.7804,0.0632,0.0597,0.1388,0.5055
2026-04-13,paa,EWJ,1.2395,0.0406,0.0355,0.1145,0.3811
2026-04-13,paa,GLD,0.2643,-0.0692,0.0485,0.1892,0.5227
2026-04-13,paa,HYG,0.3308,0.0145,0.0036,0.0256,0.0916
2026-04-13,paa,IEF,0.0559,-0.0004,-0.0006,0.0086,0.0466
2026-04-13,paa,IWM,1.3924,0.0652,0.0127,0.0787,0.4019
2026-04-13,paa,LQD,0.2229,0.0117,-0.0002,0.0075,0.0688
2026-04-13,paa,QQQ,0.5767,0.0273,-0.0209,0.0059,0.3213
2026-04-13,paa,SHY,0.1055,0.0022,0.0039,0.0137,0.0358
2026-04-13,paa,SPY,0.5339,0.0252,-0.0162,0.0204,0.2555
2026-04-13,paa,TLT,-0.0231,-0.0007,-0.0045,-0.0076,0.0183
2026-04-13,paa,VGK,1.2261,0.0505,0.0203,0.1028,0.3334
2026-04-13,paa,VNQ,0.6448,0.0172,0.0460,0.0579,0.1387
2026-04-13,baa_g12,DBC,2.3426,0.0108,0.2739,0.3372,0.4434
2026-04-13,baa_g12,EEM,1.8010,0.0643,0.0607,0.1400,0.5070
2026-04-13,baa_g12,EWJ,1.2533,0.0413,0.0362,0.1153,0.3821
2026-04-13,baa_g12,GLD,0.2694,-0.0690,0.0487,0.1895,0.5231
2026-04-13,baa_g12,HYG,0.3308,0.0145,0.0036,0.0256,0.0916
2026-04-13,baa_g12,IEF,0.0599,-0.0002,-0.0004,0.0088,0.0468
2026-04-13,baa_g12,IWM,1.4071,0.0660,0.0134,0.0795,0.4029
2026-04-13,baa_g12,LQD,0.2282,0.0119,0.0001,0.0078,0.0691
2026-04-13,baa_g12,QQQ,0.6007,0.0285,-0.0197,0.0072,0.3229
2026-04-13,baa_g12,SHY,0.1066,0.0023,0.0040,0.0138,0.0358
2026-04-13,baa_g12,SPY,0.5510,0.0261,-0.0153,0.0213,0.2566
2026-04-13,baa_g12,TLT,-0.0150,-0.0003,-0.0041,-0.0071,0.0187
2026-04-13,baa_g12,VGK,1.2505,0.0518,0.0215,0.1041,0.3350
2026-04-13,baa_g12,VNQ,0.6618,0.0180,0.0469,0.0589,0.1397
2026-04-13,baa_g4,AGG,0.1505,0.0048,0.0024,0.0137,0.0561
2026-04-13,baa_g4,EEM,1.8216,0.0653,0.0618,0.1411,0.5085
2026-04-13,baa_g4,EFA,1.2923,0.0491,0.0348,0.1078,0.3476
2026-04-13,baa_g4,IEF,0.0599,-0.0002,-0.0004,0.0088,0.0468
2026-04-13,baa_g4,LQD,0.2308,0.0121,0.0002,0.0079,0.0692
2026-04-13,baa_g4,SHY,0.1061,0.0022,0.0040,0.0138,0.0358
2026-04-13,baa_g4,SPY,0.5554,0.0263,-0.0151,0.0215,0.2569
2026-04-13,gem,AGG,0.0561,0.0048,0.0024,0.0137,0.0561
2026-04-13,gem,EFA,0.3475,0.0491,0.0348,0.1078,0.3475
2026-04-13,gem,SPY,0.2567,0.0262,-0.0152,0.0214,0.2567
2026-04-13,haa,AGG,0.1505,0.0048,0.0024,0.0137,0.0561
2026-04-13,haa,EEM,1.8147,0.0650,0.0614,0.1407,0.5080
2026-04-13,haa,EFA,1.2943,0.0493,0.0349,0.1079,0.3477
2026-04-13,haa,IEF,0.0589,-0.0003,-0.0005,0.0088,0.0467
2026-04-13,haa,LQD,0.2300,0.0120,0.0002,0.0079,0.0692
2026-04-13,haa,SHY,0.1055,0.0022,0.0039,0.0137,0.0358
2026-04-13,haa,SPY,0.5515,0.0261,-0.0153,0.0213,0.2566
2026-04-13,permanent,BIL,0.1506,0.0031,0.0089,0.0188,0.0402
2026-04-13,permanent,GLD,0.2966,-0.0677,0.0502,0.1912,0.5253
2026-04-13,permanent,SPY,0.5511,0.0261,-0.0153,0.0213,0.2566
2026-04-13,permanent,TLT,-0.0198,-0.0005,-0.0043,-0.0074,0.0184
2026-04-13,all_weather,DBC,2.3235,0.0099,0.2727,0.3360,0.4421
2026-04-13,all_weather,GLD,0.2984,-0.0676,0.0503,0.1913,0.5254
2026-04-13,all_weather,IEF,0.0589,-0.0003,-0.0005,0.0088,0.0467
2026-04-13,all_weather,SPY,0.5508,0.0261,-0.0153,0.0213,0.2566
2026-04-13,all_weather,TLT,-0.0220,-0.0006,-0.0045,-0.0075,0.0183
2026-04-13,golden_butterfly,GLD,0.3037,-0.0673,0.0506,0.1916,0.5259
2026-04-13,golden_butterfly,SHY,0.1055,0.0022,0.0039,0.0137,0.0358
2026-04-13,golden_butterfly,SPY,0.5500,0.0260,-0.0154,0.0212,0.2565
2026-04-13,golden_butterfly,TLT,-0.0220,-0.0006,-0.0045,-0.0075,0.0183
2026-04-13,golden_butterfly,VBR,1.2060,0.0513,0.0222,0.0994,0.3024
2026-04-13,gtaa,DBC,2.3235,0.0099,0.2727,0.3360,0.4421
2026-04-13,gtaa,EFA,1.2883,0.0489,0.0346,0.1076,0.3473
2026-04-13,gtaa,IEF,0.0560,-0.0004,-0.0006,0.0086,0.0466
2026-04-13,gtaa,SHY,0.1062,0.0022,0.0040,0.0138,0.0358
2026-04-13,gtaa,SPY,0.5503,0.0261,-0.0154,0.0213,0.2565
2026-04-13,gtaa,VNQ,0.6714,0.0185,0.0475,0.0594,0.1403
2026-04-13,ivy,DBC,2.3417,0.0107,0.2738,0.3371,0.4434
2026-04-13,ivy,EFA,1.2863,0.0488,0.0345,0.1075,0.3472
2026-04-13,ivy,IEF,0.0579,-0.0003,-0.0005,0.0087,0.0467
2026-04-13,ivy,SHY,0.1066,0.0023,0.0040,0.0138,0.0358
2026-04-13,ivy,VNQ,0.6728,0.0186,0.0475,0.0595,0.1404
2026-04-13,ivy,VTI,0.6081,0.0292,-0.0143,0.0236,0.2679
2026-04-13,faa,AGG,0.0369,0.0046,0.0023,0.0136,0.0560
2026-04-13,faa,DBC,0.5854,0.0107,0.2738,0.3371,0.4434
2026-04-13,faa,EEM,0.4554,0.0653,0.0618,0.1411,0.5085
2026-04-13,faa,EFA,0.3226,0.0490,0.0347,0.1077,0.3474
2026-04-13,faa,SHY,0.0267,0.0023,0.0040,0.0138,0.0358
2026-04-13,faa,SPY,0.1381,0.0262,-0.0153,0.0214,0.2567
2026-04-13,faa,VNQ,0.1686,0.0187,0.0476,0.0595,0.1405
2026-04-13,eaa,DBC,0.5854,0.0107,0.2738,0.3371,0.4434
2026-04-13,eaa,EEM,0.4545,0.0651,0.0616,0.1409,0.5082
2026-04-13,eaa,EFA,0.3238,0.0493,0.0350,0.1080,0.3478
2026-04-13,eaa,GLD,0.0756,-0.0674,0.0505,0.1915,0.5258
2026-04-13,eaa,IEF,0.0147,-0.0003,-0.0005,0.0088,0.0467
2026-04-13,eaa,SHY,0.0267,0.0023,0.0040,0.0138,0.0358
2026-04-13,eaa,SPY,0.1381,0.0262,-0.0153,0.0214,0.2567
2026-04-13,eaa,VNQ,0.1689,0.0188,0.0477,0.0596,0.1405
2026-04-13,laa,GLD,0.3057,-0.0672,0.0507,0.1917,0.5260
2026-04-13,laa,IEF,0.0596,-0.0002,-0.0005,0.0088,0.0467
2026-04-13,laa,IWD,1.0422,0.0394,0.0255,0.1007,0.2657
2026-04-13,laa,QQQ,0.6224,0.0297,-0.0186,0.0083,0.3244
2026-04-13,laa,SHY,0.1089,0.0024,0.0041,0.0139,0.0360
2026-04-13,laa,SPY,0.5646,0.0268,-0.0146,0.0220,0.2575
2026-04-14,daa,BND,0.2047,0.0085,0.0058,0.0083,0.0627
2026-04-14,daa,DBC,2.1167,0.0017,0.2402,0.3470,0.4410
2026-04-14,daa,EEM,2.3742,0.0918,0.0703,0.2111,0.5690
2026-04-14,daa,EWJ,1.8662,0.0715,0.0472,0.1825,0.4545
2026-04-14,daa,GLD,0.6226,-0.0399,0.0478,0.1986,0.5134
2026-04-14,daa,HYG,0.4825,0.0217,0.0083,0.0369,0.1155
2026-04-14,daa,IEF,0.1256,0.0036,0.0036,0.0054,0.0563
2026-04-14,daa,IWM,1.9806,0.0915,0.0292,0.1357,0.4945
2026-04-14,daa,LQD,0.3912,0.0210,0.0065,0.0102,0.0932
2026-04-14,daa,QQQ,1.2234,0.0567,0.0003,0.0656,0.4111
2026-04-14,daa,SHY,0.1064,0.0022,0.0045,0.0126,0.0365
2026-04-14,daa,SPY,1.0721,0.0499,0.0002,0.0679,0.3370
2026-04-14,daa,TLT,0.1395,0.0092,0.0034,-0.0185,0.0523
2026-04-14,daa,VGK,1.7183,0.0805,0.0294,0.1318,0.3708
2026-04-14,daa,VNQ,0.9187,0.0282,0.0577,0.0850,0.1799
2026-04-14,daa,VWO,1.6498,0.0722,0.0290,0.1241,0.4195
2026-04-14,vaa,AGG,0.2124,0.0082,0.0055,0.0122,0.0673
2026-04-14,vaa,EEM,2.3776,0.0920,0.0705,0.2113,0.5692
2026-04-14,vaa,EFA,1.7591,0.0759,0.0422,0.1436,0.3929
2026-04-14,vaa,IEF,0.1286,0.0038,0.0038,0.0056,0.0565
2026-04-14,vaa,LQD,0.3929,0.0211,0.0066,0.0103,0.0933
2026-04-14,vaa,SHY,0.1061,0.0022,0.0045,0.0126,0.0365
2026-04-14,vaa,SPY,1.0750,0.0500,0.0004,0.0681,0.3372
2026-04-14,paa,DBC,2.1094,0.0014,0.2398,0.3465,0.4405
2026-04-14,paa,EEM,2.3794,0.0921,0.0706,0.2114,0.5693
2026-04-14,paa,EWJ,1.8713,0.0717,0.0475,0.1828,0.4549
2026-04-14,paa,GLD,0.6248,-0.0398,0.0480,0.1987,0.5135
2026-04-14,paa,HYG,0.4825,0.0217,0.0083,0.0369,0.1155
2026-04-14,paa,IEF,0.1286,0.0038,0.0038,0.0056,0.0565
2026-04-14,paa,IWM,1.9814,0.0915,0.0293,0.1357,0.4946
2026-04-14,paa,LQD,0.3929,0.0211,0.0066,0.0103,0.0933
2026-04-14,paa,QQQ,1.2247,0.0567,0.0004,0.0657,0.4112
2026-04-14,paa,SHY,0.1059,0.0022,0.0045,0.0126,0.0365
2026-04-14,paa,SPY,1.0734,0.0499,0.0003,0.0680,0.3371
2026-04-14,paa,TLT,0.1435,0.0094,0.0036,-0.0183,0.0525
2026-04-14,paa,VGK,1.7224,0.0807,0.0296,0.1320,0.3711
2026-04-14,paa,VNQ,0.9219,0.0283,0.0578,0.0852,0.1801
2026-04-14,baa_g12,DBC,2.1094,0.0014,0.2398,0.3465,0.4405
2026-04-14,baa_g12,EEM,2.3776,0.0920,0.0705,0.2113,0.5692
2026-04-14,baa_g12,EWJ,1.8678,0.0716,0.0473,0.1826,0.4547
2026-04-14,baa_g12,GLD,0.6156,-0.0403,0.0475,0.1982,0.5128
2026-04-14,baa_g12,HYG,0.4825,0.0217,0.0083,0.0369,0.1155
2026-04-14,baa_g12,IEF,0.1276,0.0038,0.0037,0.0055,0.0564
2026-04-14,baa_g12,IWM,1.9790,0.0914,0.0292,0.1356,0.4944
2026-04-14,baa_g12,LQD,0.3921,0.0210,0.0065,0.0103,0.0933
2026-04-14,baa_g12,QQQ,1.2221,0.0566,0.0002,0.0655,0.4110
2026-04-14,baa_g12,SHY,0.1076,0.0023,0.0046,0.0127,0.0366
2026-04-14,baa_g12,SPY,1.0717,0.0498,0.0002,0.0679,0.3370
2026-04-14,baa_g12,TLT,0.1413,0.0093,0.0035,-0.0184,0.0524
2026-04-14,baa_g12,VGK,1.7177,0.0805,0.0294,0.1318,0.3707
2026-04-14,baa_g12,VNQ,0.9208,0.0283,0.0578,0.0851,0.1800
2026-04-14,baa_g4,AGG,0.2130,0.0082,0.0056,0.0123,0.0673
2026-04-14,baa_g4,EEM,2.3742,0.0918,0.0703,0.2111,0.5690
2026-04-14,baa_g4,EFA,1.7541,0.0756,0.0419,0.1433,0.3926
2026-04-14,baa_g4,IEF,0.1261,0.0037,0.0037,0.0055,0.0563
2026-04-14,baa_g4,LQD,0.3894,0.0209,0.0064,0.0101,0.0931
2026-04-14,baa_g4,SHY,0.1064,0.0022,0.0045,0.0126,0.0365
2026-04-14,baa_g4,SPY,1.0696,0.0497,0.0001,0.0678,0.3368
2026-04-14,gem,AGG,0.0673,0.0082,0.0056,0.0123,0.0673
2026-04-14,gem,EFA,0.3928,0.0758,0.0421,0.1435,0.3928
2026-04-14,gem,SPY,0.3369,0.0498,0.0002,0.0679,0.3369
2026-04-14,haa,AGG,0.2132,0.0082,0.0056,0.0123,0.0673
2026-04-14,haa,EEM,2.3742,0.0918,0.0703,0.2111,0.5690
2026-04-14,haa,EFA,1.7591,0.0759,0.0422,0.1436,0.3929
2026-04-14,haa,IEF,0.1266,0.0037,0.0037,0.0055,0.0564
2026-04-14,haa,LQD,0.3894,0.0209,0.0064,0.0101,0.0931
2026-04-14,haa,SHY,0.1064,0.0022,0.0045,0.0126,0.0365
2026-04-14,haa,SPY,1.0744,0.0500,0.0003,0.0680,0.3372
2026-04-14,permanent,BIL,0.1456,0.0028,0.0088,0.0183,0.0401
2026-04-14,permanent,GLD,0.6163,-0.0403,0.0475,0.1982,0.5129
2026-04-14,permanent,SPY,1.0730,0.0499,0.0003,0.0680,0.3371
2026-04-14,permanent,TLT,0.1391,0.0092,0.0033,-0.0185,0.0523
2026-04-14,all_weather,DBC,2.1094,0.0014,0.2398,0.3465,0.4405
2026-04-14,all_weather,GLD,0.6168,-0.0402,0.0475,0.1983,0.5129
2026-04-14,all_weather,IEF,0.1266,0.0037,0.0037,0.0055,0.0564
2026-04-14,all_weather,SPY,1.0735,0.0499,0.0003,0.0680,0.3371
2026-04-14,all_weather,TLT,0.1413,0.0093,0.0035,-0.0184,0.0524
2026-04-14,golden_butterfly,GLD,0.6150,-0.0403,0.0474,0.1981,0.5128
2026-04-14,golden_butterfly,SHY,0.1064,0.0022,0.0045,0.0126,0.0365
2026-04-14,golden_butterfly,SPY,1.0734,0.0499,0.0003,0.0680,0.3371
2026-04-14,golden_butterfly,TLT,0.1413,0.0093,0.0035,-0.0184,0.0524
2026-04-14,golden_butterfly,VBR,1.5573,0.0634,0.0338,0.1442,0.3733
2026-04-14,gtaa,DBC,2.1094,0.0014,0.2398,0.3465,0.4405
2026-04-14,gtaa,EFA,1.7611,0.0760,0.0423,0.1437,0.3930
2026-04-14,gtaa,IEF,0.1266,0.0037,0.0037,0.0055,0.0564
2026-04-14,gtaa,SHY,0.1064,0.0022,0.0045,0.0126,0.0365
2026-04-14,gtaa,SPY,1.0735,0.0499,0.0003,0.0680,0.3371
2026-04-14,gtaa,VNQ,0.9219,0.0283,0.0578,0.0852,0.1801
2026-04-14,ivy,DBC,2.1094,0.0014,0.2398,0.3465,0.4405
2026-04-14,ivy,EFA,1.7601,0.0759,0.0422,0.1436,0.3930
2026-04-14,ivy,IEF,0.1266,0.0037,0.0037,0.0055,0.0564
2026-04-14,ivy,SHY,0.1064,0.0022,0.0045,0.0126,0.0365
2026-04-14,ivy,VNQ,0.9219,0.0283,0.0578,0.0852,0.1801
2026-04-14,ivy,VTI,1.1240,0.0529,0.0010,0.0701,0.3454
2026-04-14,faa,AGG,0.0536,0.0083,0.0056,0.0123,0.0674
2026-04-14,faa,DBC,0.5274,0.0014,0.2398,0.3465,0.4405
2026-04-14,faa,EEM,0.5931,0.0917,0.0702,0.2110,0.5688
2026-04-14,faa,EFA,0.4398,0.0759,0.0422,0.1436,0.3929
2026-04-14,faa,SHY,0.0265,0.0022,0.0045,0.0126,0.0365
2026-04-14,faa,SPY,0.2684,0.0499,0.0003,0.0680,0.3371
2026-04-14,faa,VNQ,0.2305,0.0283,0.0578,0.0852,0.1801
2026-04-14,eaa,DBC,0.5274,0.0014,0.2398,0.3465,0.4405
2026-04-14,eaa,EEM,0.5935,0.0918,0.0703,0.2111,0.5690
2026-04-14,eaa,EFA,0.4398,0.0759,0.0422,0.1436,0.3929
2026-04-14,eaa,GLD,0.1543,-0.0402,0.0476,0.1983,0.5129
2026-04-14,eaa,IEF,0.0316,0.0037,0.0037,0.0055,0.0564
2026-04-14,eaa,SHY,0.0264,0.0022,0.0045,0.0126,0.0365
2026-04-14,eaa,SPY,0.2683,0.0499,0.0003,0.0680,0.3371
2026-04-14,eaa,VNQ,0.2299,0.0282,0.0577,0.0851,0.1799
2026-04-14,laa,GLD,0.6172,-0.0402,0.0476,0.1983,0.5129
2026-04-14,laa,IEF,0.1266,0.0037,0.0037,0.0055,0.0564
2026-04-14,laa,IWD,1.3046,0.0486,0.0342,0.1345,0.3161
2026-04-14,laa,QQQ,1.2242,0.0567,0.0003,0.0656,0.4112
2026-04-14,laa,SHY,0.1076,0.0023,0.0046,0.0127,0.0366
2026-04-14,laa,SPY,1.0730,0.0499,0.0003,0.0680,0.3371
2026-04-15,daa,BND,0.1353,0.0037,0.0040,0.0057,0.0629
2026-04-15,daa,DBC,2.3671,0.0242,0.2407,0.3410,0.4320
2026-04-15,daa,EEM,1.9945,0.0653,0.0814,0.1802,0.5255
2026-04-15,daa,EWJ,1.5187,0.0465,0.0542,0.1648,0.4145
2026-04-15,daa,GLD,0.5237,-0.0406,0.0477,0.1684,0.4827
2026-04-15,daa,HYG,0.4072,0.0174,0.0072,0.0294,0.1110
2026-04-15,daa,IEF,0.0606,-0.0014,0.0018,0.0043,0.0617
2026-04-15,daa,IWM,1.7762,0.0812,0.0298,0.1048,0.4729
2026-04-15,daa,LQD,0.2943,0.0149,0.0031,0.0056,0.0921
2026-04-15,daa,QQQ,1.2431,0.0566,0.0130,0.0551,0.4011
2026-04-15,daa,SHY,0.0899,0.0010,0.0043,0.0107,0.0385
2026-04-15,daa,SPY,1.0121,0.0453,0.0080,0.0578,0.3211
2026-04-15,daa,TLT,-0.0004,-0.0004,-0.0002,-0.0198,0.0446
2026-04-15,daa,VGK,1.3884,0.0583,0.0304,0.1192,0.3294
2026-04-15,daa,VNQ,0.8251,0.0228,0.0550,0.0814,0.1692
2026-04-15,daa,VWO,1.4045,0.0560,0.0382,0.0971,0.3856
2026-04-15,vaa,AGG,0.1433,0.0035,0.0038,0.0095,0.0675
2026-04-15,vaa,EEM,1.9928,0.0652,0.0813,0.1801,0.5254
2026-04-15,vaa,EFA,1.4139,0.0520,0.0441,0.1300,0.3536
2026-04-15,vaa,IEF,0.0611,-0.0014,0.0018,0.0044,0.0617
2026-04-15,vaa,LQD,0.2943,0.0149,0.0031,0.0056,0.0921
2026-04-15,vaa,SHY,0.0899,0.0010,0.0043,0.0107,0.0385
2026-04-15,vaa,SPY,1.0121,0.0453,0.0080,0.0578,0.3211
2026-04-15,paa,DBC,2.3597,0.0238,0.2403,0.3405,0.4315
2026-04-15,paa,EEM,1.9928,0.0652,0.0813,0.1801,0.5254
2026-04-15,paa,EWJ,1.5199,0.0465,0.0542,0.1649,0.4146
2026-04-15,paa,GLD,0.5257,-0.0405,0.0478,0.1685,0.4829
2026-04-15,paa,HYG,0.4072,0.0174,0.0072,0.0294,0.1110
2026-04-15,paa,IEF,0.0606,-0.0014,0.0018,0.0043,0.0617
2026-04-15,paa,IWM,1.7758,0.0812,0.0298,0.1048,0.4729
2026-04-15,paa,LQD,0.2943,0.0149,0.0031,0.0056,0.0921
2026-04-15,paa,QQQ,1.2387,0.0564,0.0128,0.0549,0.4008
2026-04-15,paa,SHY,0.0889,0.0010,0.0043,0.0107,0.0384
2026-04-15,paa,SPY,1.0101,0.0452,0.0079,0.0577,0.3210
2026-04-15,paa,TLT,0.0018,-0.0003,-0.0001,-0.0197,0.0448
2026-04-15,paa,VGK,1.3849,0.0581,0.0302,0.1190,0.3291
2026-04-15,paa,VNQ,0.8262,0.0228,0.0551,0.0815,0.1692
2026-04-15,baa_g12,DBC,2.3487,0.0233,0.2396,0.3398,0.4307
2026-04-15,baa_g12,EEM,1.9897,0.0650,0.0811,0.1799,0.5252
2026-04-15,baa_g12,EWJ,1.5176,0.0464,0.0541,0.1647,0.4145
2026-04-15,baa_g12,GLD,0.5275,-0.0404,0.0479,0.1686,0.4830
2026-04-15,baa_g12,HYG,0.4072,0.0174,0.0072,0.0294,0.1110
2026-04-15,baa_g12,IEF,0.0627,-0.0013,0.0019,0.0044,0.0618
2026-04-15,baa_g12,IWM,1.7758,0.0812,0.0298,0.1048,0.4729
2026-04-15,baa_g12,LQD,0.2961,0.0150,0.0032,0.0057,0.0922
2026-04-15,baa_g12,QQQ,1.2384,0.0564,0.0128,0.0549,0.4008
2026-04-15,baa_g12,SHY,0.0899,0.0010,0.0043,0.0107,0.0385
2026-04-15,baa_g12,SPY,1.0128,0.0453,0.0080,0.0579,0.3212
2026-04-15,baa_g12,TLT,0.0018,-0.0003,-0.0001,-0.0197,0.0448
2026-04-15,baa_g12,VGK,1.3849,0.0581,0.0302,0.1190,0.3291
2026-04-15,baa_g12,VNQ,0.8304,0.0230,0.0553,0.0817,0.1695
2026-04-15,baa_g4,AGG,0.1452,0.0036,0.0039,0.0096,0.0677
2026-04-15,baa_g4,EEM,1.9928,0.0652,0.0813,0.1801,0.5254
2026-04-15,baa_g4,EFA,1.4139,0.0520,0.0441,0.1300,0.3536
2026-04-15,baa_g4,IEF,0.0626,-0.0013,0.0019,0.0044,0.0618
2026-04-15,baa_g4,LQD,0.2952,0.0149,0.0032,0.0056,0.0922
2026-04-15,baa_g4,SHY,0.0899,0.0010,0.0043,0.0107,0.0385
2026-04-15,baa_g4,SPY,1.0137,0.0454,0.0081,0.0579,0.3212
2026-04-15,gem,AGG,0.0677,0.0036,0.0039,0.0096,0.0677
2026-04-15,gem,EFA,0.3536,0.0520,0.0442,0.1301,0.3536
2026-04-15,gem,SPY,0.3212,0.0453,0.0081,0.0579,0.3212
2026-04-15,haa,AGG,0.1457,0.0036,0.0039,0.0096,0.0677
2026-04-15,haa,EEM,1.9895,0.0650,0.0811,0.1799,0.5252
2026-04-15,haa,EFA,1.4149,0.0520,0.0442,0.1301,0.3536
2026-04-15,haa,IEF,0.0626,-0.0013,0.0019,0.0044,0.0618
2026-04-15,haa,LQD,0.2952,0.0149,0.0032,0.0056,0.0922
2026-04-15,haa,SHY,0.0924,0.0012,0.0045,0.0109,0.0386
2026-04-15,haa,SPY,1.0128,0.0453,0.0080,0.0579,0.3212
2026-04-15,permanent,BIL,0.1477,0.0030,0.0089,0.0184,0.0398
2026-04-15,permanent,GLD,0.5262,-0.0404,0.0479,0.1685,0.4829
2026-04-15,permanent,SPY,1.0118,0.0453,0.0080,0.0578,0.3211
2026-04-15,permanent,TLT,-0.0004,-0.0004,-0.0002,-0.0198,0.0446
2026-04-15,all_weather,DBC,2.3560,0.0237,0.2400,0.3403,0.4312
2026-04-15,all_weather,GLD,0.5253,-0.0405,0.0478,0.1685,0.4829
2026-04-15,all_weather,IEF,0.0616,-0.0014,0.0019,0.0044,0.0618
2026-04-15,all_weather,SPY,1.0115,0.0452,0.0080,0.0578,0.3211
2026-04-15,all_weather,TLT,0.0018,-0.0003,-0.0001,-0.0197,0.0448
2026-04-15,golden_butterfly,GLD,0.5279,-0.0404,0.0480,0.1686,0.4831
2026-04-15,golden_butterfly,SHY,0.0912,0.0011,0.0044,0.0108,0.0385
2026-04-15,golden_butterfly,SPY,1.0121,0.0453,0.0080,0.0578,0.3211
2026-04-15,golden_butterfly,TLT,0.0018,-0.0003,-0.0001,-0.0197,0.0448
2026-04-15,golden_butterfly,VBR,1.3619,0.0543,0.0293,0.1203,0.3525
2026-04-15,gtaa,DBC,2.3560,0.0237,0.2400,0.3403,0.4312
2026-04-15,gtaa,EFA,1.4070,0.0516,0.0438,0.1296,0.3531
2026-04-15,gtaa,IEF,0.0606,-0.0014,0.0018,0.0043,0.0617
2026-04-15,gtaa,SHY,0.0924,0.0012,0.0045,0.0109,0.0386
2026-04-15,gtaa,SPY,1.0091,0.0451,0.0078,0.0577,0.3209
2026-04-15,gtaa,VNQ,0.8304,0.0230,0.0553,0.0817,0.1695
2026-04-15,ivy,DBC,2.3634,0.0240,0.2405,0.3408,0.4317
2026-04-15,ivy,EFA,1.4040,0.0515,0.0436,0.1295,0.3529
2026-04-15,ivy,IEF,0.0616,-0.0014,0.0019,0.0044,0.0618
2026-04-15,ivy,SHY,0.0924,0.0012,0.0045,0.0109,0.0386
2026-04-15,ivy,VNQ,0.8304,0.0230,0.0553,0.0817,0.1695
2026-04-15,ivy,VTI,1.0459,0.0473,0.0079,0.0584,0.3297
2026-04-15,faa,AGG,0.0358,0.0035,0.0038,0.0095,0.0675
2026-04-15,faa,DBC,0.5908,0.0240,0.2405,0.3408,0.4317
2026-04-15,faa,EEM,0.4940,0.0643,0.0804,0.1791,0.5242
2026-04-15,faa,EFA,0.3505,0.0514,0.0435,0.1294,0.3528
2026-04-15,faa,SHY,0.0231,0.0012,0.0045,0.0109,0.0386
2026-04-15,faa,SPY,0.2516,0.0450,0.0077,0.0575,0.3208
2026-04-15,faa,VNQ,0.2063,0.0228,0.0550,0.0814,0.1692
2026-04-15,eaa,DBC,0.5908,0.0240,0.2405,0.3408,0.4317
2026-04-15,eaa,EEM,0.4940,0.0643,0.0804,0.1791,0.5242
2026-04-15,eaa,EFA,0.3505,0.0514,0.0435,0.1294,0.3528
2026-04-15,eaa,GLD,0.1283,-0.0411,0.0472,0.1678,0.4820
2026-04-15,eaa,IEF,0.0152,-0.0014,0.0018,0.0043,0.0617
2026-04-15,eaa,SHY,0.0231,0.0012,0.0045,0.0109,0.0386
2026-04-15,eaa,SPY,0.2503,0.0447,0.0074,0.0573,0.3204
2026-04-15,eaa,VNQ,0.2065,0.0228,0.0551,0.0815,0.1692
2026-04-15,laa,GLD,0.5102,-0.0412,0.0470,0.1676,0.4817
2026-04-15,laa,IEF,0.0606,-0.0014,0.0018,0.0043,0.0617
2026-04-15,laa,IWD,1.0810,0.0356,0.0314,0.1183,0.2913
2026-04-15,laa,QQQ,1.2189,0.0554,0.0118,0.0539,0.3994
2026-04-15,laa,SHY,0.0924,0.0012,0.0045,0.0109,0.0386
2026-04-15,laa,SPY,0.9973,0.0445,0.0073,0.0571,0.3202
2026-04-16,daa,BND,0.0732,0.0006,0.0009,0.0031,0.0557
2026-04-16,daa,DBC,2.3976,0.0176,0.2512,0.3688,0.4446
2026-04-16,daa,EEM,1.9928,0.0631,0.0815,0.1959,0.5182
2026-04-16,daa,EWJ,1.5122,0.0499,0.0504,0.1578,0.3964
2026-04-16,daa,GLD,0.4176,-0.0423,0.0326,0.1551,0.4848
2026-04-16,daa,HYG,0.3191,0.0115,0.0059,0.0269,0.1041
2026-04-16,daa,IEF,-0.0074,-0.0045,-0.0016,0.0004,0.0519
2026-04-16,daa,IWM,1.6680,0.0770,0.0251,0.0920,0.4594
2026-04-16,daa,LQD,0.1461,0.0062,-0.0024,-0.0007,0.0822
2026-04-16,daa,QQQ,1.4469,0.0628,0.0349,0.0736,0.4066
2026-04-16,daa,SHY,0.0889,0.0010,0.0042,0.0116,0.0363
2026-04-16,daa,SPY,1.0889,0.0477,0.0180,0.0644,0.3150
2026-04-16,daa,TLT,-0.1693,-0.0083,-0.0112,-0.0280,0.0318
2026-04-16,daa,VGK,1.2012,0.0486,0.0215,0.1095,0.3132
2026-04-16,daa,VNQ,0.8548,0.0268,0.0547,0.0794,0.1551
2026-04-16,daa,VWO,1.3965,0.0539,0.0385,0.1096,0.3762
2026-04-16,vaa,AGG,0.0809,0.0002,0.0011,0.0067,0.0600
2026-04-16,vaa,EEM,2.0028,0.0636,0.0820,0.1965,0.5189
2026-04-16,vaa,EFA,1.2545,0.0449,0.0351,0.1205,0.3338
2026-04-16,vaa,IEF,-0.0084,-0.0045,-0.0016,0.0004,0.0518
2026-04-16,vaa,LQD,0.1463,0.0062,-0.0024,-0.0007,0.0822
2026-04-16,vaa,SHY,0.0880,0.0010,0.0042,0.0115,0.0363
2026-04-16,vaa,SPY,1.0897,0.0478,0.0181,0.0645,0.3150
2026-04-16,paa,DBC,2.3976,0.0176,0.2512,0.3688,0.4446
2026-04-16,paa,EEM,1.9961,0.0632,0.0816,0.1961,0.5185
2026-04-16,paa,EWJ,1.5088,0.0497,0.0502,0.1576,0.3961
2026-04-16,paa,GLD,0.4174,-0.0423,0.0326,0.1550,0.4848
2026-04-16,paa,HYG,0.3203,0.0115,0.0060,0.0270,0.1041
2026-04-16,paa,IEF,-0.0084,-0.0045,-0.0016,0.0004,0.0518
2026-04-16,paa,IWM,1.6625,0.0767,0.0248,0.0917,0.4590
2026-04-16,paa,LQD,0.1470,0.0063,-0.0023,-0.0006,0.0823
2026-04-16,paa,QQQ,1.4416,0.0625,0.0347,0.0733,0.4062
2026-04-16,paa,SHY,0.0880,0.0010,0.0042,0.0115,0.0363
2026-04-16,paa,SPY,1.0912,0.0479,0.0182,0.0645,0.3151
2026-04-16,paa,TLT,-0.1671,-0.0082,-0.0111,-0.0279,0.0319
2026-04-16,paa,VGK,1.2012,0.0486,0.0215,0.1095,0.3132
2026-04-16,paa,VNQ,0.8558,0.0269,0.0548,0.0795,0.1552
2026-04-16,baa_g12,DBC,2.3976,0.0176,0.2512,0.3688,0.4446
2026-04-16,baa_g12,EEM,1.9961,0.0632,0.0816,0.1961,0.5185
2026-04-16,baa_g12,EWJ,1.5145,0.0500,0.0505,0.1579,0.3965
2026-04-16,baa_g12,GLD,0.4200,-0.0422,0.0328,0.1552,0.4850
2026-04-16,baa_g12,HYG,0.3191,0.0115,0.0059,0.0269,0.1041
2026-04-16,baa_g12,IEF,-0.0074,-0.0045,-0.0016,0.0004,0.0519
2026-04-16,baa_g12,IWM,1.6671,0.0770,0.0250,0.0919,0.4593
2026-04-16,baa_g12,LQD,0.1461,0.0062,-0.0024,-0.0007,0.0822
2026-04-16,baa_g12,QQQ,1.4418,0.0625,0.0347,0.0733,0.4062
2026-04-16,baa_g12,SHY,0.0869,0.0009,0.0041,0.0115,0.0362
2026-04-16,baa_g12,SPY,1.0906,0.0478,0.0181,0.0645,0.3151
2026-04-16,baa_g12,TLT,-0.1693,-0.0083,-0.0112,-0.0280,0.0318
2026-04-16,baa_g12,VGK,1.1977,0.0484,0.0214,0.1093,0.3130
2026-04-16,baa_g12,VNQ,0.8631,0.0273,0.0552,0.0799,0.1556
2026-04-16,baa_g4,AGG,0.0817,0.0003,0.0012,0.0067,0.0601
2026-04-16,baa_g4,EEM,1.9961,0.0632,0.0816,0.1961,0.5185
2026-04-16,baa_g4,EFA,1.2545,0.0449,0.0351,0.1205,0.3338
2026-04-16,baa_g4,IEF,-0.0091,-0.0046,-0.0017,0.0004,0.0518
2026-04-16,baa_g4,LQD,0.1470,0.0063,-0.0023,-0.0006,0.0823
2026-04-16,baa_g4,SHY,0.0869,0.0009,0.0041,0.0115,0.0362
2026-04-16,baa_g4,SPY,1.0926,0.0479,0.0182,0.0646,0.3152
2026-04-16,gem,AGG,0.0600,0.0002,0.0011,0.0066,0.0600
2026-04-16,gem,EFA,0.3338,0.0449,0.0351,0.1205,0.3338
2026-04-16,gem,SPY,0.3151,0.0478,0.0181,0.0645,0.3151
2026-04-16,haa,AGG,0.0798,0.0002,0.0011,0.0066,0.0600
2026-04-16,haa,EEM,1.9961,0.0632,0.0816,0.1961,0.5185
2026-04-16,haa,EFA,1.2545,0.0449,0.0351,0.1205,0.3338
2026-04-16,haa,IEF,-0.0091,-0.0046,-0.0017,0.0004,0.0518
2026-04-16,haa,LQD,0.1461,0.0062,-0.0024,-0.0007,0.0822
2026-04-16,haa,SHY,0.0882,0.0010,0.0042,0.0116,0.0363
2026-04-16,haa,SPY,1.0915,0.0479,0.0182,0.0646,0.3152
2026-04-16,permanent,BIL,0.1475,0.0029,0.0088,0.0185,0.0399
2026-04-16,permanent,GLD,0.4246,-0.0420,0.0330,0.1555,0.4853
2026-04-16,permanent,SPY,1.0915,0.0479,0.0182,0.0646,0.3152
2026-04-16,permanent,TLT,-0.1693,-0.0083,-0.0112,-0.0280,0.0318
2026-04-16,all_weather,DBC,2.3940,0.0174,0.2510,0.3686,0.4444
2026-04-16,all_weather,GLD,0.4266,-0.0419,0.0331,0.1556,0.4855
2026-04-16,all_weather,IEF,-0.0091,-0.0046,-0.0017,0.0004,0.0518
2026-04-16,all_weather,SPY,1.0926,0.0479,0.0182,0.0646,0.3152
2026-04-16,all_weather,TLT,-0.1664,-0.0082,-0.0110,-0.0279,0.0320
2026-04-16,golden_butterfly,GLD,0.4253,-0.0419,0.0330,0.1555,0.4854
2026-04-16,golden_butterfly,SHY,0.0882,0.0010,0.0042,0.0116,0.0363
2026-04-16,golden_butterfly,SPY,1.0929,0.0480,0.0182,0.0646,0.3153
2026-04-16,golden_butterfly,TLT,-0.1671,-0.0082,-0.0111,-0.0279,0.0319
2026-04-16,golden_butterfly,VBR,1.2835,0.0507,0.0283,0.1107,0.3409
2026-04-16,gtaa,DBC,2.3940,0.0174,0.2510,0.3686,0.4444
2026-04-16,gtaa,EFA,1.2595,0.0452,0.0354,0.1207,0.3341
2026-04-16,gtaa,IEF,-0.0084,-0.0045,-0.0016,0.0004,0.0518
2026-04-16,gtaa,SHY,0.0882,0.0010,0.0042,0.0116,0.0363
2026-04-16,gtaa,SPY,1.0966,0.0481,0.0184,0.0648,0.3155
2026-04-16,gtaa,VNQ,0.8652,0.0274,0.0553,0.0800,0.1557
2026-04-16,ivy,DBC,2.3976,0.0176,0.2512,0.3688,0.4446
2026-04-16,ivy,EFA,1.2595,0.0452,0.0354,0.1207,0.3341
2026-04-16,ivy,IEF,-0.0084,-0.0045,-0.0016,0.0004,0.0518
2026-04-16,ivy,SHY,0.0882,0.0010,0.0042,0.0116,0.0363
2026-04-16,ivy,VNQ,0.8642,0.0273,0.0552,0.0799,0.1557
2026-04-16,ivy,VTI,1.1157,0.0494,0.0173,0.0644,0.3247
2026-04-16,faa,AGG,0.0202,0.0002,0.0011,0.0067,0.0600
2026-04-16,faa,DBC,0.5994,0.0176,0.2512,0.3688,0.4446
2026-04-16,faa,EEM,0.4994,0.0633,0.0817,0.1962,0.5186
2026-04-16,faa,EFA,0.3151,0.0452,0.0354,0.1208,0.3342
2026-04-16,faa,SHY,0.0221,0.0010,0.0042,0.0116,0.0363
2026-04-16,faa,SPY,0.2739,0.0481,0.0184,0.0648,0.3154
2026-04-16,faa,VNQ,0.2160,0.0273,0.0552,0.0799,0.1557
2026-04-16,eaa,DBC,0.5994,0.0176,0.2512,0.3688,0.4446
2026-04-16,eaa,EEM,0.5000,0.0634,0.0818,0.1964,0.5187
2026-04-16,eaa,EFA,0.3154,0.0453,0.0355,0.1209,0.3343
2026-04-16,eaa,GLD,0.1079,-0.0416,0.0334,0.1559,0.4859
2026-04-16,eaa,IEF,-0.0016,-0.0044,-0.0015,0.0005,0.0519
2026-04-16,eaa,SHY,0.0221,0.0010,0.0042,0.0116,0.0363
2026-04-16,eaa,SPY,0.2734,0.0480,0.0183,0.0647,0.3153
2026-04-16,eaa,VNQ,0.2160,0.0273,0.0552,0.0799,0.1557
2026-04-16,laa,GLD,0.4317,-0.0416,0.0334,0.1559,0.4859
2026-04-16,laa,IEF,-0.0064,-0.0044,-0.0015,0.0005,0.0519
2026-04-16,laa,IWD,1.0693,0.0356,0.0325,0.1151,0.2819
2026-04-16,laa,QQQ,1.4470,0.0628,0.0349,0.0736,0.4066
2026-04-16,laa,SHY,0.0882,0.0010,0.0042,0.0116,0.0363
2026-04-16,laa,SPY,1.0916,0.0479,0.0182,0.0646,0.3152
2026-04-17,daa,BND,0.2174,0.0095,0.0071,0.0086,0.0581
2026-04-17,daa,DBC,1.4146,-0.0381,0.2136,0.3121,0.3931
2026-04-17,daa,EEM,2.6707,0.1095,0.0993,0.2031,0.5538
2026-04-17,daa,EWJ,1.8763,0.0765,0.0605,0.1560,0.4047
2026-04-17,daa,GLD,1.1025,0.0055,0.0564,0.1544,0.5018
2026-04-17,daa,HYG,0.4614,0.0214,0.0106,0.0283,0.1061
2026-04-17,daa,IEF,0.1698,0.0061,0.0065,0.0076,0.0551
2026-04-17,daa,IWM,2.4315,0.1268,0.0459,0.1131,0.5003
2026-04-17,daa,LQD,0.3319,0.0181,0.0052,0.0056,0.0832
2026-04-17,daa,QQQ,1.8831,0.0928,0.0456,0.0810,0.4246
2026-04-17,daa,SHY,0.1508,0.0048,0.0068,0.0140,0.0383
2026-04-17,daa,SPY,1.5566,0.0787,0.0306,0.0758,0.3386
2026-04-17,daa,TLT,0.0729,0.0064,-0.0019,-0.0170,0.0376
2026-04-17,daa,VGK,1.8829,0.0924,0.0460,0.1308,0.3281
2026-04-17,daa,VNQ,1.3723,0.0629,0.0682,0.0851,0.1744
2026-04-17,daa,VWO,1.9919,0.0954,0.0540,0.1144,0.4028
2026-04-17,vaa,AGG,0.2295,0.0094,0.0074,0.0121,0.0631
2026-04-17,vaa,EEM,2.6758,0.1097,0.0996,0.2034,0.5542
2026-04-17,vaa,EFA,1.8434,0.0835,0.0554,0.1365,0.3472
2026-04-17,vaa,IEF,0.1698,0.0061,0.0065,0.0076,0.0551
2026-04-17,vaa,LQD,0.3345,0.0182,0.0053,0.0057,0.0833
2026-04-17,vaa,SHY,0.1496,0.0047,0.0068,0.0139,0.0382
2026-04-17,vaa,SPY,1.5574,0.0787,0.0307,0.0758,0.3387
2026-04-17,paa,DBC,1.4146,-0.0381,0.2136,0.3121,0.3931
2026-04-17,paa,EEM,2.6775,0.1098,0.0997,0.2035,0.5543
2026-04-17,paa,EWJ,1.8752,0.0764,0.0604,0.1560,0.4047
2026-04-17,paa,GLD,1.1036,0.0056,0.0564,0.1545,0.5019
2026-04-17,paa,HYG,0.4662,0.0216,0.0108,0.0286,0.1064
2026-04-17,paa,IEF,0.1708,0.0062,0.0066,0.0077,0.0551
2026-04-17,paa,IWM,2.4377,0.1271,0.0462,0.1134,0.5007
2026-04-17,paa,LQD,0.3328,0.0181,0.0052,0.0057,0.0832
2026-04-17,paa,QQQ,1.8916,0.0933,0.0460,0.0814,0.4252
2026-04-17,paa,SHY,0.1508,0.0048,0.0068,0.0140,0.0383
2026-04-17,paa,SPY,1.5626,0.0790,0.0309,0.0761,0.3390
2026-04-17,paa,TLT,0.0718,0.0064,-0.0020,-0.0171,0.0375
2026-04-17,paa,VGK,1.8841,0.0925,0.0461,0.1309,0.3282
2026-04-17,paa,VNQ,1.5283,0.0635,0.0911,0.1074,0.1877
2026-04-17,baa_g12,DBC,1.4218,-0.0378,0.2140,0.3126,0.3936
2026-04-17,baa_g12,EEM,2.6877,0.1103,0.1002,0.2040,0.5551
2026-04-17,baa_g12,EWJ,1.8856,0.0769,0.0609,0.1566,0.4054
2026-04-17,baa_g12,GLD,1.1007,0.0054,0.0563,0.1543,0.5016
2026-04-17,baa_g12,HYG,0.4686,0.0217,0.0109,0.0287,0.1066
2026-04-17,baa_g12,IEF,0.1698,0.0061,0.0065,0.0076,0.0551
2026-04-17,baa_g12,IWM,2.4446,0.1275,0.0466,0.1138,0.5012
2026-04-17,baa_g12,LQD,0.3345,0.0182,0.0053,0.0057,0.0833
2026-04-17,baa_g12,QQQ,1.8951,0.0935,0.0462,0.0816,0.4254
2026-04-17,baa_g12,SHY,0.1496,0.0047,0.0068,0.0139,0.0382
2026-04-17,baa_g12,SPY,1.5647,0.0791,0.0311,0.0762,0.3392
2026-04-17,baa_g12,TLT,0.0718,0.0064,-0.0020,-0.0171,0.0375
2026-04-17,baa_g12,VGK,1.8946,0.0930,0.0466,0.1314,0.3288
2026-04-17,baa_g12,VNQ,1.3786,0.0632,0.0686,0.0854,0.1748
2026-04-17,baa_g4,AGG,0.2295,0.0094,0.0074,0.0121,0.0631
2026-04-17,baa_g4,EEM,2.6928,0.1106,0.1004,0.2043,0.5554
2026-04-17,baa_g4,EFA,1.8513,0.0839,0.0558,0.1369,0.3477
2026-04-17,baa_g4,IEF,0.1698,0.0061,0.0065,0.0076,0.0551
2026-04-17,baa_g4,LQD,0.3354,0.0182,0.0054,0.0058,0.0834
2026-04-17,baa_g4,SHY,0.1508,0.0048,0.0068,0.0140,0.0383
2026-04-17,baa_g4,SPY,1.5673,0.0792,0.0312,0.0763,0.3393
2026-04-17,gem,AGG,0.0631,0.0094,0.0074,0.0121,0.0631
2026-04-17,gem,EFA,0.3477,0.0839,0.0558,0.1369,0.3477
2026-04-17,gem,SPY,0.3393,0.0791,0.0311,0.0763,0.3393
2026-04-17,haa,AGG,0.2296,0.0094,0.0074,0.0121,0.0631
2026-04-17,haa,EEM,2.6860,0.1102,0.1001,0.2039,0.5549
2026-04-17,haa,EFA,1.8464,0.0836,0.0556,0.1366,0.3474
2026-04-17,haa,IEF,0.1698,0.0061,0.0065,0.0076,0.0551
2026-04-17,haa,LQD,0.3363,0.0183,0.0054,0.0058,0.0834
2026-04-17,haa,SHY,0.1508,0.0048,0.0068,0.0140,0.0383
2026-04-17,haa,SPY,1.5684,0.0793,0.0312,0.0764,0.3394
2026-04-17,permanent,BIL,0.1497,0.0030,0.0091,0.0186,0.0400
2026-04-17,permanent,GLD,1.1113,0.0060,0.0568,0.1549,0.5024
2026-04-17,permanent,SPY,1.5679,0.0792,0.0312,0.0763,0.3394
2026-04-17,permanent,TLT,0.0729,0.0064,-0.0019,-0.0170,0.0376
2026-04-17,all_weather,DBC,1.4182,-0.0379,0.2138,0.3124,0.3934
2026-04-17,all_weather,GLD,1.1119,0.0060,0.0569,0.1549,0.5025
2026-04-17,all_weather,IEF,0.1698,0.0061,0.0065,0.0076,0.0551
2026-04-17,all_weather,SPY,1.5699,0.0794,0.0313,0.0765,0.3395
2026-04-17,all_weather,TLT,0.0729,0.0064,-0.0019,-0.0170,0.0376
2026-04-17,golden_butterfly,GLD,1.1130,0.0061,0.0569,0.1550,0.5026
2026-04-17,golden_butterfly,SHY,0.1496,0.0047,0.0068,0.0139,0.0382
2026-04-17,golden_butterfly,SPY,1.5684,0.0793,0.0312,0.0764,0.3394
2026-04-17,golden_butterfly,TLT,0.0718,0.0064,-0.0020,-0.0170,0.0375
2026-04-17,golden_butterfly,VBR,1.8536,0.0875,0.0404,0.1338,0.3746
2026-04-17,gtaa,DBC,1.4291,-0.0374,0.2144,0.3131,0.3941
2026-04-17,gtaa,EFA,1.8483,0.0837,0.0557,0.1367,0.3476
2026-04-17,gtaa,IEF,0.1718,0.0062,0.0066,0.0077,0.0552
2026-04-17,gtaa,SHY,0.1508,0.0048,0.0068,0.0140,0.0383
2026-04-17,gtaa,SPY,1.5690,0.0793,0.0313,0.0764,0.3395
2026-04-17,gtaa,VNQ,1.3786,0.0632,0.0686,0.0854,0.1748
2026-04-17,ivy,DBC,1.4291,-0.0374,0.2144,0.3131,0.3941
2026-04-17,ivy,EFA,1.8493,0.0838,0.0557,0.1368,0.3476
2026-04-17,ivy,IEF,0.1738,0.0063,0.0067,0.0078,0.0553
2026-04-17,ivy,SHY,0.1508,0.0048,0.0068,0.0140,0.0383
2026-04-17,ivy,VNQ,1.3786,0.0632,0.0686,0.0854,0.1748
2026-04-17,ivy,VTI,1.6030,0.0815,0.0308,0.0767,0.3487
2026-04-17,faa,AGG,0.0576,0.0095,0.0074,0.0121,0.0631
2026-04-17,faa,DBC,0.3573,-0.0374,0.2144,0.3131,0.3941
2026-04-17,faa,EEM,0.6702,0.1100,0.0998,0.2037,0.5546
2026-04-17,faa,EFA,0.4623,0.0838,0.0557,0.1368,0.3476
2026-04-17,faa,SHY,0.0377,0.0048,0.0068,0.0140,0.0383
2026-04-17,faa,SPY,0.3916,0.0792,0.0311,0.0763,0.3393
2026-04-17,faa,VNQ,0.3446,0.0632,0.0686,0.0854,0.1748
2026-04-17,eaa,DBC,0.3573,-0.0374,0.2144,0.3131,0.3941
2026-04-17,eaa,EEM,0.6698,0.1099,0.0998,0.2036,0.5544
2026-04-17,eaa,EFA,0.4616,0.0836,0.0556,0.1366,0.3474
2026-04-17,eaa,GLD,0.2769,0.0058,0.0566,0.1547,0.5021
2026-04-17,eaa,IEF,0.0434,0.0063,0.0067,0.0078,0.0553
2026-04-17,eaa,SHY,0.0377,0.0048,0.0068,0.0140,0.0383
2026-04-17,eaa,SPY,0.3914,0.0791,0.0311,0.0762,0.3392
2026-04-17,eaa,VNQ,0.3447,0.0632,0.0686,0.0854,0.1748
2026-04-17,laa,GLD,1.1092,0.0059,0.0567,0.1548,0.5023
2026-04-17,laa,IEF,0.1738,0.0063,0.0067,0.0078,0.0553
2026-04-17,laa,IWD,1.4898,0.0633,0.0431,0.1269,0.3039
2026-04-17,laa,QQQ,1.8937,0.0934,0.0461,0.0815,0.4253
2026-04-17,laa,SHY,0.1508,0.0048,0.0068,0.0140,0.0383
2026-04-17,laa,SPY,1.5673,0.0792,0.0312,0.0763,0.3393
2026-04-20,daa,BND,0.1614,0.0063,0.0067,0.0028,0.0530
2026-04-20,daa,DBC,2.0432,-0.0019,0.2429,0.3439,0.4068
2026-04-20,daa,EEM,2.3845,0.0934,0.0887,0.1792,0.5510
2026-04-20,daa,EWJ,1.5551,0.0601,0.0427,0.1338,0.3958
2026-04-20,daa,GLD,1.2485,0.0338,0.0464,0.1119,0.4337
2026-04-20,daa,HYG,0.3891,0.0161,0.0080,0.0300,0.1042
2026-04-20,daa,IEF,0.1268,0.0038,0.0080,0.0006,0.0480
2026-04-20,daa,IWM,2.3383,0.1161,0.0418,0.1336,0.5103
2026-04-20,daa,LQD,0.2279,0.0109,0.0054,0.0001,0.0757
2026-04-20,daa,QQQ,1.8422,0.0891,0.0396,0.0778,0.4592
2026-04-20,daa,SHY,0.1390,0.0044,0.0065,0.0120,0.0363
2026-04-20,daa,SPY,1.5223,0.0753,0.0258,0.0771,0.3615
2026-04-20,daa,TLT,-0.0538,-0.0027,0.0009,-0.0272,0.0288
2026-04-20,daa,VGK,1.6888,0.0846,0.0325,0.1118,0.3202
2026-04-20,daa,VNQ,1.3901,0.0677,0.0558,0.0894,0.1758
2026-04-20,daa,VWO,1.8639,0.0883,0.0496,0.0995,0.4064
2026-04-20,vaa,AGG,0.1730,0.0062,0.0070,0.0064,0.0575
2026-04-20,vaa,EEM,2.3878,0.0935,0.0888,0.1794,0.5512
2026-04-20,vaa,EFA,1.6184,0.0734,0.0409,0.1181,0.3375
2026-04-20,vaa,IEF,0.1278,0.0039,0.0080,0.0006,0.0481
2026-04-20,vaa,LQD,0.2279,0.0109,0.0054,0.0001,0.0757
2026-04-20,vaa,SHY,0.1390,0.0044,0.0065,0.0120,0.0363
2026-04-20,vaa,SPY,1.5187,0.0751,0.0256,0.0769,0.3612
2026-04-20,paa,DBC,2.0432,-0.0019,0.2429,0.3439,0.4068
2026-04-20,paa,EEM,2.3827,0.0933,0.0886,0.1791,0.5508
2026-04-20,paa,EWJ,1.5551,0.0601,0.0427,0.1338,0.3958
2026-04-20,paa,GLD,1.2512,0.0339,0.0465,0.1121,0.4339
2026-04-20,paa,HYG,0.3891,0.0161,0.0080,0.0300,0.1042
2026-04-20,paa,IEF,0.1268,0.0038,0.0080,0.0006,0.0480
2026-04-20,paa,IWM,2.3341,0.1159,0.0416,0.1334,0.5100
2026-04-20,paa,LQD,0.2271,0.0108,0.0054,0.0000,0.0757
2026-04-20,paa,QQQ,1.8407,0.0890,0.0395,0.0777,0.4591
2026-04-20,paa,SHY,0.1399,0.0044,0.0065,0.0121,0.0363
2026-04-20,paa,SPY,1.5197,0.0752,0.0256,0.0770,0.3613
2026-04-20,paa,TLT,-0.0571,-0.0028,0.0008,-0.0273,0.0286
2026-04-20,paa,VGK,1.6876,0.0845,0.0324,0.1117,0.3201
2026-04-20,paa,VNQ,1.3848,0.0674,0.0555,0.0891,0.1755
2026-04-20,baa_g12,DBC,2.0432,-0.0019,0.2429,0.3439,0.4068
2026-04-20,baa_g12,EEM,2.3878,0.0935,0.0888,0.1794,0.5512
2026-04-20,baa_g12,EWJ,1.5539,0.0600,0.0426,0.1338,0.3958
2026-04-20,baa_g12,GLD,1.2558,0.0342,0.0467,0.1123,0.4342
2026-04-20,baa_g12,HYG,0.3903,0.0161,0.0081,0.0301,0.1042
2026-04-20,baa_g12,IEF,0.1268,0.0038,0.0080,0.0006,0.0480
2026-04-20,baa_g12,IWM,2.3549,0.1170,0.0426,0.1345,0.5115
2026-04-20,baa_g12,LQD,0.2323,0.0111,0.0056,0.0003,0.0760
2026-04-20,baa_g12,QQQ,1.8530,0.0896,0.0401,0.0784,0.4600
2026-04-20,baa_g12,SHY,0.1379,0.0043,0.0064,0.0120,0.0362
2026-04-20,baa_g12,SPY,1.5293,0.0757,0.0261,0.0775,0.3619
2026-04-20,baa_g12,TLT,-0.0505,-0.0025,0.0011,-0.0270,0.0290
2026-04-20,baa_g12,VGK,1.6982,0.0851,0.0330,0.1123,0.3208
2026-04-20,baa_g12,VNQ,1.3890,0.0676,0.0558,0.0894,0.1757
2026-04-20,baa_g4,AGG,0.1759,0.0064,0.0071,0.0065,0.0577
2026-04-20,baa_g4,EEM,2.3980,0.0941,0.0893,0.1800,0.5520
2026-04-20,baa_g4,EFA,1.6263,0.0738,0.0413,0.1185,0.3380
2026-04-20,baa_g4,IEF,0.1298,0.0040,0.0082,0.0007,0.0482
2026-04-20,baa_g4,LQD,0.2323,0.0111,0.0056,0.0003,0.0760
2026-04-20,baa_g4,SHY,0.1379,0.0043,0.0064,0.0120,0.0362
2026-04-20,baa_g4,SPY,1.5319,0.0758,0.0262,0.0776,0.3621
2026-04-20,gem,AGG,0.0577,0.0064,0.0071,0.0065,0.0577
2026-04-20,gem,EFA,0.3381,0.0739,0.0414,0.1186,0.3381
2026-04-20,gem,SPY,0.3620,0.0758,0.0262,0.0776,0.3620
2026-04-20,haa,AGG,0.1759,0.0064,0.0071,0.0065,0.0577
2026-04-20,haa,EEM,2.3997,0.0942,0.0894,0.1801,0.5521
2026-04-20,haa,EFA,1.6273,0.0739,0.0414,0.1186,0.3381
2026-04-20,haa,IEF,0.1298,0.0040,0.0082,0.0007,0.0482
2026-04-20,haa,LQD,0.2332,0.0111,0.0057,0.0003,0.0760
2026-04-20,haa,SHY,0.1390,0.0044,0.0065,0.0120,0.0363
2026-04-20,haa,SPY,1.5309,0.0757,0.0262,0.0776,0.3620
2026-04-20,permanent,BIL,0.1484,0.0030,0.0087,0.0186,0.0399
2026-04-20,permanent,GLD,1.2554,0.0341,0.0467,0.1123,0.4342
2026-04-20,permanent,SPY,1.5284,0.0756,0.0261,0.0774,0.3619
2026-04-20,permanent,TLT,-0.0527,-0.0026,0.0010,-0.0271,0.0289
2026-04-20,all_weather,DBC,2.0323,-0.0024,0.2422,0.3432,0.4061
2026-04-20,all_weather,GLD,1.2568,0.0342,0.0468,0.1124,0.4343
2026-04-20,all_weather,IEF,0.1308,0.0040,0.0082,0.0008,0.0482
2026-04-20,all_weather,SPY,1.5281,0.0756,0.0261,0.0774,0.3618
2026-04-20,all_weather,TLT,-0.0527,-0.0026,0.0010,-0.0271,0.0289
2026-04-20,golden_butterfly,GLD,1.2600,0.0344,0.0470,0.1125,0.4345
2026-04-20,golden_butterfly,SHY,0.1391,0.0044,0.0065,0.0120,0.0363
2026-04-20,golden_butterfly,SPY,1.5351,0.0760,0.0264,0.0778,0.3623
2026-04-20,golden_butterfly,TLT,-0.0494,-0.0024,0.0012,-0.0269,0.0290
2026-04-20,golden_butterfly,VBR,1.8431,0.0834,0.0408,0.1472,0.3844
2026-04-20,gtaa,DBC,2.0323,-0.0024,0.2422,0.3432,0.4061
2026-04-20,gtaa,EFA,1.6263,0.0738,0.0413,0.1185,0.3380
2026-04-20,gtaa,IEF,0.1318,0.0041,0.0083,0.0008,0.0483
2026-04-20,gtaa,SHY,0.1390,0.0044,0.0065,0.0120,0.0363
2026-04-20,gtaa,SPY,1.5313,0.0758,0.0262,0.0776,0.3621
2026-04-20,gtaa,VNQ,1.3996,0.0682,0.0563,0.0899,0.1763
2026-04-20,ivy,DBC,2.0323,-0.0024,0.2422,0.3432,0.4061
2026-04-20,ivy,EFA,1.6263,0.0738,0.0413,0.1185,0.3380
2026-04-20,ivy,IEF,0.1318,0.0041,0.0083,0.0008,0.0483
2026-04-20,ivy,SHY,0.1390,0.0044,0.0065,0.0120,0.0363
2026-04-20,ivy,VNQ,1.3996,0.0682,0.0563,0.0899,0.1763
2026-04-20,ivy,VTI,1.5709,0.0780,0.0262,0.0799,0.3704
2026-04-20,faa,AGG,0.0442,0.0064,0.0072,0.0066,0.0578
2026-04-20,faa,DBC,0.5081,-0.0024,0.2422,0.3432,0.4061
2026-04-20,faa,EEM,0.6003,0.0942,0.0895,0.1802,0.5522
2026-04-20,faa,EFA,0.4066,0.0738,0.0414,0.1186,0.3381
2026-04-20,faa,SHY,0.0348,0.0044,0.0065,0.0120,0.0363
2026-04-20,faa,SPY,0.3829,0.0758,0.0262,0.0776,0.3621
2026-04-20,faa,VNQ,0.3488,0.0680,0.0561,0.0897,0.1761
2026-04-20,eaa,DBC,0.5081,-0.0024,0.2422,0.3432,0.4061
2026-04-20,eaa,EEM,0.5999,0.0942,0.0894,0.1801,0.5521
2026-04-20,eaa,EFA,0.4066,0.0738,0.0413,0.1185,0.3380
2026-04-20,eaa,GLD,0.3159,0.0346,0.0471,0.1128,0.4348
2026-04-20,eaa,IEF,0.0329,0.0041,0.0083,0.0008,0.0483
2026-04-20,eaa,SHY,0.0348,0.0044,0.0065,0.0120,0.0363
2026-04-20,eaa,SPY,0.3821,0.0756,0.0261,0.0774,0.3619
2026-04-20,eaa,VNQ,0.3483,0.0678,0.0560,0.0896,0.1760
2026-04-20,laa,GLD,1.2607,0.0344,0.0470,0.1126,0.4346
2026-04-20,laa,IEF,0.1318,0.0041,0.0083,0.0008,0.0483
2026-04-20,laa,IWD,1.5012,0.0623,0.0418,0.1357,0.3156
2026-04-20,laa,QQQ,1.8553,0.0898,0.0402,0.0785,0.4601
2026-04-20,laa,SHY,0.1386,0.0044,0.0065,0.0120,0.0363
2026-04-20,laa,SPY,1.5292,0.0757,0.0261,0.0775,0.3619
2026-04-21,daa,BND,0.2499,0.0129,0.0089,0.0026,0.0538
2026-04-21,daa,DBC,2.0819,0.0022,0.2353,0.3554,0.4030
2026-04-21,daa,EEM,2.8113,0.1286,0.0957,0.1756,0.5341
2026-04-21,daa,EWJ,1.7356,0.0810,0.0485,0.1105,0.3486
2026-04-21,daa,GLD,1.2238,0.0502,-0.0071,0.1160,0.4181
2026-04-21,daa,HYG,0.4792,0.0244,0.0094,0.0261,0.0965
2026-04-21,daa,IEF,0.2141,0.0106,0.0097,-0.0001,0.0486
2026-04-21,daa,IWM,2.6726,0.1401,0.0536,0.1403,0.4968
2026-04-21,daa,LQD,0.3830,0.0221,0.0102,0.0007,0.0758
2026-04-21,daa,QQQ,2.2172,0.1123,0.0648,0.0734,0.4631
2026-04-21,daa,SHY,0.1487,0.0057,0.0055,0.0114,0.0350
2026-04-21,daa,SPY,1.7606,0.0899,0.0460,0.0700,0.3582
2026-04-21,daa,TLT,0.2087,0.0148,0.0124,-0.0274,0.0361
2026-04-21,daa,VGK,1.9339,0.1075,0.0370,0.1007,0.2939
2026-04-21,daa,VNQ,1.6503,0.0914,0.0656,0.0721,0.1475
2026-04-21,daa,VWO,2.1681,0.1139,0.0541,0.0977,0.3898
2026-04-21,vaa,AGG,0.2655,0.0131,0.0093,0.0062,0.0586
2026-04-21,vaa,EEM,2.7957,0.1278,0.0949,0.1748,0.5330
2026-04-21,vaa,EFA,1.8366,0.0949,0.0454,0.1039,0.3087
2026-04-21,vaa,IEF,0.2130,0.0105,0.0096,-0.0002,0.0485
2026-04-21,vaa,LQD,0.3812,0.0220,0.0101,0.0006,0.0757
2026-04-21,vaa,SHY,0.1475,0.0057,0.0054,0.0113,0.0350
2026-04-21,vaa,SPY,1.7580,0.0897,0.0459,0.0698,0.3580
2026-04-21,paa,DBC,2.0819,0.0022,0.2353,0.3554,0.4030
2026-04-21,paa,EEM,2.7922,0.1276,0.0947,0.1746,0.5328
2026-04-21,paa,EWJ,1.7208,0.0802,0.0477,0.1097,0.3476
2026-04-21,paa,GLD,1.2061,0.0493,-0.0080,0.1150,0.4169
2026-04-21,paa,HYG,0.4804,0.0245,0.0095,0.0262,0.0966
2026-04-21,paa,IEF,0.2111,0.0104,0.0095,-0.0003,0.0484
2026-04-21,paa,IWM,2.6577,0.1393,0.0528,0.1396,0.4958
2026-04-21,paa,LQD,0.3812,0.0220,0.0101,0.0006,0.0757
2026-04-21,paa,QQQ,2.2103,0.1120,0.0644,0.0731,0.4626
2026-04-21,paa,SHY,0.1487,0.0057,0.0055,0.0114,0.0350
2026-04-21,paa,SPY,1.7550,0.0896,0.0458,0.0697,0.3578
2026-04-21,paa,TLT,0.2075,0.0148,0.0123,-0.0275,0.0361
2026-04-21,paa,VGK,1.9243,0.1070,0.0365,0.1002,0.2933
2026-04-21,paa,VNQ,1.6395,0.0908,0.0650,0.0715,0.1469
2026-04-21,baa_g12,DBC,2.0819,0.0022,0.2353,0.3554,0.4030
2026-04-21,baa_g12,EEM,2.7887,0.1274,0.0946,0.1744,0.5325
2026-04-21,baa_g12,EWJ,1.7125,0.0798,0.0473,0.1093,0.3471
2026-04-21,baa_g12,GLD,1.2014,0.0490,-0.0082,0.1148,0.4166
2026-04-21,baa_g12,HYG,0.4792,0.0244,0.0094,0.0261,0.0965
2026-04-21,baa_g12,IEF,0.2111,0.0104,0.0095,-0.0003,0.0484
2026-04-21,baa_g12,IWM,2.6428,0.1385,0.0521,0.1388,0.4948
2026-04-21,baa_g12,LQD,0.3804,0.0219,0.0101,0.0006,0.0757
2026-04-21,baa_g12,QQQ,2.2026,0.1116,0.0640,0.0727,0.4621
2026-04-21,baa_g12,SHY,0.1487,0.0057,0.0055,0.0114,0.0350
2026-04-21,baa_g12,SPY,1.7518,0.0894,0.0456,0.0695,0.3576
2026-04-21,baa_g12,TLT,0.2076,0.0148,0.0123,-0.0275,0.0361
2026-04-21,baa_g12,VGK,1.9196,0.1068,0.0363,0.1000,0.2930
2026-04-21,baa_g12,VNQ,1.6352,0.0906,0.0648,0.0713,0.1466
2026-04-21,baa_g4,AGG,0.2635,0.0130,0.0092,0.0061,0.0585
2026-04-21,baa_g4,EEM,2.7800,0.1270,0.0941,0.1739,0.5319
2026-04-21,baa_g4,EFA,1.8163,0.0938,0.0444,0.1028,0.3074
2026-04-21,baa_g4,IEF,0.2111,0.0104,0.0095,-0.0003,0.0484
2026-04-21,baa_g4,LQD,0.3786,0.0219,0.0100,0.0005,0.0756
2026-04-21,baa_g4,SHY,0.1475,0.0057,0.0054,0.0113,0.0350
2026-04-21,baa_g4,SPY,1.7503,0.0893,0.0455,0.0694,0.3575
2026-04-21,gem,AGG,0.0586,0.0131,0.0093,0.0062,0.0586
2026-04-21,gem,EFA,0.3075,0.0939,0.0445,0.1029,0.3075
2026-04-21,gem,SPY,0.3575,0.0893,0.0455,0.0694,0.3575
2026-04-21,haa,AGG,0.2655,0.0131,0.0093,0.0062,0.0586
2026-04-21,haa,EEM,2.7818,0.1271,0.0942,0.1740,0.5320
2026-04-21,haa,EFA,1.8213,0.0941,0.0446,0.1031,0.3077
2026-04-21,haa,IEF,0.2111,0.0104,0.0095,-0.0003,0.0484
2026-04-21,haa,LQD,0.3795,0.0219,0.0100,0.0005,0.0756
2026-04-21,haa,SHY,0.1487,0.0057,0.0055,0.0114,0.0350
2026-04-21,haa,SPY,1.7469,0.0891,0.0454,0.0693,0.3573
2026-04-21,permanent,BIL,0.1459,0.0028,0.0088,0.0185,0.0396
2026-04-21,permanent,GLD,1.2028,0.0491,-0.0081,0.1149,0.4167
2026-04-21,permanent,SPY,1.7486,0.0892,0.0454,0.0694,0.3574
2026-04-21,permanent,TLT,0.2087,0.0148,0.0124,-0.0274,0.0361
2026-04-21,all_weather,DBC,2.0819,0.0022,0.2353,0.3554,0.4030
2026-04-21,all_weather,GLD,1.2070,0.0493,-0.0079,0.1151,0.4170
2026-04-21,all_weather,IEF,0.2120,0.0105,0.0096,-0.0002,0.0485
2026-04-21,all_weather,SPY,1.7483,0.0892,0.0454,0.0693,0.3574
2026-04-21,all_weather,TLT,0.2087,0.0148,0.0124,-0.0274,0.0361
2026-04-21,golden_butterfly,GLD,1.2044,0.0492,-0.0081,0.1150,0.4168
2026-04-21,golden_butterfly,SHY,0.1487,0.0057,0.0055,0.0114,0.0350
2026-04-21,golden_butterfly,SPY,1.7450,0.0890,0.0453,0.0692,0.3572
2026-04-21,golden_butterfly,TLT,0.2098,0.0149,0.0125,-0.0274,0.0362
2026-04-21,golden_butterfly,VBR,2.1173,0.1030,0.0558,0.1433,0.3711
2026-04-21,gtaa,DBC,2.0819,0.0022,0.2353,0.3554,0.4030
2026-04-21,gtaa,EFA,1.8163,0.0938,0.0444,0.1028,0.3074
2026-04-21,gtaa,IEF,0.2129,0.0105,0.0096,-0.0002,0.0485
2026-04-21,gtaa,SHY,0.1487,0.0057,0.0055,0.0114,0.0350
2026-04-21,gtaa,SPY,1.7450,0.0890,0.0453,0.0692,0.3572
2026-04-21,gtaa,VNQ,1.6320,0.0904,0.0646,0.0711,0.1464
2026-04-21,ivy,DBC,2.0819,0.0022,0.2353,0.3554,0.4030
2026-04-21,ivy,EFA,1.8163,0.0938,0.0444,0.1028,0.3074
2026-04-21,ivy,IEF,0.2129,0.0105,0.0096,-0.0002,0.0485
2026-04-21,ivy,SHY,0.1498,0.0058,0.0056,0.0114,0.0351
2026-04-21,ivy,VNQ,1.6320,0.0904,0.0646,0.0711,0.1464
2026-04-21,ivy,VTI,1.8113,0.0933,0.0451,0.0731,0.3652
2026-04-21,faa,AGG,0.0664,0.0131,0.0093,0.0062,0.0586
2026-04-21,faa,DBC,0.5205,0.0022,0.2353,0.3554,0.4030
2026-04-21,faa,EEM,0.6950,0.1270,0.0941,0.1739,0.5319
2026-04-21,faa,EFA,0.4546,0.0939,0.0445,0.1029,0.3075
2026-04-21,faa,SHY,0.0375,0.0058,0.0056,0.0114,0.0351
2026-04-21,faa,SPY,0.4375,0.0893,0.0455,0.0694,0.3575
2026-04-21,faa,VNQ,0.4075,0.0903,0.0645,0.0710,0.1463
2026-04-21,eaa,DBC,0.5205,0.0022,0.2353,0.3554,0.4030
2026-04-21,eaa,EEM,0.6954,0.1271,0.0942,0.1740,0.5320
2026-04-21,eaa,EFA,0.4548,0.0940,0.0445,0.1030,0.3076
2026-04-21,eaa,GLD,0.3022,0.0494,-0.0078,0.1152,0.4171
2026-04-21,eaa,IEF,0.0535,0.0106,0.0097,-0.0001,0.0486
2026-04-21,eaa,SHY,0.0372,0.0057,0.0055,0.0114,0.0350
2026-04-21,eaa,SPY,0.4377,0.0893,0.0456,0.0695,0.3575
2026-04-21,eaa,VNQ,0.4075,0.0903,0.0645,0.0710,0.1463
2026-04-21,laa,GLD,1.2089,0.0494,-0.0078,0.1152,0.4171
2026-04-21,laa,IEF,0.2141,0.0106,0.0097,-0.0001,0.0486
2026-04-21,laa,IWD,1.6559,0.0730,0.0540,0.1275,0.3087
2026-04-21,laa,QQQ,2.1987,0.1114,0.0638,0.0725,0.4618
2026-04-21,laa,SHY,0.1487,0.0057,0.0055,0.0114,0.0350
2026-04-21,laa,SPY,1.7503,0.0893,0.0455,0.0694,0.3575
2026-04-22,daa,BND,0.1979,0.0092,0.0062,0.0014,0.0598
2026-04-22,daa,DBC,2.9201,0.0643,0.2436,0.3666,0.4407
2026-04-22,daa,EEM,2.4428,0.1023,0.0844,0.1668,0.5438
2026-04-22,daa,EWJ,1.2381,0.0484,0.0332,0.0878,0.3488
2026-04-22,daa,GLD,1.3427,0.0747,-0.0211,0.0771,0.3760
2026-04-22,daa,HYG,0.3856,0.0175,0.0063,0.0239,0.1028
2026-04-22,daa,IEF,0.1613,0.0070,0.0067,-0.0018,0.0539
2026-04-22,daa,IWM,2.2453,0.1137,0.0310,0.1162,0.5244
2026-04-22,daa,LQD,0.3010,0.0163,0.0050,-0.0015,0.0885
2026-04-22,daa,QQQ,2.2041,0.1094,0.0598,0.0694,0.5134
2026-04-22,daa,SHY,0.1256,0.0041,0.0048,0.0110,0.0355
2026-04-22,daa,SPY,1.6565,0.0821,0.0376,0.0625,0.3959
2026-04-22,daa,TLT,0.1130,0.0084,0.0049,-0.0310,0.0547
2026-04-22,daa,VGK,1.4614,0.0755,0.0205,0.0893,0.2947
2026-04-22,daa,VNQ,1.2730,0.0691,0.0478,0.0478,0.1569
2026-04-22,daa,VWO,1.8394,0.0908,0.0459,0.0874,0.3915
2026-04-22,vaa,AGG,0.2098,0.0093,0.0059,0.0045,0.0650
2026-04-22,vaa,EEM,2.4445,0.1024,0.0844,0.1669,0.5439
2026-04-22,vaa,EFA,1.3627,0.0633,0.0291,0.0889,0.3086
2026-04-22,vaa,IEF,0.1623,0.0071,0.0067,-0.0017,0.0539
2026-04-22,vaa,LQD,0.3010,0.0163,0.0050,-0.0015,0.0885
2026-04-22,vaa,SHY,0.1256,0.0041,0.0048,0.0110,0.0355
2026-04-22,vaa,SPY,1.6588,0.0822,0.0377,0.0626,0.3961
2026-04-22,paa,DBC,2.9238,0.0645,0.2438,0.3668,0.4410
2026-04-22,paa,EEM,2.4462,0.1025,0.0845,0.1670,0.5440
2026-04-22,paa,EWJ,1.2404,0.0485,0.0333,0.0879,0.3489
2026-04-22,paa,GLD,1.3458,0.0749,-0.0210,0.0773,0.3762
2026-04-22,paa,HYG,0.3856,0.0175,0.0063,0.0239,0.1028
2026-04-22,paa,IEF,0.1623,0.0071,0.0067,-0.0017,0.0539
2026-04-22,paa,IWM,2.2546,0.1142,0.0314,0.1167,0.5250
2026-04-22,paa,LQD,0.3010,0.0163,0.0050,-0.0015,0.0885
2026-04-22,paa,QQQ,2.2106,0.1097,0.0601,0.0697,0.5139
2026-04-22,paa,SHY,0.1250,0.0040,0.0048,0.0109,0.0354
2026-04-22,paa,SPY,1.6607,0.0823,0.0378,0.0627,0.3962
2026-04-22,paa,TLT,0.1097,0.0082,0.0047,-0.0312,0.0545
2026-04-22,paa,VGK,1.4638,0.0756,0.0206,0.0894,0.2949
2026-04-22,paa,VNQ,1.2794,0.0694,0.0481,0.0481,0.1573
2026-04-22,baa_g12,DBC,2.9238,0.0645,0.2438,0.3668,0.4410
2026-04-22,baa_g12,EEM,2.4445,0.1024,0.0844,0.1669,0.5439
2026-04-22,baa_g12,EWJ,1.2404,0.0485,0.0333,0.0879,0.3489
2026-04-22,baa_g12,GLD,1.3451,0.0749,-0.0210,0.0772,0.3761
2026-04-22,baa_g12,HYG,0.3856,0.0175,0.0063,0.0239,0.1028
2026-04-22,baa_g12,IEF,0.1593,0.0069,0.0066,-0.0019,0.0538
2026-04-22,baa_g12,IWM,2.2503,0.1140,0.0312,0.1165,0.5247
2026-04-22,baa_g12,LQD,0.2993,0.0162,0.0049,-0.0015,0.0884
2026-04-22,baa_g12,QQQ,2.2097,0.1097,0.0601,0.0697,0.5138
2026-04-22,baa_g12,SHY,0.1250,0.0040,0.0048,0.0109,0.0354
2026-04-22,baa_g12,SPY,1.6612,0.0824,0.0378,0.0627,0.3962
2026-04-22,baa_g12,TLT,0.1119,0.0084,0.0048,-0.0311,0.0546
2026-04-22,baa_g12,VGK,1.4638,0.0756,0.0206,0.0894,0.2949
2026-04-22,baa_g12,VNQ,1.2846,0.0697,0.0484,0.0484,0.1576
2026-04-22,baa_g4,AGG,0.2098,0.0093,0.0059,0.0045,0.0650
2026-04-22,baa_g4,EEM,2.4465,0.1025,0.0845,0.1670,0.5440
2026-04-22,baa_g4,EFA,1.3667,0.0635,0.0293,0.0891,0.3089
2026-04-22,baa_g4,IEF,0.1603,0.0070,0.0066,-0.0019,0.0538
2026-04-22,baa_g4,LQD,0.3010,0.0163,0.0050,-0.0015,0.0885
2026-04-22,baa_g4,SHY,0.1246,0.0040,0.0048,0.0109,0.0354
2026-04-22,baa_g4,SPY,1.6641,0.0825,0.0379,0.0629,0.3964
2026-04-22,gem,AGG,0.0650,0.0093,0.0059,0.0045,0.0650
2026-04-22,gem,EFA,0.3089,0.0636,0.0293,0.0891,0.3089
2026-04-22,gem,SPY,0.3964,0.0825,0.0379,0.0629,0.3964
2026-04-22,haa,AGG,0.2101,0.0093,0.0059,0.0045,0.0650
2026-04-22,haa,EEM,2.4462,0.1025,0.0845,0.1670,0.5440
2026-04-22,haa,EFA,1.3707,0.0638,0.0295,0.0893,0.3091
2026-04-22,haa,IEF,0.1593,0.0069,0.0066,-0.0019,0.0538
2026-04-22,haa,LQD,0.3028,0.0164,0.0051,-0.0014,0.0886
2026-04-22,haa,SHY,0.1246,0.0040,0.0048,0.0109,0.0354
2026-04-22,haa,SPY,1.6682,0.0827,0.0381,0.0631,0.3967
2026-04-22,permanent,BIL,0.1456,0.0028,0.0088,0.0184,0.0396
2026-04-22,permanent,GLD,1.3520,0.0752,-0.0207,0.0776,0.3766
2026-04-22,permanent,SPY,1.6667,0.0827,0.0381,0.0630,0.3966
2026-04-22,permanent,TLT,0.1141,0.0085,0.0049,-0.0310,0.0547
2026-04-22,all_weather,DBC,2.9238,0.0645,0.2438,0.3668,0.4410
2026-04-22,all_weather,GLD,1.3507,0.0752,-0.0207,0.0775,0.3765
2026-04-22,all_weather,IEF,0.1623,0.0071,0.0067,-0.0017,0.0539
2026-04-22,all_weather,SPY,1.6650,0.0826,0.0380,0.0629,0.3965
2026-04-22,all_weather,TLT,0.1133,0.0084,0.0049,-0.0310,0.0547
2026-04-22,golden_butterfly,GLD,1.3484,0.0750,-0.0208,0.0774,0.3763
2026-04-22,golden_butterfly,SHY,0.1248,0.0040,0.0048,0.0109,0.0354
2026-04-22,golden_butterfly,SPY,1.6628,0.0824,0.0379,0.0628,0.3963
2026-04-22,golden_butterfly,TLT,0.1133,0.0084,0.0049,-0.0310,0.0547
2026-04-22,golden_butterfly,VBR,1.6685,0.0776,0.0255,0.1224,0.3902
2026-04-22,gtaa,DBC,2.9238,0.0645,0.2438,0.3668,0.4410
2026-04-22,gtaa,EFA,1.3757,0.0640,0.0297,0.0895,0.3095
2026-04-22,gtaa,IEF,0.1632,0.0071,0.0068,-0.0017,0.0540
2026-04-22,gtaa,SHY,0.1248,0.0040,0.0048,0.0109,0.0354
2026-04-22,gtaa,SPY,1.6679,0.0827,0.0381,0.0631,0.3967
2026-04-22,gtaa,VNQ,1.2880,0.0699,0.0486,0.0486,0.1578
2026-04-22,ivy,DBC,2.9275,0.0647,0.2440,0.3670,0.4412
2026-04-22,ivy,EFA,1.3787,0.0642,0.0299,0.0897,0.3097
2026-04-22,ivy,IEF,0.1627,0.0071,0.0068,-0.0017,0.0539
2026-04-22,ivy,SHY,0.1248,0.0040,0.0048,0.0109,0.0354
2026-04-22,ivy,VNQ,1.2880,0.0699,0.0486,0.0486,0.1578
2026-04-22,ivy,VTI,1.6899,0.0842,0.0366,0.0650,0.4035
2026-04-22,faa,AGG,0.0530,0.0095,0.0061,0.0046,0.0651
2026-04-22,faa,DBC,0.7319,0.0647,0.2440,0.3670,0.4412
2026-04-22,faa,EEM,0.6133,0.1029,0.0849,0.1673,0.5445
2026-04-22,faa,EFA,0.3447,0.0642,0.0299,0.0897,0.3097
2026-04-22,faa,SHY,0.0312,0.0040,0.0048,0.0109,0.0354
2026-04-22,faa,SPY,0.4169,0.0827,0.0381,0.0631,0.3967
2026-04-22,faa,VNQ,0.3223,0.0700,0.0486,0.0486,0.1578
2026-04-22,eaa,DBC,0.7319,0.0647,0.2440,0.3670,0.4412
2026-04-22,eaa,EEM,0.6128,0.1028,0.0848,0.1672,0.5444
2026-04-22,eaa,EFA,0.3449,0.0642,0.0299,0.0898,0.3097
2026-04-22,eaa,GLD,0.3382,0.0753,-0.0206,0.0777,0.3766
2026-04-22,eaa,IEF,0.0408,0.0071,0.0068,-0.0017,0.0540
2026-04-22,eaa,SHY,0.0312,0.0040,0.0048,0.0109,0.0354
2026-04-22,eaa,SPY,0.4174,0.0828,0.0382,0.0631,0.3968
2026-04-22,eaa,VNQ,0.3223,0.0700,0.0486,0.0486,0.1578
2026-04-22,laa,GLD,1.3549,0.0754,-0.0205,0.0778,0.3768
2026-04-22,laa,IEF,0.1633,0.0071,0.0068,-0.0017,0.0540
2026-04-22,laa,IWD,1.4570,0.0623,0.0371,0.1144,0.3325
2026-04-22,laa,QQQ,2.2183,0.1101,0.0605,0.0701,0.5144
2026-04-22,laa,SHY,0.1248,0.0040,0.0048,0.0109,0.0354
2026-04-22,laa,SPY,1.6685,0.0827,0.0382,0.0631,0.3967
2026-04-23,daa,BND,0.2247,0.0119,0.0058,0.0003,0.0579
2026-04-23,daa,DBC,2.8252,0.0508,0.2500,0.3873,0.4408
2026-04-23,daa,EEM,2.4772,0.1115,0.0702,0.1733,0.5124
2026-04-23,daa,EWJ,1.2685,0.0515,0.0319,0.1002,0.3221
2026-04-23,daa,GLD,1.4414,0.0748,-0.0386,0.1514,0.3961
2026-04-23,daa,HYG,0.4339,0.0215,0.0061,0.0260,0.0992
2026-04-23,daa,IEF,0.2020,0.0106,0.0070,-0.0034,0.0533
2026-04-23,daa,IWM,2.1936,0.1119,0.0271,0.1257,0.4914
2026-04-23,daa,LQD,0.3037,0.0177,0.0025,-0.0022,0.0852
2026-04-23,daa,QQQ,2.3203,0.1219,0.0568,0.0744,0.4812
2026-04-23,daa,SHY,0.1442,0.0056,0.0052,0.0108,0.0351
2026-04-23,daa,SPY,1.6908,0.0883,0.0345,0.0649,0.3636
2026-04-23,daa,TLT,0.1540,0.0139,0.0016,-0.0347,0.0500
2026-04-23,daa,VGK,1.4602,0.0797,0.0126,0.0937,0.2663
2026-04-23,daa,VNQ,1.5476,0.0849,0.0667,0.0592,0.1440
2026-04-23,daa,VWO,1.7808,0.0932,0.0306,0.0896,0.3606
2026-04-23,vaa,AGG,0.2400,0.0122,0.0058,0.0036,0.0632
2026-04-23,vaa,EEM,2.4875,0.1120,0.0707,0.1738,0.5131
2026-04-23,vaa,EFA,1.3954,0.0688,0.0242,0.0960,0.2810
2026-04-23,vaa,IEF,0.2020,0.0106,0.0070,-0.0034,0.0533
2026-04-23,vaa,LQD,0.3064,0.0179,0.0027,-0.0021,0.0853
2026-04-23,vaa,SHY,0.1442,0.0056,0.0052,0.0108,0.0351
2026-04-23,vaa,SPY,1.6913,0.0883,0.0346,0.0650,0.3637
2026-04-23,paa,DBC,2.8252,0.0508,0.2500,0.3873,0.4408
2026-04-23,paa,EEM,2.4857,0.1119,0.0706,0.1737,0.5130
2026-04-23,paa,EWJ,1.2743,0.0518,0.0322,0.1006,0.3225
2026-04-23,paa,GLD,1.4475,0.0751,-0.0383,0.1517,0.3965
2026-04-23,paa,HYG,0.4363,0.0217,0.0062,0.0261,0.0993
2026-04-23,paa,IEF,0.2020,0.0106,0.0070,-0.0034,0.0533
2026-04-23,paa,IWM,2.2027,0.1123,0.0275,0.1262,0.4920
2026-04-23,paa,LQD,0.3064,0.0179,0.0027,-0.0021,0.0853
2026-04-23,paa,QQQ,2.3268,0.1223,0.0571,0.0747,0.4816
2026-04-23,paa,SHY,0.1442,0.0056,0.0052,0.0108,0.0351
2026-04-23,paa,SPY,1.6893,0.0882,0.0345,0.0649,0.3635
2026-04-23,paa,TLT,0.1584,0.0141,0.0018,-0.0345,0.0502
2026-04-23,paa,VGK,1.4637,0.0799,0.0128,0.0939,0.2665
2026-04-23,paa,VNQ,1.5498,0.0850,0.0668,0.0593,0.1441
2026-04-23,baa_g12,DBC,2.8252,0.0508,0.2500,0.3873,0.4408
2026-04-23,baa_g12,EEM,2.4840,0.1118,0.0705,0.1736,0.5128
2026-04-23,baa_g12,EWJ,1.2731,0.0518,0.0322,0.1005,0.3224
2026-04-23,baa_g12,GLD,1.4489,0.0751,-0.0383,0.1518,0.3966
2026-04-23,baa_g12,HYG,0.4363,0.0217,0.0062,0.0261,0.0993
2026-04-23,baa_g12,IEF,0.2050,0.0108,0.0072,-0.0033,0.0535
2026-04-23,baa_g12,IWM,2.2035,0.1124,0.0276,0.1262,0.4921
2026-04-23,baa_g12,LQD,0.3090,0.0180,0.0028,-0.0020,0.0855
2026-04-23,baa_g12,QQQ,2.3227,0.1221,0.0569,0.0745,0.4814
2026-04-23,baa_g12,SHY,0.1442,0.0056,0.0052,0.0108,0.0351
2026-04-23,baa_g12,SPY,1.6916,0.0883,0.0346,0.0650,0.3637
2026-04-23,baa_g12,TLT,0.1617,0.0143,0.0020,-0.0343,0.0504
2026-04-23,baa_g12,VGK,1.4637,0.0799,0.0128,0.0939,0.2665
2026-04-23,baa_g12,VNQ,1.5466,0.0848,0.0667,0.0592,0.1439
2026-04-23,baa_g4,AGG,0.2420,0.0123,0.0059,0.0037,0.0633
2026-04-23,baa_g4,EEM,2.4875,0.1120,0.0707,0.1738,0.5131
2026-04-23,baa_g4,EFA,1.4014,0.0691,0.0245,0.0963,0.2814
2026-04-23,baa_g4,IEF,0.2050,0.0108,0.0072,-0.0033,0.0535
2026-04-23,baa_g4,LQD,0.3099,0.0181,0.0029,-0.0019,0.0855
2026-04-23,baa_g4,SHY,0.1442,0.0056,0.0052,0.0108,0.0351
2026-04-23,baa_g4,SPY,1.6960,0.0885,0.0348,0.0652,0.3640
2026-04-23,gem,AGG,0.0634,0.0124,0.0060,0.0038,0.0634
2026-04-23,gem,EFA,0.2814,0.0691,0.0245,0.0963,0.2814
2026-04-23,gem,SPY,0.3639,0.0885,0.0348,0.0652,0.3639
2026-04-23,haa,AGG,0.2439,0.0124,0.0060,0.0038,0.0634
2026-04-23,haa,EEM,2.4908,0.1122,0.0709,0.1740,0.5133
2026-04-23,haa,EFA,1.4004,0.0691,0.0244,0.0963,0.2813
2026-04-23,haa,IEF,0.2050,0.0108,0.0072,-0.0033,0.0535
2026-04-23,haa,LQD,0.3099,0.0181,0.0029,-0.0019,0.0855
2026-04-23,haa,SHY,0.1464,0.0057,0.0053,0.0109,0.0352
2026-04-23,haa,SPY,1.6953,0.0885,0.0348,0.0652,0.3639
2026-04-23,permanent,BIL,0.1465,0.0029,0.0089,0.0185,0.0397
2026-04-23,permanent,GLD,1.4533,0.0754,-0.0381,0.1520,0.3969
2026-04-23,permanent,SPY,1.6954,0.0885,0.0348,0.0652,0.3639
2026-04-23,permanent,TLT,0.1617,0.0143,0.0020,-0.0343,0.0504
2026-04-23,all_weather,DBC,2.8252,0.0508,0.2500,0.3873,0.4408
2026-04-23,all_weather,GLD,1.4529,0.0754,-0.0381,0.1520,0.3969
2026-04-23,all_weather,IEF,0.2050,0.0108,0.0072,-0.0033,0.0535
2026-04-23,all_weather,SPY,1.6972,0.0886,0.0349,0.0653,0.3641
2026-04-23,all_weather,TLT,0.1617,0.0143,0.0020,-0.0343,0.0504
2026-04-23,golden_butterfly,GLD,1.4552,0.0755,-0.0380,0.1521,0.3970
2026-04-23,golden_butterfly,SHY,0.1453,0.0056,0.0053,0.0108,0.0352
2026-04-23,golden_butterfly,SPY,1.6969,0.0886,0.0348,0.0652,0.3640
2026-04-23,golden_butterfly,TLT,0.1617,0.0143,0.0020,-0.0343,0.0504
2026-04-23,golden_butterfly,VBR,1.5580,0.0708,0.0271,0.1212,0.3572
2026-04-23,gtaa,DBC,2.8252,0.0508,0.2500,0.3873,0.4408
2026-04-23,gtaa,EFA,1.3944,0.0688,0.0241,0.0959,0.2810
2026-04-23,gtaa,IEF,0.2040,0.0107,0.0071,-0.0033,0.0534
2026-04-23,gtaa,SHY,0.1444,0.0056,0.0052,0.0108,0.0351
2026-04-23,gtaa,SPY,1.6739,0.0874,0.0337,0.0641,0.3625
2026-04-23,gtaa,VNQ,1.5304,0.0839,0.0658,0.0583,0.1430
2026-04-23,ivy,DBC,2.8252,0.0508,0.2500,0.3873,0.4408
2026-04-23,ivy,EFA,1.3564,0.0668,0.0222,0.0939,0.2786
2026-04-23,ivy,IEF,0.1970,0.0104,0.0067,-0.0037,0.0530
2026-04-23,ivy,SHY,0.1444,0.0056,0.0052,0.0108,0.0351
2026-04-23,ivy,VNQ,1.5218,0.0835,0.0654,0.0579,0.1426
2026-04-23,ivy,VTI,1.6754,0.0876,0.0312,0.0652,0.3687
2026-04-23,faa,AGG,0.0586,0.0119,0.0055,0.0033,0.0628
2026-04-23,faa,DBC,0.7293,0.0552,0.2553,0.3932,0.4468
2026-04-23,faa,EEM,0.6086,0.1093,0.0681,0.1709,0.5094
2026-04-23,faa,EFA,0.3338,0.0657,0.0212,0.0928,0.2772
2026-04-23,faa,SHY,0.0361,0.0056,0.0052,0.0108,0.0351
2026-04-23,faa,SPY,0.4131,0.0862,0.0326,0.0630,0.3611
2026-04-23,faa,VNQ,0.3780,0.0830,0.0649,0.0574,0.1420
2026-04-23,eaa,DBC,0.7293,0.0552,0.2553,0.3932,0.4468
2026-04-23,eaa,EEM,0.6073,0.1090,0.0678,0.1706,0.5090
2026-04-23,eaa,EFA,0.3321,0.0653,0.0208,0.0924,0.2768
2026-04-23,eaa,GLD,0.3539,0.0734,-0.0398,0.1499,0.3943
2026-04-23,eaa,IEF,0.0480,0.0101,0.0065,-0.0039,0.0528
2026-04-23,eaa,SHY,0.0361,0.0056,0.0052,0.0108,0.0351
2026-04-23,eaa,SPY,0.4160,0.0869,0.0332,0.0636,0.3619
2026-04-23,eaa,VNQ,0.3804,0.0835,0.0654,0.0579,0.1426
2026-04-23,laa,GLD,1.4174,0.0735,-0.0398,0.1500,0.3945
2026-04-23,laa,IEF,0.1920,0.0101,0.0065,-0.0039,0.0528
2026-04-23,laa,IWD,1.4845,0.0647,0.0401,0.1197,0.3087
2026-04-23,laa,QQQ,2.2856,0.1201,0.0551,0.0726,0.4788
2026-04-23,laa,SHY,0.1441,0.0056,0.0052,0.0108,0.0351
2026-04-23,laa,SPY,1.6622,0.0868,0.0331,0.0635,0.3618
2026-04-24,daa,BND,0.1667,0.0078,0.0045,0.0000,0.0555
2026-04-24,daa,DBC,2.7772,0.0556,0.2297,0.3685,0.4546
2026-04-24,daa,EEM,2.5523,0.1108,0.0798,0.1924,0.5181
2026-04-24,daa,EWJ,1.0329,0.0313,0.0336,0.1034,0.3156
2026-04-24,daa,GLD,1.0318,0.0426,-0.0524,0.1504,0.4293
2026-04-24,daa,HYG,0.3987,0.0186,0.0068,0.0273,0.0939
2026-04-24,daa,IEF,0.1322,0.0054,0.0054,-0.0035,0.0523
2026-04-24,daa,IWM,2.2065,0.1029,0.0506,0.1472,0.4755
2026-04-24,daa,LQD,0.2305,0.0130,0.0009,-0.0042,0.0792
2026-04-24,daa,QQQ,2.4802,0.1290,0.0670,0.0988,0.4670
2026-04-24,daa,SHY,0.1464,0.0053,0.0057,0.0116,0.0367
2026-04-24,daa,SPY,1.6933,0.0868,0.0385,0.0750,0.3484
2026-04-24,daa,TLT,-0.0174,0.0025,-0.0029,-0.0370,0.0381
2026-04-24,daa,VGK,1.2513,0.0647,0.0061,0.0940,0.2627
2026-04-24,daa,VNQ,1.5955,0.0887,0.0676,0.0577,0.1451
2026-04-24,daa,VWO,1.7628,0.0860,0.0395,0.1039,0.3644
2026-04-24,vaa,AGG,0.1873,0.0084,0.0047,0.0035,0.0603
2026-04-24,vaa,EEM,2.5473,0.1106,0.0796,0.1921,0.5178
2026-04-24,vaa,EFA,1.1717,0.0527,0.0178,0.0968,0.2750
2026-04-24,vaa,IEF,0.1332,0.0055,0.0055,-0.0035,0.0524
2026-04-24,vaa,LQD,0.2270,0.0128,0.0007,-0.0044,0.0791
2026-04-24,vaa,SHY,0.1457,0.0053,0.0056,0.0116,0.0367
2026-04-24,vaa,SPY,1.6919,0.0867,0.0384,0.0749,0.3483
2026-04-24,paa,DBC,2.7808,0.0557,0.2299,0.3687,0.4549
2026-04-24,paa,EEM,2.5473,0.1106,0.0796,0.1921,0.5178
2026-04-24,paa,EWJ,1.0249,0.0309,0.0332,0.1029,0.3151
2026-04-24,paa,GLD,1.0246,0.0422,-0.0527,0.1500,0.4288
2026-04-24,paa,HYG,0.3975,0.0185,0.0068,0.0272,0.0939
2026-04-24,paa,IEF,0.1332,0.0055,0.0055,-0.0035,0.0524
2026-04-24,paa,IWM,2.1965,0.1023,0.0501,0.1466,0.4748
2026-04-24,paa,LQD,0.2278,0.0129,0.0007,-0.0044,0.0791
2026-04-24,paa,QQQ,2.4786,0.1289,0.0670,0.0987,0.4669
2026-04-24,paa,SHY,0.1457,0.0053,0.0056,0.0116,0.0367
2026-04-24,paa,SPY,1.6916,0.0867,0.0384,0.0749,0.3483
2026-04-24,paa,TLT,-0.0196,0.0024,-0.0030,-0.0371,0.0379
2026-04-24,paa,VGK,1.2502,0.0646,0.0060,0.0939,0.2626
2026-04-24,paa,VNQ,1.5902,0.0885,0.0673,0.0574,0.1448
2026-04-24,baa_g12,DBC,2.7808,0.0557,0.2299,0.3687,0.4549
2026-04-24,baa_g12,EEM,2.5473,0.1106,0.0796,0.1921,0.5178
2026-04-24,baa_g12,EWJ,1.0237,0.0309,0.0332,0.1029,0.3150
2026-04-24,baa_g12,GLD,1.0258,0.0423,-0.0526,0.1500,0.4289
2026-04-24,baa_g12,HYG,0.3987,0.0186,0.0068,0.0273,0.0939
2026-04-24,baa_g12,IEF,0.1332,0.0055,0.0055,-0.0035,0.0524
2026-04-24,baa_g12,IWM,2.1988,0.1025,0.0502,0.1467,0.4750
2026-04-24,baa_g12,LQD,0.2287,0.0129,0.0008,-0.0043,0.0792
2026-04-24,baa_g12,QQQ,2.4775,0.1288,0.0669,0.0987,0.4668
2026-04-24,baa_g12,SHY,0.1456,0.0053,0.0056,0.0116,0.0367
2026-04-24,baa_g12,SPY,1.6893,0.0865,0.0383,0.0748,0.3482
2026-04-24,baa_g12,TLT,-0.0185,0.0024,-0.0029,-0.0371,0.0380
2026-04-24,baa_g12,VGK,1.2513,0.0647,0.0061,0.0940,0.2627
2026-04-24,baa_g12,VNQ,1.5880,0.0883,0.0672,0.0573,0.1446
2026-04-24,baa_g4,AGG,0.1873,0.0084,0.0047,0.0035,0.0603
2026-04-24,baa_g4,EEM,2.5422,0.1103,0.0793,0.1918,0.5174
2026-04-24,baa_g4,EFA,1.1667,0.0524,0.0176,0.0965,0.2746
2026-04-24,baa_g4,IEF,0.1332,0.0055,0.0055,-0.0035,0.0524
2026-04-24,baa_g4,LQD,0.2278,0.0129,0.0007,-0.0044,0.0791
2026-04-24,baa_g4,SHY,0.1453,0.0053,0.0056,0.0115,0.0367
2026-04-24,baa_g4,SPY,1.6881,0.0865,0.0382,0.0747,0.3481
2026-04-24,gem,AGG,0.0603,0.0084,0.0047,0.0035,0.0603
2026-04-24,gem,EFA,0.2747,0.0525,0.0176,0.0966,0.2747
2026-04-24,gem,SPY,0.3481,0.0864,0.0382,0.0747,0.3481
2026-04-24,haa,AGG,0.1850,0.0083,0.0046,0.0034,0.0602
2026-04-24,haa,EEM,2.5405,0.1102,0.0792,0.1917,0.5173
2026-04-24,haa,EFA,1.1658,0.0523,0.0175,0.0965,0.2746
2026-04-24,haa,IEF,0.1332,0.0055,0.0055,-0.0035,0.0524
2026-04-24,haa,LQD,0.2270,0.0128,0.0007,-0.0044,0.0791
2026-04-24,haa,SHY,0.1453,0.0053,0.0056,0.0115,0.0367
2026-04-24,haa,SPY,1.6881,0.0865,0.0382,0.0747,0.3481
2026-04-24,permanent,BIL,0.1505,0.0032,0.0088,0.0185,0.0397
2026-04-24,permanent,GLD,1.0251,0.0422,-0.0527,0.1500,0.4289
2026-04-24,permanent,SPY,1.6890,0.0865,0.0383,0.0747,0.3482
2026-04-24,permanent,TLT,-0.0231,0.0022,-0.0031,-0.0373,0.0378
2026-04-24,all_weather,DBC,2.7816,0.0558,0.2300,0.3688,0.4549
2026-04-24,all_weather,GLD,1.0304,0.0425,-0.0524,0.1503,0.4292
2026-04-24,all_weather,IEF,0.1312,0.0054,0.0054,-0.0036,0.0522
2026-04-24,all_weather,SPY,1.6875,0.0864,0.0382,0.0747,0.3481
2026-04-24,all_weather,TLT,-0.0207,0.0023,-0.0030,-0.0372,0.0379
2026-04-24,golden_butterfly,GLD,1.0299,0.0425,-0.0524,0.1503,0.4292
2026-04-24,golden_butterfly,SHY,0.1453,0.0053,0.0056,0.0115,0.0367
2026-04-24,golden_butterfly,SPY,1.6888,0.0865,0.0383,0.0747,0.3482
2026-04-24,golden_butterfly,TLT,-0.0207,0.0023,-0.0030,-0.0372,0.0379
2026-04-24,golden_butterfly,VBR,1.4480,0.0593,0.0365,0.1258,0.3389
2026-04-24,gtaa,DBC,2.7816,0.0558,0.2300,0.3688,0.4549
2026-04-24,gtaa,EFA,1.1648,0.0523,0.0175,0.0964,0.2745
2026-04-24,gtaa,IEF,0.1312,0.0054,0.0054,-0.0036,0.0522
2026-04-24,gtaa,SHY,0.1453,0.0053,0.0056,0.0115,0.0367
2026-04-24,gtaa,SPY,1.6863,0.0864,0.0381,0.0746,0.3480
2026-04-24,gtaa,VNQ,1.5858,0.0882,0.0671,0.0572,0.1445
2026-04-24,ivy,DBC,2.7816,0.0558,0.2300,0.3688,0.4549
2026-04-24,ivy,EFA,1.1638,0.0522,0.0174,0.0964,0.2745
2026-04-24,ivy,IEF,0.1312,0.0054,0.0054,-0.0036,0.0522
2026-04-24,ivy,SHY,0.1453,0.0053,0.0056,0.0115,0.0367
2026-04-24,ivy,VNQ,1.5880,0.0883,0.0672,0.0573,0.1446
2026-04-24,ivy,VTI,1.6789,0.0857,0.0366,0.0764,0.3516
2026-04-24,faa,AGG,0.0463,0.0083,0.0046,0.0034,0.0602
2026-04-24,faa,DBC,0.6954,0.0558,0.2300,0.3688,0.4549
2026-04-24,faa,EEM,0.6343,0.1101,0.0791,0.1915,0.5170
2026-04-24,faa,EFA,0.2907,0.0522,0.0174,0.0963,0.2744
2026-04-24,faa,SHY,0.0363,0.0053,0.0056,0.0115,0.0367
2026-04-24,faa,SPY,0.4217,0.0864,0.0381,0.0746,0.3480
2026-04-24,faa,VNQ,0.3970,0.0883,0.0672,0.0573,0.1446
2026-04-24,eaa,DBC,0.6954,0.0558,0.2300,0.3688,0.4549
2026-04-24,eaa,EEM,0.6360,0.1104,0.0794,0.1919,0.5175
2026-04-24,eaa,EFA,0.2917,0.0524,0.0176,0.0965,0.2746
2026-04-24,eaa,GLD,0.2579,0.0426,-0.0524,0.1504,0.4293
2026-04-24,eaa,IEF,0.0330,0.0054,0.0054,-0.0035,0.0523
2026-04-24,eaa,SHY,0.0360,0.0052,0.0056,0.0115,0.0366
2026-04-24,eaa,SPY,0.4226,0.0866,0.0383,0.0748,0.3483
2026-04-24,eaa,VNQ,0.3970,0.0883,0.0672,0.0573,0.1446
2026-04-24,laa,GLD,1.0309,0.0425,-0.0524,0.1503,0.4293
2026-04-24,laa,IEF,0.1322,0.0054,0.0054,-0.0035,0.0523
2026-04-24,laa,IWD,1.4548,0.0600,0.0465,0.1249,0.2986
2026-04-24,laa,QQQ,2.4798,0.1289,0.0670,0.0988,0.4670
2026-04-24,laa,SHY,0.1442,0.0052,0.0056,0.0115,0.0366
2026-04-24,laa,SPY,1.6891,0.0865,0.0383,0.0748,0.3482
2026-04-27,daa,BND,0.1985,0.0120,0.0016,0.0003,0.0477
2026-04-27,daa,DBC,2.8628,0.0594,0.2404,0.3636,0.4608
2026-04-27,daa,EEM,2.9030,0.1461,0.0744,0.1780,0.4957
2026-04-27,daa,EWJ,1.3733,0.0596,0.0356,0.1058,0.3042
2026-04-27,daa,GLD,1.2094,0.0713,-0.0764,0.1331,0.3932
2026-04-27,daa,HYG,0.4538,0.0247,0.0060,0.0247,0.0839
2026-04-27,daa,IEF,0.1832,0.0114,0.0017,-0.0025,0.0443
2026-04-27,daa,IWM,2.3162,0.1182,0.0500,0.1286,0.4411
2026-04-27,daa,LQD,0.2415,0.0171,-0.0037,-0.0068,0.0643
2026-04-27,daa,QQQ,2.7173,0.1557,0.0615,0.0888,0.4257
2026-04-27,daa,SHY,0.1623,0.0070,0.0048,0.0119,0.0350
2026-04-27,daa,SPY,1.8795,0.1071,0.0338,0.0692,0.3213
2026-04-27,daa,TLT,-0.0177,0.0064,-0.0121,-0.0347,0.0226
2026-04-27,daa,VGK,1.3579,0.0810,-0.0051,0.0827,0.2408
2026-04-27,daa,VNQ,1.5052,0.0844,0.0632,0.0527,0.1347
2026-04-27,daa,VWO,1.9636,0.1102,0.0307,0.0894,0.3396
2026-04-27,vaa,AGG,0.2120,0.0123,0.0014,0.0034,0.0525
2026-04-27,vaa,EEM,2.9064,0.1463,0.0746,0.1782,0.4960
2026-04-27,vaa,EFA,1.3383,0.0721,0.0101,0.0889,0.2549
2026-04-27,vaa,IEF,0.1842,0.0114,0.0018,-0.0024,0.0444
2026-04-27,vaa,LQD,0.2423,0.0172,-0.0037,-0.0067,0.0643
2026-04-27,vaa,SHY,0.1612,0.0070,0.0048,0.0118,0.0349
2026-04-27,vaa,SPY,1.8821,0.1072,0.0339,0.0693,0.3215
2026-04-27,paa,DBC,2.8628,0.0594,0.2404,0.3636,0.4608
2026-04-27,paa,EEM,2.9081,0.1464,0.0747,0.1783,0.4961
2026-04-27,paa,EWJ,1.3757,0.0597,0.0357,0.1059,0.3043
2026-04-27,paa,GLD,1.2069,0.0712,-0.0765,0.1329,0.3930
2026-04-27,paa,HYG,0.4519,0.0246,0.0059,0.0246,0.0838
2026-04-27,paa,IEF,0.1842,0.0114,0.0018,-0.0024,0.0444
2026-04-27,paa,IWM,2.3146,0.1181,0.0499,0.1285,0.4410
2026-04-27,paa,LQD,0.2406,0.0171,-0.0038,-0.0068,0.0642
2026-04-27,paa,QQQ,2.7204,0.1558,0.0617,0.0890,0.4259
2026-04-27,paa,SHY,0.1612,0.0070,0.0048,0.0118,0.0349
2026-04-27,paa,SPY,1.8813,0.1072,0.0338,0.0693,0.3214
2026-04-27,paa,TLT,-0.0199,0.0063,-0.0122,-0.0348,0.0225
2026-04-27,paa,VGK,1.3556,0.0809,-0.0053,0.0826,0.2406
2026-04-27,paa,VNQ,1.4945,0.0838,0.0627,0.0521,0.1341
2026-04-27,baa_g12,DBC,2.8700,0.0598,0.2408,0.3640,0.4613
2026-04-27,baa_g12,EEM,2.9098,0.1465,0.0748,0.1784,0.4962
2026-04-27,baa_g12,EWJ,1.3780,0.0598,0.0358,0.1061,0.3045
2026-04-27,baa_g12,GLD,1.2144,0.0716,-0.0762,0.1334,0.3935
2026-04-27,baa_g12,HYG,0.4519,0.0246,0.0059,0.0246,0.0838
2026-04-27,baa_g12,IEF,0.1852,0.0115,0.0019,-0.0023,0.0445
2026-04-27,baa_g12,IWM,2.3116,0.1179,0.0497,0.1283,0.4408
2026-04-27,baa_g12,LQD,0.2414,0.0171,-0.0037,-0.0068,0.0643
2026-04-27,baa_g12,QQQ,2.7221,0.1559,0.0618,0.0890,0.4260
2026-04-27,baa_g12,SHY,0.1612,0.0070,0.0048,0.0118,0.0349
2026-04-27,baa_g12,SPY,1.8807,0.1071,0.0338,0.0692,0.3214
2026-04-27,baa_g12,TLT,-0.0177,0.0064,-0.0121,-0.0347,0.0226
2026-04-27,baa_g12,VGK,1.3556,0.0809,-0.0053,0.0826,0.2406
2026-04-27,baa_g12,VNQ,1.4966,0.0839,0.0628,0.0522,0.1342
2026-04-27,baa_g4,AGG,0.2130,0.0123,0.0014,0.0035,0.0526
2026-04-27,baa_g4,EEM,2.9099,0.1465,0.0748,0.1784,0.4962
2026-04-27,baa_g4,EFA,1.3383,0.0721,0.0101,0.0889,0.2549
2026-04-27,baa_g4,IEF,0.1842,0.0114,0.0018,-0.0024,0.0444
2026-04-27,baa_g4,LQD,0.2397,0.0171,-0.0038,-0.0069,0.0642
2026-04-27,baa_g4,SHY,0.1612,0.0070,0.0048,0.0118,0.0349
2026-04-27,baa_g4,SPY,1.8810,0.1071,0.0338,0.0692,0.3214
2026-04-27,gem,AGG,0.0526,0.0123,0.0014,0.0035,0.0526
2026-04-27,gem,EFA,0.2549,0.0721,0.0101,0.0889,0.2549
2026-04-27,gem,SPY,0.3213,0.1071,0.0338,0.0692,0.3213
2026-04-27,haa,AGG,0.2130,0.0123,0.0014,0.0035,0.0526
2026-04-27,haa,EEM,2.9098,0.1465,0.0748,0.1784,0.4962
2026-04-27,haa,EFA,1.3383,0.0721,0.0101,0.0889,0.2549
2026-04-27,haa,IEF,0.1822,0.0113,0.0017,-0.0025,0.0443
2026-04-27,haa,LQD,0.2388,0.0170,-0.0039,-0.0069,0.0641
2026-04-27,haa,SHY,0.1623,0.0070,0.0048,0.0119,0.0350
2026-04-27,haa,SPY,1.8801,0.1071,0.0338,0.0692,0.3213
2026-04-27,permanent,BIL,0.1498,0.0031,0.0089,0.0185,0.0398
2026-04-27,permanent,GLD,1.2069,0.0712,-0.0765,0.1329,0.3930
2026-04-27,permanent,SPY,1.8798,0.1071,0.0338,0.0692,0.3213
2026-04-27,permanent,TLT,-0.0201,0.0063,-0.0122,-0.0348,0.0225
2026-04-27,all_weather,DBC,2.8628,0.0594,0.2404,0.3636,0.4608
2026-04-27,all_weather,GLD,1.2069,0.0712,-0.0765,0.1329,0.3930
2026-04-27,all_weather,IEF,0.1822,0.0113,0.0017,-0.0025,0.0443
2026-04-27,all_weather,SPY,1.8804,0.1071,0.0338,0.0692,0.3214
2026-04-27,all_weather,TLT,-0.0232,0.0062,-0.0123,-0.0350,0.0223
2026-04-27,golden_butterfly,GLD,1.2083,0.0712,-0.0764,0.1330,0.3931
2026-04-27,golden_butterfly,SHY,0.1600,0.0069,0.0047,0.0117,0.0348
2026-04-27,golden_butterfly,SPY,1.8794,0.1071,0.0337,0.0692,0.3213
2026-04-27,golden_butterfly,TLT,-0.0271,0.0059,-0.0125,-0.0352,0.0221
2026-04-27,golden_butterfly,VBR,1.5593,0.0712,0.0383,0.1186,0.3147
2026-04-27,gtaa,DBC,2.8628,0.0594,0.2404,0.3636,0.4608
2026-04-27,gtaa,EFA,1.3383,0.0721,0.0101,0.0889,0.2549
2026-04-27,gtaa,IEF,0.1802,0.0112,0.0016,-0.0026,0.0442
2026-04-27,gtaa,SHY,0.1600,0.0069,0.0047,0.0117,0.0348
2026-04-27,gtaa,SPY,1.8795,0.1071,0.0338,0.0692,0.3213
2026-04-27,gtaa,VNQ,1.4955,0.0838,0.0627,0.0522,0.1342
2026-04-27,ivy,DBC,2.8628,0.0594,0.2404,0.3636,0.4608
2026-04-27,ivy,EFA,1.3383,0.0721,0.0101,0.0889,0.2549
2026-04-27,ivy,IEF,0.1782,0.0111,0.0015,-0.0027,0.0441
2026-04-27,ivy,SHY,0.1600,0.0069,0.0047,0.0117,0.0348
2026-04-27,ivy,VNQ,1.4912,0.0836,0.0625,0.0519,0.1339
2026-04-27,ivy,VTI,1.8614,0.1054,0.0328,0.0702,0.3246
2026-04-27,faa,AGG,0.0524,0.0121,0.0012,0.0033,0.0524
2026-04-27,faa,DBC,0.7157,0.0594,0.2404,0.3636,0.4608
2026-04-27,faa,EEM,0.7262,0.1462,0.0745,0.1781,0.4959
2026-04-27,faa,EFA,0.3336,0.0719,0.0099,0.0887,0.2547
2026-04-27,faa,SHY,0.0400,0.0069,0.0047,0.0117,0.0348
2026-04-27,faa,SPY,0.4696,0.1070,0.0337,0.0691,0.3212
2026-04-27,faa,VNQ,0.3736,0.0838,0.0627,0.0521,0.1341
2026-04-27,eaa,DBC,0.7157,0.0594,0.2404,0.3636,0.4608
2026-04-27,eaa,EEM,0.7266,0.1463,0.0746,0.1782,0.4960
2026-04-27,eaa,EFA,0.3336,0.0719,0.0099,0.0887,0.2547
2026-04-27,eaa,GLD,0.3012,0.0711,-0.0766,0.1328,0.3929
2026-04-27,eaa,IEF,0.0445,0.0111,0.0015,-0.0027,0.0441
2026-04-27,eaa,SHY,0.0403,0.0070,0.0048,0.0118,0.0349
2026-04-27,eaa,SPY,0.4699,0.1071,0.0338,0.0692,0.3213
2026-04-27,eaa,VNQ,0.3728,0.0836,0.0625,0.0519,0.1339
2026-04-27,laa,GLD,1.2050,0.0711,-0.0766,0.1328,0.3929
2026-04-27,laa,IEF,0.1782,0.0111,0.0015,-0.0027,0.0441
2026-04-27,laa,IWD,1.5489,0.0713,0.0430,0.1197,0.2814
2026-04-27,laa,QQQ,2.7199,0.1558,0.0617,0.0889,0.4259
2026-04-27,laa,SHY,0.1612,0.0070,0.0048,0.0118,0.0349
2026-04-27,laa,SPY,1.8810,0.1071,0.0338,0.0692,0.3214
2026-04-28,daa,BND,0.1748,0.0109,0.0013,-0.0021,0.0432
2026-04-28,daa,DBC,2.5618,0.0381,0.2271,0.3666,0.4626
2026-04-28,daa,EEM,2.5938,0.1370,0.0401,0.1553,0.4793
2026-04-28,daa,EWJ,1.4678,0.0747,0.0195,0.1004,0.2932
2026-04-28,daa,GLD,0.3584,0.0166,-0.1145,0.1167,0.3835
2026-04-28,daa,HYG,0.4487,0.0257,0.0046,0.0203,0.0812
2026-04-28,daa,IEF,0.1485,0.0096,0.0012,-0.0050,0.0386
2026-04-28,daa,IWM,2.2556,0.1244,0.0343,0.1015,0.4232
2026-04-28,daa,LQD,0.2337,0.0179,-0.0044,-0.0101,0.0568
2026-04-28,daa,QQQ,2.6489,0.1643,0.0391,0.0641,0.3928
2026-04-28,daa,SHY,0.1239,0.0044,0.0040,0.0107,0.0335
2026-04-28,daa,SPY,1.9358,0.1193,0.0232,0.0539,0.3037
2026-04-28,daa,TLT,0.0340,0.0103,-0.0075,-0.0367,0.0135
2026-04-28,daa,VGK,1.2592,0.0830,-0.0277,0.0735,0.2269
2026-04-28,daa,VNQ,1.6405,0.0949,0.0651,0.0511,0.1383
2026-04-28,daa,VWO,1.8069,0.1076,0.0087,0.0743,0.3319
2026-04-28,vaa,AGG,0.1938,0.0115,0.0012,0.0016,0.0478
2026-04-28,vaa,EEM,2.5870,0.1366,0.0398,0.1550,0.4788
2026-04-28,vaa,EFA,1.2548,0.0751,-0.0122,0.0803,0.2417
2026-04-28,vaa,IEF,0.1485,0.0096,0.0012,-0.0050,0.0386
2026-04-28,vaa,LQD,0.2328,0.0178,-0.0044,-0.0102,0.0568
2026-04-28,vaa,SHY,0.1239,0.0044,0.0040,0.0107,0.0335
2026-04-28,vaa,SPY,1.9367,0.1193,0.0233,0.0540,0.3037
2026-04-28,paa,DBC,2.5618,0.0381,0.2271,0.3666,0.4626
2026-04-28,paa,EEM,2.5921,0.1369,0.0400,0.1552,0.4792
2026-04-28,paa,EWJ,1.4667,0.0746,0.0194,0.1004,0.2931
2026-04-28,paa,GLD,0.3662,0.0170,-0.1141,0.1172,0.3840
2026-04-28,paa,HYG,0.4475,0.0257,0.0045,0.0203,0.0812
2026-04-28,paa,IEF,0.1485,0.0096,0.0012,-0.0050,0.0386
2026-04-28,paa,IWM,2.2619,0.1247,0.0346,0.1018,0.4236
2026-04-28,paa,LQD,0.2354,0.0180,-0.0043,-0.0100,0.0569
2026-04-28,paa,QQQ,2.6538,0.1645,0.0394,0.0644,0.3931
2026-04-28,paa,SHY,0.1239,0.0044,0.0040,0.0107,0.0335
2026-04-28,paa,SPY,1.9411,0.1196,0.0235,0.0542,0.3040
2026-04-28,paa,TLT,0.0333,0.0103,-0.0075,-0.0367,0.0135
2026-04-28,paa,VGK,1.2639,0.0833,-0.0275,0.0737,0.2272
2026-04-28,paa,VNQ,1.6469,0.0953,0.0655,0.0515,0.1387
2026-04-28,baa_g12,DBC,2.5689,0.0385,0.2275,0.3671,0.4631
2026-04-28,baa_g12,EEM,2.6007,0.1373,0.0404,0.1557,0.4797
2026-04-28,baa_g12,EWJ,1.4725,0.0749,0.0197,0.1007,0.2935
2026-04-28,baa_g12,GLD,0.3694,0.0172,-0.1140,0.1174,0.3843
2026-04-28,baa_g12,HYG,0.4463,0.0256,0.0044,0.0202,0.0811
2026-04-28,baa_g12,IEF,0.1485,0.0096,0.0012,-0.0050,0.0386
2026-04-28,baa_g12,IWM,2.2673,0.1250,0.0349,0.1021,0.4240
2026-04-28,baa_g12,LQD,0.2354,0.0180,-0.0043,-0.0100,0.0569
2026-04-28,baa_g12,QQQ,2.6586,0.1648,0.0396,0.0646,0.3934
2026-04-28,baa_g12,SHY,0.1236,0.0044,0.0040,0.0107,0.0335
2026-04-28,baa_g12,SPY,1.9417,0.1196,0.0235,0.0542,0.3040
2026-04-28,baa_g12,TLT,0.0318,0.0102,-0.0076,-0.0368,0.0134
2026-04-28,baa_g12,VGK,1.2675,0.0834,-0.0273,0.0739,0.2274
2026-04-28,baa_g12,VNQ,1.6513,0.0955,0.0657,0.0517,0.1389
2026-04-28,baa_g4,AGG,0.1928,0.0114,0.0012,0.0015,0.0478
2026-04-28,baa_g4,EEM,2.5990,0.1372,0.0404,0.1556,0.4796
2026-04-28,baa_g4,EFA,1.2618,0.0755,-0.0119,0.0807,0.2421
2026-04-28,baa_g4,IEF,0.1485,0.0096,0.0012,-0.0050,0.0386
2026-04-28,baa_g4,LQD,0.2337,0.0179,-0.0044,-0.0101,0.0568
2026-04-28,baa_g4,SHY,0.1239,0.0044,0.0040,0.0107,0.0335
2026-04-28,baa_g4,SPY,1.9434,0.1197,0.0236,0.0543,0.3042
2026-04-28,gem,AGG,0.0478,0.0114,0.0012,0.0015,0.0478
2026-04-28,gem,EFA,0.2421,0.0755,-0.0119,0.0807,0.2421
2026-04-28,gem,SPY,0.3040,0.1196,0.0235,0.0542,0.3040
2026-04-28,haa,AGG,0.1928,0.0114,0.0012,0.0015,0.0478
2026-04-28,haa,EEM,2.6007,0.1373,0.0404,0.1557,0.4797
2026-04-28,haa,EFA,1.2588,0.0753,-0.0120,0.0805,0.2419
2026-04-28,haa,IEF,0.1485,0.0096,0.0012,-0.0050,0.0386
2026-04-28,haa,LQD,0.2328,0.0178,-0.0044,-0.0102,0.0568
2026-04-28,haa,SHY,0.1227,0.0043,0.0040,0.0106,0.0335
2026-04-28,haa,SPY,1.9393,0.1195,0.0234,0.0541,0.3039
2026-04-28,permanent,BIL,0.1484,0.0030,0.0090,0.0184,0.0396
2026-04-28,permanent,GLD,0.3657,0.0170,-0.1142,0.1172,0.3840
2026-04-28,permanent,SPY,1.9396,0.1195,0.0234,0.0541,0.3039
2026-04-28,permanent,TLT,0.0252,0.0099,-0.0079,-0.0372,0.0130
2026-04-28,all_weather,DBC,2.5689,0.0385,0.2275,0.3671,0.4631
2026-04-28,all_weather,GLD,0.3685,0.0171,-0.1140,0.1173,0.3842
2026-04-28,all_weather,IEF,0.1465,0.0095,0.0011,-0.0051,0.0385
2026-04-28,all_weather,SPY,1.9405,0.1195,0.0235,0.0541,0.3040
2026-04-28,all_weather,TLT,0.0271,0.0100,-0.0078,-0.0371,0.0131
2026-04-28,golden_butterfly,GLD,0.3701,0.0172,-0.1140,0.1174,0.3843
2026-04-28,golden_butterfly,SHY,0.1227,0.0043,0.0040,0.0106,0.0335
2026-04-28,golden_butterfly,SPY,1.9420,0.1196,0.0236,0.0542,0.3041
2026-04-28,golden_butterfly,TLT,0.0274,0.0100,-0.0078,-0.0370,0.0131
2026-04-28,golden_butterfly,VBR,1.6439,0.0814,0.0345,0.1084,0.3130
2026-04-28,gtaa,DBC,2.5761,0.0388,0.2279,0.3675,0.4636
2026-04-28,gtaa,EFA,1.2608,0.0754,-0.0119,0.0806,0.2421
2026-04-28,gtaa,IEF,0.1465,0.0095,0.0011,-0.0051,0.0385
2026-04-28,gtaa,SHY,0.1250,0.0045,0.0041,0.0107,0.0336
2026-04-28,gtaa,SPY,1.9431,0.1197,0.0236,0.0543,0.3041
2026-04-28,gtaa,VNQ,1.6529,0.0956,0.0658,0.0518,0.1390
2026-04-28,ivy,DBC,2.5725,0.0387,0.2277,0.3673,0.4633
2026-04-28,ivy,EFA,1.2611,0.0754,-0.0119,0.0806,0.2421
2026-04-28,ivy,IEF,0.1465,0.0095,0.0011,-0.0051,0.0385
2026-04-28,ivy,SHY,0.1227,0.0043,0.0040,0.0106,0.0335
2026-04-28,ivy,VNQ,1.6535,0.0956,0.0658,0.0518,0.1391
2026-04-28,ivy,VTI,1.9174,0.1175,0.0225,0.0547,0.3081
2026-04-28,faa,AGG,0.0480,0.0114,0.0011,0.0015,0.0477
2026-04-28,faa,DBC,0.6440,0.0388,0.2279,0.3675,0.4636
2026-04-28,faa,EEM,0.6506,0.1374,0.0405,0.1558,0.4799
2026-04-28,faa,EFA,0.3157,0.0755,-0.0118,0.0807,0.2422
2026-04-28,faa,SHY,0.0307,0.0043,0.0040,0.0106,0.0335
2026-04-28,faa,SPY,0.4859,0.1197,0.0236,0.0543,0.3042
2026-04-28,faa,VNQ,0.4145,0.0959,0.0660,0.0520,0.1393
2026-04-28,eaa,DBC,0.6440,0.0388,0.2279,0.3675,0.4636
2026-04-28,eaa,EEM,0.6502,0.1373,0.0404,0.1557,0.4797
2026-04-28,eaa,EFA,0.3150,0.0754,-0.0120,0.0806,0.2420
2026-04-28,eaa,GLD,0.0921,0.0171,-0.1140,0.1173,0.3842
2026-04-28,eaa,IEF,0.0369,0.0095,0.0012,-0.0051,0.0386
2026-04-28,eaa,SHY,0.0310,0.0044,0.0040,0.0107,0.0335
2026-04-28,eaa,SPY,0.4852,0.1195,0.0235,0.0542,0.3040
2026-04-28,eaa,VNQ,0.4142,0.0958,0.0660,0.0520,0.1392
2026-04-28,laa,GLD,0.3647,0.0169,-0.1142,0.1171,0.3839
2026-04-28,laa,IEF,0.1475,0.0095,0.0012,-0.0051,0.0386
2026-04-28,laa,IWD,1.6225,0.0804,0.0396,0.1096,0.2800
2026-04-28,laa,QQQ,2.6552,0.1646,0.0394,0.0644,0.3932
2026-04-28,laa,SHY,0.1239,0.0044,0.0040,0.0107,0.0335
2026-04-28,laa,SPY,1.9420,0.1196,0.0236,0.0542,0.3041
2026-04-29,daa,BND,0.0625,0.0032,-0.0009,-0.0052,0.0379
2026-04-29,daa,DBC,3.0022,0.0593,0.2428,0.4052,0.5091
2026-04-29,daa,EEM,2.6275,0.1451,0.0320,0.1415,0.4750
2026-04-29,daa,EWJ,1.2593,0.0640,0.0180,0.0773,0.2645
2026-04-29,daa,GLD,0.0804,0.0067,-0.1561,0.1372,0.3503
2026-04-29,daa,HYG,0.3848,0.0219,0.0036,0.0151,0.0778
2026-04-29,daa,IEF,0.0085,-0.0004,-0.0008,-0.0079,0.0316
2026-04-29,daa,IWM,2.2804,0.1311,0.0312,0.0884,0.4053
2026-04-29,daa,LQD,0.1013,0.0085,-0.0058,-0.0146,0.0514
2026-04-29,daa,QQQ,2.8093,0.1788,0.0406,0.0505,0.3999
2026-04-29,daa,SHY,0.0854,0.0019,0.0029,0.0098,0.0309
2026-04-29,daa,SPY,1.9491,0.1226,0.0230,0.0413,0.3027
2026-04-29,daa,TLT,-0.1980,-0.0066,-0.0088,-0.0435,0.0035
2026-04-29,daa,VGK,1.0220,0.0668,-0.0256,0.0578,0.2071
2026-04-29,daa,VNQ,1.5800,0.0886,0.0740,0.0460,0.1290
2026-04-29,daa,VWO,1.7505,0.1071,0.0030,0.0635,0.3259
2026-04-29,vaa,AGG,0.0779,0.0037,-0.0011,-0.0018,0.0421
2026-04-29,vaa,EEM,2.6309,0.1453,0.0322,0.1417,0.4753
2026-04-29,vaa,EFA,1.0553,0.0624,-0.0106,0.0632,0.2224
2026-04-29,vaa,IEF,0.0075,-0.0004,-0.0008,-0.0079,0.0315
2026-04-29,vaa,LQD,0.1014,0.0085,-0.0057,-0.0146,0.0514
2026-04-29,vaa,SHY,0.0854,0.0019,0.0029,0.0098,0.0309
2026-04-29,vaa,SPY,1.9571,0.1231,0.0234,0.0417,0.3032
2026-04-29,paa,DBC,2.9986,0.0591,0.2426,0.4050,0.5089
2026-04-29,paa,EEM,2.6326,0.1454,0.0323,0.1418,0.4754
2026-04-29,paa,EWJ,1.2675,0.0645,0.0184,0.0777,0.2650
2026-04-29,paa,GLD,0.0863,0.0070,-0.1559,0.1375,0.3508
2026-04-29,paa,HYG,0.3860,0.0219,0.0036,0.0152,0.0779
2026-04-29,paa,IEF,0.0045,-0.0006,-0.0010,-0.0081,0.0314
2026-04-29,paa,IWM,2.2914,0.1317,0.0317,0.0889,0.4060
2026-04-29,paa,LQD,0.0962,0.0082,-0.0060,-0.0149,0.0511
2026-04-29,paa,QQQ,2.8170,0.1792,0.0410,0.0509,0.4003
2026-04-29,paa,SHY,0.0854,0.0019,0.0029,0.0098,0.0309
2026-04-29,paa,SPY,1.9520,0.1228,0.0231,0.0414,0.3029
2026-04-29,paa,TLT,-0.2089,-0.0072,-0.0094,-0.0440,0.0029
2026-04-29,paa,VGK,1.0161,0.0665,-0.0259,0.0575,0.2067
2026-04-29,paa,VNQ,1.5876,0.0890,0.0744,0.0464,0.1294
2026-04-29,baa_g12,DBC,2.9951,0.0590,0.2424,0.4047,0.5086
2026-04-29,baa_g12,EEM,2.6257,0.1450,0.0319,0.1414,0.4749
2026-04-29,baa_g12,EWJ,1.2640,0.0643,0.0182,0.0775,0.2648
2026-04-29,baa_g12,GLD,0.0820,0.0068,-0.1560,0.1373,0.3505
2026-04-29,baa_g12,HYG,0.3836,0.0218,0.0035,0.0151,0.0778
2026-04-29,baa_g12,IEF,0.0025,-0.0007,-0.0011,-0.0082,0.0313
2026-04-29,baa_g12,IWM,2.2867,0.1315,0.0315,0.0887,0.4057
2026-04-29,baa_g12,LQD,0.0944,0.0081,-0.0061,-0.0150,0.0510
2026-04-29,baa_g12,QQQ,2.8119,0.1790,0.0408,0.0506,0.4000
2026-04-29,baa_g12,SHY,0.0854,0.0019,0.0029,0.0098,0.0309
2026-04-29,baa_g12,SPY,1.9498,0.1227,0.0230,0.0413,0.3028
2026-04-29,baa_g12,TLT,-0.2100,-0.0072,-0.0095,-0.0441,0.0028
2026-04-29,baa_g12,VGK,1.0173,0.0665,-0.0258,0.0576,0.2068
2026-04-29,baa_g12,VNQ,1.5919,0.0892,0.0746,0.0466,0.1297
2026-04-29,baa_g4,AGG,0.0748,0.0035,-0.0013,-0.0020,0.0419
2026-04-29,baa_g4,EEM,2.6292,0.1452,0.0321,0.1416,0.4751
2026-04-29,baa_g4,EFA,1.0503,0.0621,-0.0108,0.0630,0.2221
2026-04-29,baa_g4,IEF,0.0025,-0.0007,-0.0011,-0.0082,0.0313
2026-04-29,baa_g4,LQD,0.0962,0.0082,-0.0060,-0.0149,0.0511
2026-04-29,baa_g4,SHY,0.0848,0.0019,0.0029,0.0098,0.0309
2026-04-29,baa_g4,SPY,1.9498,0.1227,0.0230,0.0413,0.3028
2026-04-29,gem,AGG,0.0419,0.0035,-0.0013,-0.0020,0.0419
2026-04-29,gem,EFA,0.2220,0.0621,-0.0109,0.0629,0.2220
2026-04-29,gem,SPY,0.3026,0.1225,0.0229,0.0411,0.3026
2026-04-29,haa,AGG,0.0741,0.0035,-0.0013,-0.0020,0.0419
2026-04-29,haa,EEM,2.6188,0.1447,0.0316,0.1410,0.4744
2026-04-29,haa,EFA,1.0412,0.0617,-0.0113,0.0625,0.2216
2026-04-29,haa,IEF,0.0015,-0.0007,-0.0012,-0.0082,0.0312
2026-04-29,haa,LQD,0.0953,0.0082,-0.0061,-0.0149,0.0511
2026-04-29,haa,SHY,0.0860,0.0020,0.0030,0.0098,0.0309
2026-04-29,haa,SPY,1.9452,0.1224,0.0228,0.0411,0.3025
2026-04-29,permanent,BIL,0.1445,0.0028,0.0088,0.0183,0.0394
2026-04-29,permanent,GLD,0.0790,0.0066,-0.1562,0.1371,0.3502
2026-04-29,permanent,SPY,1.9444,0.1224,0.0228,0.0410,0.3024
2026-04-29,permanent,TLT,-0.2100,-0.0072,-0.0095,-0.0441,0.0028
2026-04-29,all_weather,DBC,3.0057,0.0595,0.2430,0.4054,0.5094
2026-04-29,all_weather,GLD,0.0854,0.0069,-0.1559,0.1375,0.3507
2026-04-29,all_weather,IEF,0.0025,-0.0007,-0.0011,-0.0082,0.0313
2026-04-29,all_weather,SPY,1.9474,0.1226,0.0229,0.0412,0.3026
2026-04-29,all_weather,TLT,-0.2100,-0.0072,-0.0095,-0.0441,0.0028
2026-04-29,golden_butterfly,GLD,0.0836,0.0069,-0.1560,0.1374,0.3506
2026-04-29,golden_butterfly,SHY,0.0848,0.0019,0.0029,0.0098,0.0309
2026-04-29,golden_butterfly,SPY,1.9479,0.1226,0.0229,0.0412,0.3027
2026-04-29,golden_butterfly,TLT,-0.2078,-0.0071,-0.0094,-0.0440,0.0029
2026-04-29,golden_butterfly,VBR,1.5684,0.0787,0.0324,0.0982,0.2982
2026-04-29,gtaa,DBC,3.0057,0.0595,0.2430,0.4054,0.5094
2026-04-29,gtaa,EFA,1.0453,0.0619,-0.0111,0.0627,0.2218
2026-04-29,gtaa,IEF,0.0025,-0.0007,-0.0011,-0.0082,0.0313
2026-04-29,gtaa,SHY,0.0848,0.0019,0.0029,0.0098,0.0309
2026-04-29,gtaa,SPY,1.9497,0.1227,0.0230,0.0413,0.3028
2026-04-29,gtaa,VNQ,1.5886,0.0890,0.0745,0.0465,0.1295
2026-04-29,ivy,DBC,3.0057,0.0595,0.2430,0.4054,0.5094
2026-04-29,ivy,EFA,1.0453,0.0619,-0.0111,0.0627,0.2218
2026-04-29,ivy,IEF,0.0025,-0.0007,-0.0011,-0.0082,0.0313
2026-04-29,ivy,SHY,0.0848,0.0019,0.0029,0.0098,0.0309
2026-04-29,ivy,VNQ,1.5897,0.0891,0.0745,0.0465,0.1295
2026-04-29,ivy,VTI,1.9097,0.1201,0.0208,0.0408,0.3034
2026-04-29,faa,AGG,0.0187,0.0035,-0.0013,-0.0020,0.0419
2026-04-29,faa,DBC,0.7514,0.0595,0.2430,0.4054,0.5094
2026-04-29,faa,EEM,0.6526,0.1442,0.0312,0.1406,0.4739
2026-04-29,faa,EFA,0.2590,0.0614,-0.0116,0.0622,0.2212
2026-04-29,faa,SHY,0.0212,0.0019,0.0029,0.0098,0.0309
2026-04-29,faa,SPY,0.4859,0.1223,0.0227,0.0410,0.3024
2026-04-29,faa,VNQ,0.3969,0.0890,0.0744,0.0464,0.1294
2026-04-29,eaa,DBC,0.7514,0.0595,0.2430,0.4054,0.5094
2026-04-29,eaa,EEM,0.6521,0.1441,0.0311,0.1405,0.4737
2026-04-29,eaa,EFA,0.2593,0.0614,-0.0115,0.0623,0.2213
2026-04-29,eaa,GLD,0.0192,0.0065,-0.1563,0.1369,0.3501
2026-04-29,eaa,IEF,0.0006,-0.0007,-0.0011,-0.0082,0.0313
2026-04-29,eaa,SHY,0.0215,0.0020,0.0030,0.0098,0.0309
2026-04-29,eaa,SPY,0.4854,0.1223,0.0226,0.0409,0.3023
2026-04-29,eaa,VNQ,0.3969,0.0890,0.0744,0.0464,0.1294
2026-04-29,laa,GLD,0.0717,0.0062,-0.1565,0.1366,0.3497
2026-04-29,laa,IEF,0.0015,-0.0007,-0.0012,-0.0082,0.0312
2026-04-29,laa,IWD,1.6198,0.0826,0.0377,0.1020,0.2743
2026-04-29,laa,QQQ,2.8002,0.1783,0.0402,0.0500,0.3993
2026-04-29,laa,SHY,0.0860,0.0020,0.0030,0.0098,0.0309
2026-04-29,laa,SPY,1.9451,0.1224,0.0228,0.0411,0.3025
2026-04-30,daa,BND,0.0424,0.0016,-0.0005,-0.0052,0.0358
2026-04-30,daa,DBC,3.1203,0.0710,0.2255,0.4187,0.5290
2026-04-30,daa,EEM,2.3609,0.1149,0.0476,0.1532,0.4855
2026-04-30,daa,EWJ,1.2097,0.0506,0.0304,0.0965,0.2882
2026-04-30,daa,GLD,-0.0616,-0.0156,-0.1458,0.1625,0.3840
2026-04-30,daa,HYG,0.2976,0.0138,0.0052,0.0177,0.0766
2026-04-30,daa,IEF,-0.0165,-0.0018,-0.0015,-0.0085,0.0284
2026-04-30,daa,IWM,2.2177,0.1135,0.0504,0.1150,0.4235
2026-04-30,daa,LQD,0.0257,0.0024,-0.0058,-0.0145,0.0492
2026-04-30,daa,QQQ,2.4842,0.1476,0.0537,0.0492,0.3997
2026-04-30,daa,SHY,0.0839,0.0017,0.0031,0.0103,0.0309
2026-04-30,daa,SPY,1.6989,0.0981,0.0318,0.0454,0.3031
2026-04-30,daa,TLT,-0.2316,-0.0072,-0.0107,-0.0476,-0.0066
2026-04-30,daa,VGK,1.0220,0.0556,-0.0102,0.0830,0.2301
2026-04-30,daa,VNQ,1.4823,0.0785,0.0658,0.0737,0.1300
2026-04-30,daa,VWO,1.5178,0.0820,0.0146,0.0723,0.3314
2026-04-30,vaa,AGG,0.0530,0.0017,-0.0008,-0.0021,0.0400
2026-04-30,vaa,EEM,2.3576,0.1147,0.0474,0.1530,0.4853
2026-04-30,vaa,EFA,1.0439,0.0509,0.0037,0.0863,0.2460
2026-04-30,vaa,IEF,-0.0165,-0.0018,-0.0015,-0.0085,0.0284
2026-04-30,vaa,LQD,0.0249,0.0024,-0.0059,-0.0146,0.0491
2026-04-30,vaa,SHY,0.0850,0.0017,0.0032,0.0103,0.0309
2026-04-30,vaa,SPY,1.6968,0.0980,0.0317,0.0453,0.3030
2026-04-30,paa,DBC,3.1203,0.0710,0.2255,0.4187,0.5290
2026-04-30,paa,EEM,2.3576,0.1147,0.0474,0.1530,0.4853
2026-04-30,paa,EWJ,1.2109,0.0506,0.0305,0.0966,0.2883
2026-04-30,paa,GLD,-0.0786,-0.0165,-0.1466,0.1614,0.3827
2026-04-30,paa,HYG,0.2965,0.0137,0.0051,0.0176,0.0765
2026-04-30,paa,IEF,-0.0165,-0.0018,-0.0015,-0.0085,0.0284
2026-04-30,paa,IWM,2.2116,0.1132,0.0501,0.1146,0.4231
2026-04-30,paa,LQD,0.0240,0.0023,-0.0059,-0.0146,0.0491
2026-04-30,paa,QQQ,2.4826,0.1475,0.0536,0.0491,0.3996
2026-04-30,paa,SHY,0.0839,0.0017,0.0031,0.0103,0.0309
2026-04-30,paa,SPY,1.6988,0.0981,0.0318,0.0454,0.3031
2026-04-30,paa,TLT,-0.2305,-0.0072,-0.0107,-0.0475,-0.0065
2026-04-30,paa,VGK,1.0208,0.0555,-0.0103,0.0829,0.2301
2026-04-30,paa,VNQ,1.4812,0.0784,0.0658,0.0736,0.1299
2026-04-30,baa_g12,DBC,3.1203,0.0710,0.2255,0.4187,0.5290
2026-04-30,baa_g12,EEM,2.3576,0.1147,0.0474,0.1530,0.4853
2026-04-30,baa_g12,EWJ,1.2075,0.0505,0.0303,0.0964,0.2880
2026-04-30,baa_g12,GLD,-0.0792,-0.0165,-0.1466,0.1614,0.3827
2026-04-30,baa_g12,HYG,0.2989,0.0138,0.0052,0.0177,0.0767
2026-04-30,baa_g12,IEF,-0.0184,-0.0019,-0.0016,-0.0086,0.0283
2026-04-30,baa_g12,IWM,2.2177,0.1135,0.0504,0.1150,0.4235
2026-04-30,baa_g12,LQD,0.0240,0.0023,-0.0059,-0.0146,0.0491
2026-04-30,baa_g12,QQQ,2.4826,0.1475,0.0536,0.0491,0.3996
2026-04-30,baa_g12,SHY,0.0850,0.0017,0.0032,0.0103,0.0309
2026-04-30,baa_g12,SPY,1.6981,0.0981,0.0318,0.0453,0.3031
2026-04-30,baa_g12,TLT,-0.2316,-0.0072,-0.0107,-0.0476,-0.0066
2026-04-30,baa_g12,VGK,1.0185,0.0554,-0.0104,0.0828,0.2299
2026-04-30,baa_g12,VNQ,1.4802,0.0784,0.0657,0.0736,0.1299
2026-04-30,baa_g4,AGG,0.0520,0.0016,-0.0008,-0.0021,0.0399
2026-04-30,baa_g4,EEM,2.3576,0.1147,0.0474,0.1530,0.4853
2026-04-30,baa_g4,EFA,1.0429,0.0508,0.0037,0.0863,0.2459
2026-04-30,baa_g4,IEF,-0.0184,-0.0019,-0.0016,-0.0086,0.0283
2026-04-30,baa_g4,LQD,0.0222,0.0022,-0.0060,-0.0147,0.0490
2026-04-30,baa_g4,SHY,0.0839,0.0017,0.0031,0.0103,0.0309
2026-04-30,baa_g4,SPY,1.6940,0.0979,0.0316,0.0451,0.3028
2026-04-30,gem,AGG,0.0398,0.0016,-0.0009,-0.0022,0.0398
2026-04-30,gem,EFA,0.2454,0.0504,0.0033,0.0859,0.2454
2026-04-30,gem,SPY,0.3029,0.0979,0.0316,0.0451,0.3029
2026-04-30,haa,AGG,0.0511,0.0016,-0.0009,-0.0022,0.0398
2026-04-30,haa,EEM,2.3508,0.1144,0.0471,0.1526,0.4848
2026-04-30,haa,EFA,1.0351,0.0504,0.0033,0.0859,0.2454
2026-04-30,haa,IEF,-0.0185,-0.0019,-0.0016,-0.0086,0.0283
2026-04-30,haa,LQD,0.0222,0.0022,-0.0060,-0.0147,0.0490
2026-04-30,haa,SHY,0.0839,0.0017,0.0031,0.0103,0.0309
2026-04-30,haa,SPY,1.6936,0.0979,0.0315,0.0451,0.3028
2026-04-30,permanent,BIL,0.1471,0.0030,0.0088,0.0184,0.0396
2026-04-30,permanent,GLD,-0.0942,-0.0173,-0.1473,0.1605,0.3816
2026-04-30,permanent,SPY,1.6931,0.0978,0.0315,0.0451,0.3028
2026-04-30,permanent,TLT,-0.2349,-0.0074,-0.0109,-0.0477,-0.0067
2026-04-30,all_weather,DBC,3.1131,0.0706,0.2251,0.4183,0.5285
2026-04-30,all_weather,GLD,-0.0951,-0.0173,-0.1473,0.1604,0.3815
2026-04-30,all_weather,IEF,-0.0175,-0.0019,-0.0016,-0.0085,0.0283
2026-04-30,all_weather,SPY,1.6943,0.0979,0.0316,0.0451,0.3028
2026-04-30,all_weather,TLT,-0.2338,-0.0074,-0.0109,-0.0477,-0.0067
2026-04-30,golden_butterfly,GLD,-0.0960,-0.0174,-0.1474,0.1604,0.3815
2026-04-30,golden_butterfly,SHY,0.0839,0.0017,0.0031,0.0103,0.0309
2026-04-30,golden_butterfly,SPY,1.6929,0.0978,0.0315,0.0451,0.3028
2026-04-30,golden_butterfly,TLT,-0.2338,-0.0074,-0.0109,-0.0477,-0.0067
2026-04-30,golden_butterfly,VBR,1.5032,0.0662,0.0397,0.1210,0.3082
2026-04-30,gtaa,DBC,3.1131,0.0706,0.2251,0.4183,0.5285
2026-04-30,gtaa,EFA,1.0390,0.0506,0.0035,0.0861,0.2457
2026-04-30,gtaa,IEF,-0.0175,-0.0019,-0.0016,-0.0085,0.0283
2026-04-30,gtaa,SHY,0.0839,0.0017,0.0031,0.0103,0.0309
2026-04-30,gtaa,SPY,1.6937,0.0979,0.0316,0.0451,0.3028
2026-04-30,gtaa,VNQ,1.4791,0.0783,0.0657,0.0735,0.1298
2026-04-30,ivy,DBC,3.1131,0.0706,0.2251,0.4183,0.5285
2026-04-30,ivy,EFA,1.0390,0.0506,0.0035,0.0861,0.2457
2026-04-30,ivy,IEF,-0.0175,-0.0019,-0.0016,-0.0085,0.0283
2026-04-30,ivy,SHY,0.0839,0.0017,0.0031,0.0103,0.0309
2026-04-30,ivy,VNQ,1.4780,0.0782,0.0656,0.0734,0.1298
2026-04-30,ivy,VTI,1.6905,0.0970,0.0314,0.0476,0.3060
2026-04-30,faa,AGG,0.0125,0.0015,-0.0009,-0.0022,0.0398
2026-04-30,faa,DBC,0.7783,0.0706,0.2251,0.4183,0.5285
2026-04-30,faa,EEM,0.5890,0.1146,0.0473,0.1529,0.4852
2026-04-30,faa,EFA,0.2600,0.0507,0.0035,0.0861,0.2457
2026-04-30,faa,SHY,0.0210,0.0017,0.0031,0.0103,0.0309
2026-04-30,faa,SPY,0.4247,0.0981,0.0318,0.0454,0.3031
2026-04-30,faa,VNQ,0.3695,0.0782,0.0656,0.0734,0.1298
2026-04-30,eaa,DBC,0.7747,0.0699,0.2243,0.4173,0.5276
2026-04-30,eaa,EEM,0.5898,0.1148,0.0475,0.1531,0.4854
2026-04-30,eaa,EFA,0.2602,0.0507,0.0036,0.0862,0.2458
2026-04-30,eaa,GLD,-0.0231,-0.0172,-0.1472,0.1606,0.3817
2026-04-30,eaa,IEF,-0.0044,-0.0019,-0.0016,-0.0085,0.0283
2026-04-30,eaa,SHY,0.0210,0.0017,0.0031,0.0103,0.0309
2026-04-30,eaa,SPY,0.4248,0.0982,0.0318,0.0454,0.3032
2026-04-30,eaa,VNQ,0.3700,0.0784,0.0657,0.0736,0.1299
2026-04-30,laa,GLD,-0.0877,-0.0170,-0.1470,0.1609,0.3821
2026-04-30,laa,IEF,-0.0185,-0.0019,-0.0016,-0.0086,0.0283
2026-04-30,laa,IWD,1.6581,0.0770,0.0488,0.1262,0.2862
2026-04-30,laa,QQQ,2.4852,0.1477,0.0537,0.0493,0.3997
2026-04-30,laa,SHY,0.0839,0.0017,0.0031,0.0103,0.0309
2026-04-30,laa,SPY,1.7030,0.0984,0.0320,0.0456,0.3034
2026-05-01,daa,BND,0.0839,0.0030,0.0017,0.0015,0.0384
2026-05-01,daa,DBC,3.3285,0.0762,0.2634,0.4048,0.5510
2026-05-01,daa,EEM,2.6209,0.1211,0.0856,0.1619,0.5016
2026-05-01,daa,EWJ,0.8771,0.0216,0.0306,0.1012,0.2935
2026-05-01,daa,GLD,0.2471,-0.0274,-0.0430,0.1731,0.4018
2026-05-01,daa,HYG,0.3439,0.0149,0.0076,0.0244,0.0862
2026-05-01,daa,IEF,0.0458,0.0011,0.0011,-0.0000,0.0288
2026-05-01,daa,IWM,2.4047,0.1161,0.0746,0.1342,0.4448
2026-05-01,daa,LQD,0.0856,0.0041,-0.0021,-0.0062,0.0570
2026-05-01,daa,QQQ,2.7383,0.1538,0.0855,0.0631,0.4248
2026-05-01,daa,SHY,0.0959,0.0023,0.0029,0.0129,0.0302
2026-05-01,daa,SPY,1.8437,0.1022,0.0466,0.0567,0.3173
2026-05-01,daa,TLT,-0.1125,-0.0032,-0.0021,-0.0349,0.0046
2026-05-01,daa,VGK,0.9844,0.0454,0.0037,0.0939,0.2371
2026-05-01,daa,VNQ,1.5914,0.0802,0.0703,0.1078,0.1319
2026-05-01,daa,VWO,1.7459,0.0888,0.0452,0.0792,0.3408
2026-05-01,vaa,AGG,0.0918,0.0029,0.0013,0.0046,0.0428
2026-05-01,vaa,EEM,2.6260,0.1214,0.0859,0.1622,0.5019
2026-05-01,vaa,EFA,0.9609,0.0379,0.0160,0.0955,0.2509
2026-05-01,vaa,IEF,0.0474,0.0011,0.0012,0.0001,0.0289
2026-05-01,vaa,LQD,0.0891,0.0043,-0.0019,-0.0060,0.0572
2026-05-01,vaa,SHY,0.0959,0.0023,0.0029,0.0129,0.0302
2026-05-01,vaa,SPY,1.8427,0.1022,0.0465,0.0566,0.3173
2026-05-01,paa,DBC,3.3249,0.0760,0.2632,0.4046,0.5507
2026-05-01,paa,EEM,2.6243,0.1213,0.0858,0.1621,0.5018
2026-05-01,paa,EWJ,0.8805,0.0217,0.0308,0.1014,0.2937
2026-05-01,paa,GLD,0.2538,-0.0271,-0.0427,0.1735,0.4023
2026-05-01,paa,HYG,0.3427,0.0148,0.0076,0.0244,0.0861
2026-05-01,paa,IEF,0.0464,0.0011,0.0011,0.0000,0.0288
2026-05-01,paa,IWM,2.4047,0.1161,0.0746,0.1342,0.4448
2026-05-01,paa,LQD,0.0882,0.0042,-0.0020,-0.0060,0.0572
2026-05-01,paa,QQQ,2.7328,0.1535,0.0852,0.0628,0.4244
2026-05-01,paa,SHY,0.0935,0.0022,0.0028,0.0128,0.0300
2026-05-01,paa,SPY,1.8375,0.1019,0.0463,0.0563,0.3169
2026-05-01,paa,TLT,-0.1158,-0.0034,-0.0023,-0.0351,0.0044
2026-05-01,paa,VGK,0.9855,0.0454,0.0038,0.0940,0.2371
2026-05-01,paa,VNQ,1.5882,0.0800,0.0702,0.1076,0.1317
2026-05-01,baa_g12,DBC,3.3249,0.0760,0.2632,0.4046,0.5507
2026-05-01,baa_g12,EEM,2.6243,0.1213,0.0858,0.1621,0.5018
2026-05-01,baa_g12,EWJ,0.8782,0.0216,0.0307,0.1012,0.2936
2026-05-01,baa_g12,GLD,0.2479,-0.0274,-0.0429,0.1731,0.4019
2026-05-01,baa_g12,HYG,0.3427,0.0148,0.0076,0.0244,0.0861
2026-05-01,baa_g12,IEF,0.0464,0.0011,0.0011,0.0000,0.0288
2026-05-01,baa_g12,IWM,2.4046,0.1161,0.0746,0.1342,0.4448
2026-05-01,baa_g12,LQD,0.0882,0.0042,-0.0020,-0.0060,0.0572
2026-05-01,baa_g12,QQQ,2.7335,0.1535,0.0852,0.0629,0.4244
2026-05-01,baa_g12,SHY,0.0958,0.0023,0.0029,0.0129,0.0301
2026-05-01,baa_g12,SPY,1.8391,0.1020,0.0463,0.0564,0.3170
2026-05-01,baa_g12,TLT,-0.1136,-0.0033,-0.0022,-0.0350,0.0046
2026-05-01,baa_g12,VGK,0.9855,0.0454,0.0038,0.0940,0.2371
2026-05-01,baa_g12,VNQ,1.5914,0.0802,0.0703,0.1078,0.1319
2026-05-01,baa_g4,AGG,0.0909,0.0028,0.0013,0.0045,0.0428
2026-05-01,baa_g4,EEM,2.6260,0.1214,0.0859,0.1622,0.5019
2026-05-01,baa_g4,EFA,0.9551,0.0376,0.0157,0.0952,0.2505
2026-05-01,baa_g4,IEF,0.0464,0.0011,0.0011,0.0000,0.0288
2026-05-01,baa_g4,LQD,0.0873,0.0042,-0.0020,-0.0061,0.0571
2026-05-01,baa_g4,SHY,0.0935,0.0022,0.0028,0.0128,0.0300
2026-05-01,baa_g4,SPY,1.8427,0.1022,0.0465,0.0566,0.3173
2026-05-01,gem,AGG,0.0428,0.0029,0.0013,0.0046,0.0428
2026-05-01,gem,EFA,0.2509,0.0380,0.0160,0.0956,0.2509
2026-05-01,gem,SPY,0.3172,0.1021,0.0465,0.0565,0.3172
2026-05-01,haa,AGG,0.0918,0.0029,0.0013,0.0046,0.0428
2026-05-01,haa,EEM,2.6361,0.1219,0.0864,0.1627,0.5026
2026-05-01,haa,EFA,0.9580,0.0378,0.0158,0.0953,0.2507
2026-05-01,haa,IEF,0.0444,0.0010,0.0010,-0.0001,0.0287
2026-05-01,haa,LQD,0.0882,0.0042,-0.0020,-0.0060,0.0572
2026-05-01,haa,SHY,0.0947,0.0023,0.0029,0.0129,0.0301
2026-05-01,haa,SPY,1.8401,0.1020,0.0464,0.0565,0.3171
2026-05-01,permanent,BIL,0.1475,0.0030,0.0088,0.0183,0.0398
2026-05-01,permanent,GLD,0.2434,-0.0276,-0.0432,0.1728,0.4015
2026-05-01,permanent,SPY,1.8407,0.1021,0.0464,0.0565,0.3171
2026-05-01,permanent,TLT,-0.1169,-0.0035,-0.0024,-0.0351,0.0044
2026-05-01,all_weather,DBC,3.3104,0.0753,0.2624,0.4037,0.5497
2026-05-01,all_weather,GLD,0.2398,-0.0278,-0.0434,0.1726,0.4013
2026-05-01,all_weather,IEF,0.0454,0.0010,0.0011,-0.0000,0.0288
2026-05-01,all_weather,SPY,1.8392,0.1020,0.0463,0.0564,0.3170
2026-05-01,all_weather,TLT,-0.1169,-0.0035,-0.0024,-0.0351,0.0044
2026-05-01,golden_butterfly,GLD,0.2398,-0.0278,-0.0434,0.1726,0.4013
2026-05-01,golden_butterfly,SHY,0.0947,0.0023,0.0029,0.0129,0.0301
2026-05-01,golden_butterfly,SPY,1.8394,0.1020,0.0464,0.0564,0.3170
2026-05-01,golden_butterfly,TLT,-0.1169,-0.0035,-0.0024,-0.0351,0.0044
2026-05-01,golden_butterfly,VBR,1.5208,0.0633,0.0457,0.1321,0.3144
2026-05-01,gtaa,DBC,3.3104,0.0753,0.2624,0.4037,0.5497
2026-05-01,gtaa,EFA,0.9590,0.0378,0.0159,0.0954,0.2507
2026-05-01,gtaa,IEF,0.0454,0.0010,0.0011,-0.0000,0.0288
2026-05-01,gtaa,SHY,0.0947,0.0023,0.0029,0.0129,0.0301
2026-05-01,gtaa,SPY,1.8395,0.1020,0.0464,0.0564,0.3171
2026-05-01,gtaa,VNQ,1.5946,0.0804,0.0705,0.1080,0.1321
2026-05-01,ivy,DBC,3.3104,0.0753,0.2624,0.4037,0.5497
2026-05-01,ivy,EFA,0.9580,0.0378,0.0158,0.0953,0.2507
2026-05-01,ivy,IEF,0.0444,0.0010,0.0010,-0.0001,0.0287
2026-05-01,ivy,SHY,0.0947,0.0023,0.0029,0.0129,0.0301
2026-05-01,ivy,VNQ,1.5968,0.0805,0.0706,0.1081,0.1322
2026-05-01,ivy,VTI,1.8441,0.1009,0.0482,0.0601,0.3198
2026-05-01,faa,AGG,0.0222,0.0027,0.0012,0.0044,0.0427
2026-05-01,faa,DBC,0.8276,0.0753,0.2624,0.4037,0.5497
2026-05-01,faa,EEM,0.6582,0.1217,0.0862,0.1625,0.5024
2026-05-01,faa,EFA,0.2380,0.0375,0.0155,0.0950,0.2503
2026-05-01,faa,SHY,0.0237,0.0023,0.0029,0.0129,0.0301
2026-05-01,faa,SPY,0.4588,0.1018,0.0462,0.0562,0.3168
2026-05-01,faa,VNQ,0.3979,0.0802,0.0703,0.1078,0.1319
2026-05-01,eaa,DBC,0.8276,0.0753,0.2624,0.4037,0.5497
2026-05-01,eaa,EEM,0.6557,0.1212,0.0857,0.1620,0.5017
2026-05-01,eaa,EFA,0.2373,0.0373,0.0154,0.0949,0.2501
2026-05-01,eaa,GLD,0.0604,-0.0277,-0.0433,0.1727,0.4014
2026-05-01,eaa,IEF,0.0103,0.0008,0.0009,-0.0003,0.0286
2026-05-01,eaa,SHY,0.0237,0.0023,0.0029,0.0129,0.0301
2026-05-01,eaa,SPY,0.4580,0.1016,0.0460,0.0561,0.3166
2026-05-01,eaa,VNQ,0.3979,0.0802,0.0703,0.1078,0.1319
2026-05-01,laa,GLD,0.2378,-0.0279,-0.0435,0.1725,0.4011
2026-05-01,laa,IEF,0.0394,0.0007,0.0008,-0.0004,0.0285
2026-05-01,laa,IWD,1.6803,0.0747,0.0546,0.1380,0.2897
2026-05-01,laa,QQQ,2.7183,0.1527,0.0845,0.0621,0.4235
2026-05-01,laa,SHY,0.0947,0.0023,0.0029,0.0129,0.0301
2026-05-01,laa,SPY,1.8288,0.1014,0.0458,0.0559,0.3164
2026-05-04,daa,BND,-0.0176,-0.0037,-0.0018,-0.0012,0.0366
2026-05-04,daa,DBC,3.5991,0.0701,0.3333,0.4279,0.5695
2026-05-04,daa,EEM,2.7472,0.1318,0.0805,0.1721,0.4993
2026-05-04,daa,EWJ,0.9648,0.0317,0.0245,0.0970,0.2930
2026-05-04,daa,GLD,0.1425,-0.0325,-0.0273,0.1225,0.3967
2026-05-04,daa,HYG,0.2364,0.0083,0.0029,0.0222,0.0804
2026-05-04,daa,IEF,-0.0659,-0.0065,-0.0022,-0.0038,0.0279
2026-05-04,daa,IWM,2.1602,0.1021,0.0582,0.1369,0.4278
2026-05-04,daa,LQD,-0.0497,-0.0055,-0.0065,-0.0062,0.0551
2026-05-04,daa,QQQ,2.6432,0.1491,0.0749,0.0764,0.4022
2026-05-04,daa,SHY,0.0624,0.0002,0.0018,0.0111,0.0306
2026-05-04,daa,SPY,1.6888,0.0940,0.0346,0.0614,0.2995
2026-05-04,daa,TLT,-0.3282,-0.0183,-0.0083,-0.0381,0.0006
2026-05-04,daa,VGK,0.5762,0.0267,-0.0267,0.0743,0.2135
2026-05-04,daa,VNQ,1.2558,0.0557,0.0714,0.0922,0.1176
2026-05-04,daa,VWO,1.7354,0.0911,0.0343,0.0850,0.3346
2026-05-04,vaa,AGG,-0.0106,-0.0039,-0.0020,0.0019,0.0410
2026-05-04,vaa,EEM,2.7489,0.1319,0.0805,0.1721,0.4994
2026-05-04,vaa,EFA,0.6813,0.0264,-0.0080,0.0814,0.2333
2026-05-04,vaa,IEF,-0.0644,-0.0064,-0.0021,-0.0037,0.0280
2026-05-04,vaa,LQD,-0.0479,-0.0054,-0.0065,-0.0061,0.0552
2026-05-04,vaa,SHY,0.0634,0.0003,0.0018,0.0111,0.0306
2026-05-04,vaa,SPY,1.6914,0.0942,0.0347,0.0615,0.2996
2026-05-04,paa,DBC,3.5991,0.0701,0.3333,0.4279,0.5695
2026-05-04,paa,EEM,2.7540,0.1322,0.0808,0.1724,0.4998
2026-05-04,paa,EWJ,0.9760,0.0322,0.0250,0.0976,0.2937
2026-05-04,paa,GLD,0.1342,-0.0329,-0.0277,0.1220,0.3961
2026-05-04,paa,HYG,0.2376,0.0084,0.0030,0.0222,0.0804
2026-05-04,paa,IEF,-0.0644,-0.0064,-0.0021,-0.0037,0.0280
2026-05-04,paa,IWM,2.1636,0.1023,0.0584,0.1371,0.4280
2026-05-04,paa,LQD,-0.0479,-0.0054,-0.0065,-0.0061,0.0552
2026-05-04,paa,QQQ,2.6354,0.1486,0.0745,0.0760,0.4017
2026-05-04,paa,SHY,0.0634,0.0003,0.0018,0.0111,0.0306
2026-05-04,paa,SPY,1.6845,0.0938,0.0344,0.0612,0.2992
2026-05-04,paa,TLT,-0.3293,-0.0183,-0.0084,-0.0381,0.0005
2026-05-04,paa,VGK,0.5716,0.0265,-0.0269,0.0741,0.2132
2026-05-04,paa,VNQ,1.2526,0.0555,0.0712,0.0920,0.1174
2026-05-04,baa_g12,DBC,3.5991,0.0701,0.3333,0.4279,0.5695
2026-05-04,baa_g12,EEM,2.7404,0.1315,0.0801,0.1717,0.4989
2026-05-04,baa_g12,EWJ,0.9647,0.0317,0.0244,0.0970,0.2930
2026-05-04,baa_g12,GLD,0.1366,-0.0328,-0.0276,0.1221,0.3963
2026-05-04,baa_g12,HYG,0.2364,0.0083,0.0029,0.0222,0.0804
2026-05-04,baa_g12,IEF,-0.0664,-0.0065,-0.0022,-0.0038,0.0279
2026-05-04,baa_g12,IWM,2.1628,0.1023,0.0584,0.1371,0.4279
2026-05-04,baa_g12,LQD,-0.0497,-0.0055,-0.0065,-0.0062,0.0551
2026-05-04,baa_g12,QQQ,2.6363,0.1487,0.0745,0.0761,0.4018
2026-05-04,baa_g12,SHY,0.0619,0.0002,0.0017,0.0110,0.0306
2026-05-04,baa_g12,SPY,1.6853,0.0938,0.0344,0.0612,0.2993
2026-05-04,baa_g12,TLT,-0.3315,-0.0185,-0.0085,-0.0382,0.0004
2026-05-04,baa_g12,VGK,0.5739,0.0266,-0.0268,0.0742,0.2134
2026-05-04,baa_g12,VNQ,1.2504,0.0554,0.0711,0.0919,0.1173
2026-05-04,baa_g4,AGG,-0.0096,-0.0039,-0.0020,0.0020,0.0410
2026-05-04,baa_g4,EEM,2.7455,0.1317,0.0804,0.1720,0.4992
2026-05-04,baa_g4,EFA,0.6755,0.0261,-0.0083,0.0811,0.2329
2026-05-04,baa_g4,IEF,-0.0654,-0.0064,-0.0021,-0.0038,0.0279
2026-05-04,baa_g4,LQD,-0.0497,-0.0055,-0.0065,-0.0062,0.0551
2026-05-04,baa_g4,SHY,0.0624,0.0002,0.0018,0.0111,0.0306
2026-05-04,baa_g4,SPY,1.6853,0.0938,0.0344,0.0612,0.2993
2026-05-04,gem,AGG,0.0410,-0.0039,-0.0020,0.0020,0.0410
2026-05-04,gem,EFA,0.2330,0.0262,-0.0082,0.0812,0.2330
2026-05-04,gem,SPY,0.2993,0.0939,0.0345,0.0613,0.2993
2026-05-04,haa,AGG,-0.0096,-0.0039,-0.0020,0.0020,0.0410
2026-05-04,haa,EEM,2.7455,0.1317,0.0804,0.1720,0.4992
2026-05-04,haa,EFA,0.6772,0.0262,-0.0082,0.0812,0.2330
2026-05-04,haa,IEF,-0.0654,-0.0064,-0.0021,-0.0038,0.0279
2026-05-04,haa,LQD,-0.0497,-0.0055,-0.0065,-0.0062,0.0551
2026-05-04,haa,SHY,0.0624,0.0002,0.0018,0.0111,0.0306
2026-05-04,haa,SPY,1.6847,0.0938,0.0344,0.0612,0.2992
2026-05-04,permanent,BIL,0.1456,0.0028,0.0087,0.0184,0.0396
2026-05-04,permanent,GLD,0.1402,-0.0326,-0.0274,0.1223,0.3965
2026-05-04,permanent,SPY,1.6845,0.0938,0.0344,0.0612,0.2992
2026-05-04,permanent,TLT,-0.3326,-0.0185,-0.0086,-0.0383,0.0004
2026-05-04,all_weather,DBC,3.5991,0.0701,0.3333,0.4279,0.5695
2026-05-04,all_weather,GLD,0.1418,-0.0325,-0.0274,0.1224,0.3966
2026-05-04,all_weather,IEF,-0.0654,-0.0064,-0.0021,-0.0038,0.0279
2026-05-04,all_weather,SPY,1.6807,0.0936,0.0342,0.0610,0.2990
2026-05-04,all_weather,TLT,-0.3315,-0.0185,-0.0085,-0.0382,0.0004
2026-05-04,golden_butterfly,GLD,0.1402,-0.0326,-0.0274,0.1223,0.3965
2026-05-04,golden_butterfly,SHY,0.0613,0.0002,0.0017,0.0110,0.0305
2026-05-04,golden_butterfly,SPY,1.6810,0.0936,0.0342,0.0610,0.2990
2026-05-04,golden_butterfly,TLT,-0.3315,-0.0185,-0.0085,-0.0382,0.0004
2026-05-04,golden_butterfly,VBR,1.2240,0.0482,0.0243,0.1264,0.2959
2026-05-04,gtaa,DBC,3.6027,0.0702,0.3335,0.4281,0.5698
2026-05-04,gtaa,EFA,0.6784,0.0263,-0.0081,0.0813,0.2331
2026-05-04,gtaa,IEF,-0.0654,-0.0064,-0.0021,-0.0038,0.0279
2026-05-04,gtaa,SHY,0.0624,0.0002,0.0018,0.0111,0.0306
2026-05-04,gtaa,SPY,1.6856,0.0939,0.0344,0.0612,0.2993
2026-05-04,gtaa,VNQ,1.2547,0.0556,0.0713,0.0921,0.1175
2026-05-04,ivy,DBC,3.6027,0.0702,0.3335,0.4281,0.5698
2026-05-04,ivy,EFA,0.6823,0.0265,-0.0079,0.0815,0.2333
2026-05-04,ivy,IEF,-0.0644,-0.0064,-0.0021,-0.0037,0.0280
2026-05-04,ivy,SHY,0.0624,0.0002,0.0018,0.0111,0.0306
2026-05-04,ivy,VNQ,1.2568,0.0557,0.0714,0.0923,0.1177
2026-05-04,ivy,VTI,1.6854,0.0924,0.0359,0.0650,0.3035
2026-05-04,faa,AGG,-0.0025,-0.0039,-0.0020,0.0020,0.0410
2026-05-04,faa,DBC,0.9007,0.0702,0.3335,0.4281,0.5698
2026-05-04,faa,EEM,0.6872,0.1319,0.0805,0.1721,0.4994
2026-05-04,faa,EFA,0.1701,0.0264,-0.0080,0.0814,0.2332
2026-05-04,faa,SHY,0.0156,0.0002,0.0018,0.0111,0.0306
2026-05-04,faa,SPY,0.4213,0.0938,0.0344,0.0612,0.2993
2026-05-04,faa,VNQ,0.3134,0.0556,0.0713,0.0921,0.1175
2026-05-04,eaa,DBC,0.9007,0.0702,0.3335,0.4281,0.5698
2026-05-04,eaa,EEM,0.6884,0.1322,0.0808,0.1724,0.4998
2026-05-04,eaa,EFA,0.1701,0.0264,-0.0080,0.0814,0.2332
2026-05-04,eaa,GLD,0.0372,-0.0322,-0.0270,0.1228,0.3971
2026-05-04,eaa,IEF,-0.0164,-0.0064,-0.0021,-0.0038,0.0279
2026-05-04,eaa,SHY,0.0153,0.0002,0.0017,0.0110,0.0305
2026-05-04,eaa,SPY,0.4218,0.0939,0.0345,0.0613,0.2994
2026-05-04,eaa,VNQ,0.3129,0.0555,0.0711,0.0920,0.1174
2026-05-04,laa,GLD,0.1397,-0.0326,-0.0275,0.1223,0.3965
2026-05-04,laa,IEF,-0.0654,-0.0064,-0.0021,-0.0038,0.0279
2026-05-04,laa,IWD,1.4994,0.0654,0.0398,0.1364,0.2831
2026-05-04,laa,QQQ,2.6379,0.1488,0.0746,0.0762,0.4019
2026-05-04,laa,SHY,0.0624,0.0002,0.0018,0.0111,0.0306
2026-05-04,laa,SPY,1.6882,0.0940,0.0345,0.0614,0.2994
2026-05-05,daa,BND,0.0594,0.0006,0.0008,0.0019,0.0447
2026-05-05,daa,DBC,3.1798,0.0555,0.2884,0.4057,0.5493
2026-05-05,daa,EEM,3.0608,0.1473,0.0994,0.2019,0.4913
2026-05-05,daa,EWJ,1.1329,0.0420,0.0287,0.1085,0.2971
2026-05-05,daa,GLD,0.1168,-0.0209,-0.0783,0.1375,0.4052
2026-05-05,daa,HYG,0.2529,0.0086,0.0056,0.0242,0.0792
2026-05-05,daa,IEF,0.0156,-0.0013,-0.0006,-0.0017,0.0375
2026-05-05,daa,IWM,2.4173,0.1166,0.0742,0.1503,0.4207
2026-05-05,daa,LQD,0.0919,0.0020,-0.0010,0.0038,0.0640
2026-05-05,daa,QQQ,2.8921,0.1578,0.1066,0.0859,0.4006
2026-05-05,daa,SHY,0.0901,0.0019,0.0026,0.0115,0.0334
2026-05-05,daa,SPY,1.8099,0.0980,0.0522,0.0668,0.2912
2026-05-05,daa,TLT,-0.1948,-0.0111,-0.0051,-0.0296,0.0173
2026-05-05,daa,VGK,0.7953,0.0357,-0.0079,0.0959,0.2069
2026-05-05,daa,VNQ,1.3107,0.0585,0.0782,0.0938,0.1085
2026-05-05,daa,VWO,1.9010,0.0997,0.0466,0.1017,0.3146
2026-05-05,vaa,AGG,0.0740,0.0009,0.0008,0.0055,0.0492
2026-05-05,vaa,EEM,3.0608,0.1473,0.0994,0.2019,0.4913
2026-05-05,vaa,EFA,0.8706,0.0354,0.0052,0.0988,0.2268
2026-05-05,vaa,IEF,0.0166,-0.0013,-0.0005,-0.0017,0.0375
2026-05-05,vaa,LQD,0.0910,0.0020,-0.0011,0.0038,0.0639
2026-05-05,vaa,SHY,0.0901,0.0019,0.0026,0.0115,0.0334
2026-05-05,vaa,SPY,1.8102,0.0980,0.0522,0.0668,0.2913
2026-05-05,paa,DBC,3.1798,0.0555,0.2884,0.4057,0.5493
2026-05-05,paa,EEM,3.0658,0.1476,0.0997,0.2021,0.4916
2026-05-05,paa,EWJ,1.1340,0.0421,0.0287,0.1085,0.2972
2026-05-05,paa,GLD,0.1134,-0.0210,-0.0784,0.1373,0.4050
2026-05-05,paa,HYG,0.2529,0.0086,0.0056,0.0242,0.0792
2026-05-05,paa,IEF,0.0166,-0.0013,-0.0005,-0.0017,0.0375
2026-05-05,paa,IWM,2.4208,0.1168,0.0744,0.1505,0.4209
2026-05-05,paa,LQD,0.0936,0.0021,-0.0009,0.0039,0.0641
2026-05-05,paa,QQQ,2.8934,0.1579,0.1066,0.0859,0.4007
2026-05-05,paa,SHY,0.0897,0.0019,0.0026,0.0114,0.0333
2026-05-05,paa,SPY,1.8098,0.0980,0.0522,0.0668,0.2912
2026-05-05,paa,TLT,-0.1941,-0.0110,-0.0050,-0.0296,0.0174
2026-05-05,paa,VGK,0.7976,0.0358,-0.0078,0.0960,0.2070
2026-05-05,paa,VNQ,1.3086,0.0584,0.0780,0.0937,0.1084
2026-05-05,baa_g12,DBC,3.1798,0.0555,0.2884,0.4057,0.5493
2026-05-05,baa_g12,EEM,3.0608,0.1473,0.0994,0.2019,0.4913
2026-05-05,baa_g12,EWJ,1.1306,0.0419,0.0286,0.1083,0.2970
2026-05-05,baa_g12,GLD,0.1099,-0.0212,-0.0786,0.1371,0.4047
2026-05-05,baa_g12,HYG,0.2517,0.0085,0.0055,0.0242,0.0792
2026-05-05,baa_g12,IEF,0.0166,-0.0013,-0.0005,-0.0017,0.0375
2026-05-05,baa_g12,IWM,2.4200,0.1167,0.0744,0.1504,0.4209
2026-05-05,baa_g12,LQD,0.0928,0.0021,-0.0010,0.0039,0.0640
2026-05-05,baa_g12,QQQ,2.8921,0.1578,0.1066,0.0859,0.4006
2026-05-05,baa_g12,SHY,0.0897,0.0019,0.0026,0.0114,0.0333
2026-05-05,baa_g12,SPY,1.8086,0.0980,0.0521,0.0668,0.2912
2026-05-05,baa_g12,TLT,-0.1941,-0.0110,-0.0050,-0.0296,0.0174
2026-05-05,baa_g12,VGK,0.7953,0.0357,-0.0079,0.0959,0.2069
2026-05-05,baa_g12,VNQ,1.3086,0.0584,0.0780,0.0937,0.1084
2026-05-05,baa_g4,AGG,0.0740,0.0009,0.0008,0.0055,0.0492
2026-05-05,baa_g4,EEM,3.0625,0.1474,0.0995,0.2020,0.4914
2026-05-05,baa_g4,EFA,0.8706,0.0354,0.0052,0.0988,0.2268
2026-05-05,baa_g4,IEF,0.0165,-0.0013,-0.0005,-0.0017,0.0375
2026-05-05,baa_g4,LQD,0.0945,0.0022,-0.0009,0.0040,0.0641
2026-05-05,baa_g4,SHY,0.0897,0.0019,0.0026,0.0114,0.0333
2026-05-05,baa_g4,SPY,1.8089,0.0980,0.0521,0.0668,0.2912
2026-05-05,gem,AGG,0.0492,0.0009,0.0008,0.0055,0.0492
2026-05-05,gem,EFA,0.2268,0.0355,0.0052,0.0988,0.2268
2026-05-05,gem,SPY,0.2913,0.0981,0.0522,0.0669,0.2913
2026-05-05,haa,AGG,0.0740,0.0009,0.0008,0.0055,0.0492
2026-05-05,haa,EEM,3.0642,0.1475,0.0996,0.2020,0.4915
2026-05-05,haa,EFA,0.8715,0.0355,0.0053,0.0989,0.2268
2026-05-05,haa,IEF,0.0166,-0.0013,-0.0005,-0.0017,0.0375
2026-05-05,haa,LQD,0.0954,0.0022,-0.0008,0.0040,0.0642
2026-05-05,haa,SHY,0.0897,0.0019,0.0026,0.0114,0.0333
2026-05-05,haa,SPY,1.8101,0.0980,0.0522,0.0668,0.2912
2026-05-05,permanent,BIL,0.1453,0.0028,0.0089,0.0184,0.0394
2026-05-05,permanent,GLD,0.1118,-0.0211,-0.0785,0.1372,0.4049
2026-05-05,permanent,SPY,1.8098,0.0980,0.0522,0.0668,0.2912
2026-05-05,permanent,TLT,-0.1952,-0.0111,-0.0051,-0.0297,0.0173
2026-05-05,all_weather,DBC,3.1727,0.0551,0.2880,0.4053,0.5488
2026-05-05,all_weather,GLD,0.1086,-0.0213,-0.0787,0.1370,0.4046
2026-05-05,all_weather,IEF,0.0166,-0.0013,-0.0005,-0.0017,0.0375
2026-05-05,all_weather,SPY,1.8095,0.0980,0.0521,0.0668,0.2912
2026-05-05,all_weather,TLT,-0.1952,-0.0111,-0.0051,-0.0297,0.0173
2026-05-05,golden_butterfly,GLD,0.1056,-0.0214,-0.0788,0.1368,0.4044
2026-05-05,golden_butterfly,SHY,0.0897,0.0019,0.0026,0.0114,0.0333
2026-05-05,golden_butterfly,SPY,1.8081,0.0979,0.0521,0.0667,0.2911
2026-05-05,golden_butterfly,TLT,-0.1952,-0.0111,-0.0051,-0.0297,0.0173
2026-05-05,golden_butterfly,VBR,1.3856,0.0577,0.0343,0.1357,0.2850
2026-05-05,gtaa,DBC,3.1727,0.0551,0.2880,0.4053,0.5488
2026-05-05,gtaa,EFA,0.8706,0.0354,0.0052,0.0988,0.2268
2026-05-05,gtaa,IEF,0.0156,-0.0013,-0.0006,-0.0017,0.0375
2026-05-05,gtaa,SHY,0.0897,0.0019,0.0026,0.0114,0.0333
2026-05-05,gtaa,SPY,1.8078,0.0979,0.0521,0.0667,0.2911
2026-05-05,gtaa,VNQ,1.3086,0.0584,0.0780,0.0937,0.1084
2026-05-05,ivy,DBC,3.1727,0.0551,0.2880,0.4053,0.5488
2026-05-05,ivy,EFA,0.8676,0.0353,0.0051,0.0987,0.2266
2026-05-05,ivy,IEF,0.0156,-0.0013,-0.0006,-0.0017,0.0375
2026-05-05,ivy,SHY,0.0897,0.0019,0.0026,0.0114,0.0333
2026-05-05,ivy,VNQ,1.3064,0.0583,0.0779,0.0936,0.1083
2026-05-05,ivy,VTI,1.8117,0.0970,0.0531,0.0700,0.2948
2026-05-05,faa,AGG,0.0185,0.0009,0.0008,0.0055,0.0492
2026-05-05,faa,DBC,0.7932,0.0551,0.2880,0.4053,0.5488
2026-05-05,faa,EEM,0.7644,0.1472,0.0992,0.2017,0.4910
2026-05-05,faa,EFA,0.2169,0.0353,0.0051,0.0987,0.2266
2026-05-05,faa,SHY,0.0224,0.0019,0.0026,0.0114,0.0333
2026-05-05,faa,SPY,0.4516,0.0978,0.0520,0.0667,0.2910
2026-05-05,faa,VNQ,0.3263,0.0582,0.0779,0.0936,0.1083
2026-05-05,eaa,DBC,0.7932,0.0551,0.2880,0.4053,0.5488
2026-05-05,eaa,EEM,0.7635,0.1470,0.0991,0.2015,0.4908
2026-05-05,eaa,EFA,0.2167,0.0352,0.0050,0.0986,0.2265
2026-05-05,eaa,GLD,0.0249,-0.0217,-0.0791,0.1365,0.4040
2026-05-05,eaa,IEF,0.0036,-0.0014,-0.0006,-0.0018,0.0374
2026-05-05,eaa,SHY,0.0224,0.0019,0.0026,0.0114,0.0333
2026-05-05,eaa,SPY,0.4513,0.0978,0.0519,0.0666,0.2909
2026-05-05,eaa,VNQ,0.3253,0.0580,0.0776,0.0933,0.1080
2026-05-05,laa,GLD,0.0967,-0.0219,-0.0792,0.1363,0.4038
2026-05-05,laa,IEF,0.0146,-0.0014,-0.0006,-0.0018,0.0374
2026-05-05,laa,IWD,1.6142,0.0710,0.0494,0.1438,0.2768
2026-05-05,laa,QQQ,2.8867,0.1575,0.1063,0.0856,0.4003
2026-05-05,laa,SHY,0.0897,0.0019,0.0026,0.0114,0.0333
2026-05-05,laa,SPY,1.8058,0.0978,0.0520,0.0666,0.2910
2026-05-06,daa,BND,0.1159,0.0024,0.0045,0.0097,0.0496
2026-05-06,daa,DBC,2.6467,0.0327,0.2538,0.3601,0.5189
2026-05-06,daa,EEM,3.5897,0.1715,0.1418,0.2237,0.5165
2026-05-06,daa,EWJ,1.5790,0.0681,0.0440,0.1329,0.3196
2026-05-06,daa,GLD,0.4613,-0.0047,-0.0533,0.1654,0.4004
2026-05-06,daa,HYG,0.3050,0.0106,0.0091,0.0297,0.0821
2026-05-06,daa,IEF,0.0623,-0.0000,0.0035,0.0026,0.0433
2026-05-06,daa,IWM,2.6977,0.1274,0.0964,0.1676,0.4486
2026-05-06,daa,LQD,0.1609,0.0046,0.0039,0.0102,0.0694
2026-05-06,daa,QQQ,3.2852,0.1744,0.1426,0.0964,0.4294
2026-05-06,daa,SHY,0.1023,0.0024,0.0034,0.0126,0.0347
2026-05-06,daa,SPY,2.0388,0.1087,0.0680,0.0756,0.3118
2026-05-06,daa,TLT,-0.0353,-0.0037,0.0047,-0.0201,0.0305
2026-05-06,daa,VGK,1.3227,0.0646,0.0154,0.1250,0.2353
2026-05-06,daa,VNQ,1.5607,0.0739,0.0799,0.1130,0.1288
2026-05-06,daa,VWO,2.2749,0.1182,0.0722,0.1195,0.3282
2026-05-06,vaa,AGG,0.1279,0.0029,0.0047,0.0100,0.0545
2026-05-06,vaa,EEM,3.5846,0.1713,0.1416,0.2235,0.5162
2026-05-06,vaa,EFA,1.3505,0.0619,0.0261,0.1248,0.2541
2026-05-06,vaa,IEF,0.0643,0.0001,0.0036,0.0027,0.0435
2026-05-06,vaa,LQD,0.1609,0.0046,0.0039,0.0102,0.0694
2026-05-06,vaa,SHY,0.1029,0.0024,0.0034,0.0127,0.0348
2026-05-06,vaa,SPY,2.0364,0.1085,0.0679,0.0755,0.3117
2026-05-06,paa,DBC,2.6467,0.0327,0.2538,0.3601,0.5189
2026-05-06,paa,EEM,3.5897,0.1715,0.1418,0.2237,0.5165
2026-05-06,paa,EWJ,1.5774,0.0681,0.0439,0.1328,0.3195
2026-05-06,paa,GLD,0.4613,-0.0047,-0.0533,0.1654,0.4004
2026-05-06,paa,HYG,0.3050,0.0106,0.0091,0.0297,0.0821
2026-05-06,paa,IEF,0.0623,-0.0000,0.0035,0.0026,0.0433
2026-05-06,paa,IWM,2.7000,0.1275,0.0965,0.1678,0.4488
2026-05-06,paa,LQD,0.1609,0.0046,0.0039,0.0102,0.0694
2026-05-06,paa,QQQ,3.2885,0.1746,0.1427,0.0965,0.4296
2026-05-06,paa,SHY,0.1029,0.0024,0.0034,0.0127,0.0348
2026-05-06,paa,SPY,2.0381,0.1086,0.0679,0.0756,0.3118
2026-05-06,paa,TLT,-0.0375,-0.0038,0.0046,-0.0202,0.0304
2026-05-06,paa,VGK,1.3204,0.0645,0.0153,0.1249,0.2351
2026-05-06,paa,VNQ,1.5586,0.0738,0.0798,0.1128,0.1287
2026-05-06,baa_g12,DBC,2.6182,0.0313,0.2522,0.3583,0.5169
2026-05-06,baa_g12,EEM,3.5956,0.1718,0.1421,0.2241,0.5169
2026-05-06,baa_g12,EWJ,1.5807,0.0682,0.0441,0.1330,0.3197
2026-05-06,baa_g12,GLD,0.4658,-0.0045,-0.0531,0.1657,0.4008
2026-05-06,baa_g12,HYG,0.3050,0.0106,0.0091,0.0297,0.0821
2026-05-06,baa_g12,IEF,0.0633,0.0000,0.0035,0.0027,0.0434
2026-05-06,baa_g12,IWM,2.7030,0.1276,0.0966,0.1679,0.4490
2026-05-06,baa_g12,LQD,0.1635,0.0047,0.0041,0.0104,0.0696
2026-05-06,baa_g12,QQQ,3.2885,0.1746,0.1427,0.0965,0.4296
2026-05-06,baa_g12,SHY,0.1012,0.0023,0.0033,0.0126,0.0347
2026-05-06,baa_g12,SPY,2.0389,0.1087,0.0680,0.0756,0.3118
2026-05-06,baa_g12,TLT,-0.0298,-0.0034,0.0050,-0.0198,0.0308
2026-05-06,baa_g12,VGK,1.3261,0.0648,0.0156,0.1252,0.2355
2026-05-06,baa_g12,VNQ,1.5564,0.0737,0.0796,0.1127,0.1286
2026-05-06,baa_g4,AGG,0.1298,0.0030,0.0048,0.0101,0.0546
2026-05-06,baa_g4,EEM,3.5964,0.1719,0.1422,0.2241,0.5170
2026-05-06,baa_g4,EFA,1.3593,0.0623,0.0265,0.1253,0.2547
2026-05-06,baa_g4,IEF,0.0663,0.0002,0.0037,0.0028,0.0436
2026-05-06,baa_g4,LQD,0.1670,0.0049,0.0042,0.0106,0.0697
2026-05-06,baa_g4,SHY,0.1016,0.0024,0.0033,0.0126,0.0347
2026-05-06,baa_g4,SPY,2.0441,0.1089,0.0683,0.0759,0.3122
2026-05-06,gem,AGG,0.0546,0.0030,0.0048,0.0101,0.0546
2026-05-06,gem,EFA,0.2553,0.0628,0.0270,0.1258,0.2553
2026-05-06,gem,SPY,0.3121,0.1088,0.0682,0.0758,0.3121
2026-05-06,haa,AGG,0.1318,0.0031,0.0049,0.0102,0.0547
2026-05-06,haa,EEM,3.6014,0.1721,0.1424,0.2244,0.5173
2026-05-06,haa,EFA,1.3661,0.0627,0.0269,0.1257,0.2551
2026-05-06,haa,IEF,0.0683,0.0003,0.0038,0.0029,0.0437
2026-05-06,haa,LQD,0.1661,0.0049,0.0042,0.0105,0.0697
2026-05-06,haa,SHY,0.1012,0.0023,0.0033,0.0126,0.0347
2026-05-06,haa,SPY,2.0433,0.1089,0.0682,0.0758,0.3121
2026-05-06,permanent,BIL,0.1438,0.0027,0.0087,0.0183,0.0395
2026-05-06,permanent,GLD,0.4776,-0.0039,-0.0525,0.1664,0.4016
2026-05-06,permanent,SPY,2.0438,0.1089,0.0682,0.0759,0.3121
2026-05-06,permanent,TLT,-0.0232,-0.0031,0.0054,-0.0195,0.0312
2026-05-06,all_weather,DBC,2.6111,0.0310,0.2518,0.3579,0.5164
2026-05-06,all_weather,GLD,0.4774,-0.0039,-0.0525,0.1663,0.4016
2026-05-06,all_weather,IEF,0.0683,0.0003,0.0038,0.0029,0.0437
2026-05-06,all_weather,SPY,2.0423,0.1088,0.0682,0.0758,0.3120
2026-05-06,all_weather,TLT,-0.0210,-0.0030,0.0055,-0.0194,0.0313
2026-05-06,golden_butterfly,GLD,0.4790,-0.0038,-0.0524,0.1664,0.4017
2026-05-06,golden_butterfly,SHY,0.1012,0.0023,0.0033,0.0126,0.0347
2026-05-06,golden_butterfly,SPY,2.0441,0.1089,0.0683,0.0759,0.3122
2026-05-06,golden_butterfly,TLT,-0.0210,-0.0030,0.0055,-0.0194,0.0313
2026-05-06,golden_butterfly,VBR,1.5709,0.0687,0.0340,0.1517,0.3072
2026-05-06,gtaa,DBC,2.5896,0.0300,0.2505,0.3565,0.5149
2026-05-06,gtaa,EFA,1.3729,0.0630,0.0272,0.1260,0.2555
2026-05-06,gtaa,IEF,0.0704,0.0004,0.0039,0.0030,0.0438
2026-05-06,gtaa,SHY,0.1012,0.0023,0.0033,0.0126,0.0347
2026-05-06,gtaa,SPY,2.0467,0.1091,0.0684,0.0760,0.3123
2026-05-06,gtaa,VNQ,1.5607,0.0739,0.0799,0.1130,0.1288
2026-05-06,ivy,DBC,2.5896,0.0300,0.2505,0.3565,0.5149
2026-05-06,ivy,EFA,1.3749,0.0631,0.0273,0.1261,0.2556
2026-05-06,ivy,IEF,0.0704,0.0004,0.0039,0.0030,0.0438
2026-05-06,ivy,SHY,0.1012,0.0023,0.0033,0.0126,0.0347
2026-05-06,ivy,VNQ,1.5607,0.0739,0.0799,0.1130,0.1288
2026-05-06,ivy,VTI,2.0518,0.1081,0.0694,0.0803,0.3162
2026-05-06,faa,AGG,0.0334,0.0032,0.0050,0.0103,0.0548
2026-05-06,faa,DBC,0.6474,0.0300,0.2505,0.3565,0.5149
2026-05-06,faa,EEM,0.8796,0.1690,0.1373,0.2170,0.5076
2026-05-06,faa,EFA,0.3442,0.0632,0.0274,0.1263,0.2558
2026-05-06,faa,SHY,0.0253,0.0023,0.0033,0.0126,0.0347
2026-05-06,faa,SPY,0.5125,0.1092,0.0686,0.0762,0.3125
2026-05-06,faa,VNQ,0.3912,0.0741,0.0801,0.1132,0.1290
2026-05-06,eaa,DBC,0.6474,0.0300,0.2505,0.3565,0.5149
2026-05-06,eaa,EEM,0.9046,0.1730,0.1433,0.2253,0.5185
2026-05-06,eaa,EFA,0.3449,0.0634,0.0276,0.1264,0.2559
2026-05-06,eaa,GLD,0.1201,-0.0038,-0.0524,0.1665,0.4018
2026-05-06,eaa,IEF,0.0176,0.0004,0.0039,0.0030,0.0438
2026-05-06,eaa,SHY,0.0253,0.0023,0.0033,0.0126,0.0347
2026-05-06,eaa,SPY,0.5125,0.1093,0.0686,0.0762,0.3125
2026-05-06,eaa,VNQ,0.3912,0.0741,0.0801,0.1132,0.1290
2026-05-06,laa,GLD,0.4803,-0.0038,-0.0524,0.1665,0.4018
2026-05-06,laa,IEF,0.0695,0.0004,0.0039,0.0030,0.0437
2026-05-06,laa,IWD,1.7865,0.0800,0.0551,0.1567,0.2934
2026-05-06,laa,QQQ,3.3059,0.1755,0.1436,0.0974,0.4307
2026-05-06,laa,SHY,0.1012,0.0023,0.0033,0.0126,0.0347
2026-05-06,laa,SPY,2.0500,0.1092,0.0686,0.0762,0.3125
2026-05-07,daa,BND,0.0464,-0.0009,-0.0012,0.0077,0.0459
2026-05-07,daa,DBC,2.9180,0.0539,0.2668,0.3593,0.4851
2026-05-07,daa,EEM,2.8136,0.1047,0.1408,0.2397,0.5142
2026-05-07,daa,EWJ,1.0873,0.0205,0.0597,0.1428,0.3174
2026-05-07,daa,GLD,0.6305,-0.0040,-0.0206,0.1945,0.3718
2026-05-07,daa,HYG,0.1955,0.0024,0.0079,0.0273,0.0805
2026-05-07,daa,IEF,-0.0168,-0.0035,-0.0036,0.0001,0.0394
2026-05-07,daa,IWM,2.2417,0.0844,0.1060,0.1770,0.4509
2026-05-07,daa,LQD,0.0450,-0.0016,-0.0033,0.0065,0.0648
2026-05-07,daa,QQQ,3.1023,0.1456,0.1644,0.1241,0.4493
2026-05-07,daa,SHY,0.0723,0.0009,0.0012,0.0117,0.0333
2026-05-07,daa,SPY,1.8270,0.0826,0.0829,0.0900,0.3246
2026-05-07,daa,TLT,-0.1676,-0.0092,-0.0083,-0.0245,0.0248
2026-05-07,daa,VGK,0.6611,0.0112,0.0156,0.1216,0.2215
2026-05-07,daa,VNQ,1.2402,0.0495,0.0759,0.1054,0.1318
2026-05-07,daa,VWO,1.7365,0.0688,0.0776,0.1336,0.3326
2026-05-07,vaa,AGG,0.0534,-0.0009,-0.0008,0.0084,0.0507
2026-05-07,vaa,EEM,2.8185,0.1050,0.1410,0.2400,0.5145
2026-05-07,vaa,EFA,0.7544,0.0116,0.0304,0.1250,0.2431
2026-05-07,vaa,IEF,-0.0166,-0.0035,-0.0036,0.0001,0.0394
2026-05-07,vaa,LQD,0.0459,-0.0016,-0.0032,0.0065,0.0648
2026-05-07,vaa,SHY,0.0734,0.0009,0.0013,0.0118,0.0333
2026-05-07,vaa,SPY,1.8227,0.0823,0.0827,0.0897,0.3244
2026-05-07,paa,DBC,2.9180,0.0539,0.2668,0.3593,0.4851
2026-05-07,paa,EEM,2.8152,0.1048,0.1409,0.2398,0.5143
2026-05-07,paa,EWJ,1.0895,0.0206,0.0598,0.1429,0.3176
2026-05-07,paa,GLD,0.6291,-0.0041,-0.0206,0.1944,0.3718
2026-05-07,paa,HYG,0.1958,0.0024,0.0079,0.0273,0.0805
2026-05-07,paa,IEF,-0.0156,-0.0034,-0.0036,0.0002,0.0394
2026-05-07,paa,IWM,2.2387,0.0842,0.1059,0.1769,0.4507
2026-05-07,paa,LQD,0.0459,-0.0016,-0.0032,0.0065,0.0648
2026-05-07,paa,QQQ,3.0953,0.1452,0.1641,0.1237,0.4488
2026-05-07,paa,SHY,0.0734,0.0009,0.0013,0.0118,0.0333
2026-05-07,paa,SPY,1.8227,0.0823,0.0827,0.0897,0.3244
2026-05-07,paa,TLT,-0.1676,-0.0092,-0.0083,-0.0245,0.0248
2026-05-07,paa,VGK,0.6633,0.0113,0.0157,0.1217,0.2216
2026-05-07,paa,VNQ,1.2402,0.0495,0.0759,0.1054,0.1318
2026-05-07,baa_g12,DBC,2.9180,0.0539,0.2668,0.3593,0.4851
2026-05-07,baa_g12,EEM,2.8136,0.1047,0.1408,0.2397,0.5142
2026-05-07,baa_g12,EWJ,1.0895,0.0206,0.0598,0.1429,0.3176
2026-05-07,baa_g12,GLD,0.6265,-0.0042,-0.0208,0.1943,0.3716
2026-05-07,baa_g12,HYG,0.1958,0.0024,0.0079,0.0273,0.0805
2026-05-07,baa_g12,IEF,-0.0156,-0.0034,-0.0036,0.0002,0.0394
2026-05-07,baa_g12,IWM,2.2402,0.0843,0.1059,0.1770,0.4508
2026-05-07,baa_g12,LQD,0.0450,-0.0016,-0.0033,0.0065,0.0648
2026-05-07,baa_g12,QQQ,3.1020,0.1456,0.1644,0.1241,0.4492
2026-05-07,baa_g12,SHY,0.0734,0.0009,0.0013,0.0118,0.0333
2026-05-07,baa_g12,SPY,1.8247,0.0824,0.0828,0.0898,0.3245
2026-05-07,baa_g12,TLT,-0.1676,-0.0092,-0.0083,-0.0245,0.0248
2026-05-07,baa_g12,VGK,0.6633,0.0113,0.0157,0.1217,0.2216
2026-05-07,baa_g12,VNQ,1.2381,0.0494,0.0758,0.1053,0.1316
2026-05-07,baa_g4,AGG,0.0534,-0.0009,-0.0008,0.0084,0.0507
2026-05-07,baa_g4,EEM,2.8103,0.1046,0.1406,0.2395,0.5140
2026-05-07,baa_g4,EFA,0.7515,0.0115,0.0303,0.1248,0.2429
2026-05-07,baa_g4,IEF,-0.0156,-0.0034,-0.0036,0.0002,0.0394
2026-05-07,baa_g4,LQD,0.0459,-0.0016,-0.0032,0.0065,0.0648
2026-05-07,baa_g4,SHY,0.0734,0.0009,0.0013,0.0118,0.0333
2026-05-07,baa_g4,SPY,1.8207,0.0822,0.0826,0.0896,0.3242
2026-05-07,gem,AGG,0.0506,-0.0009,-0.0008,0.0083,0.0506
2026-05-07,gem,EFA,0.2429,0.0115,0.0303,0.1248,0.2429
2026-05-07,gem,SPY,0.3242,0.0822,0.0826,0.0896,0.3242
2026-05-07,haa,AGG,0.0525,-0.0009,-0.0008,0.0083,0.0506
2026-05-07,haa,EEM,2.8070,0.1044,0.1404,0.2393,0.5137
2026-05-07,haa,EFA,0.7515,0.0115,0.0303,0.1248,0.2429
2026-05-07,haa,IEF,-0.0166,-0.0035,-0.0036,0.0001,0.0394
2026-05-07,haa,LQD,0.0459,-0.0016,-0.0032,0.0065,0.0648
2026-05-07,haa,SHY,0.0746,0.0010,0.0014,0.0118,0.0334
2026-05-07,haa,SPY,1.8208,0.0822,0.0826,0.0896,0.3242
2026-05-07,permanent,BIL,0.1455,0.0028,0.0089,0.0183,0.0394
2026-05-07,permanent,GLD,0.6291,-0.0041,-0.0206,0.1944,0.3718
2026-05-07,permanent,SPY,1.8208,0.0822,0.0826,0.0896,0.3242
2026-05-07,permanent,TLT,-0.1676,-0.0092,-0.0083,-0.0245,0.0248
2026-05-07,all_weather,DBC,2.9180,0.0539,0.2668,0.3593,0.4851
2026-05-07,all_weather,GLD,0.6285,-0.0041,-0.0207,0.1944,0.3717
2026-05-07,all_weather,IEF,-0.0166,-0.0035,-0.0036,0.0001,0.0394
2026-05-07,all_weather,SPY,1.8208,0.0822,0.0826,0.0896,0.3242
2026-05-07,all_weather,TLT,-0.1698,-0.0093,-0.0084,-0.0246,0.0247
2026-05-07,golden_butterfly,GLD,0.6278,-0.0041,-0.0207,0.1943,0.3717
2026-05-07,golden_butterfly,SHY,0.0746,0.0010,0.0014,0.0118,0.0334
2026-05-07,golden_butterfly,SPY,1.8205,0.0822,0.0826,0.0896,0.3242
2026-05-07,golden_butterfly,TLT,-0.1687,-0.0092,-0.0084,-0.0246,0.0247
2026-05-07,golden_butterfly,VBR,1.1762,0.0352,0.0350,0.1534,0.3072
2026-05-07,gtaa,DBC,2.9180,0.0539,0.2668,0.3593,0.4851
2026-05-07,gtaa,EFA,0.7553,0.0117,0.0304,0.1250,0.2431
2026-05-07,gtaa,IEF,-0.0166,-0.0035,-0.0036,0.0001,0.0394
2026-05-07,gtaa,SHY,0.0746,0.0010,0.0014,0.0118,0.0334
2026-05-07,gtaa,SPY,1.8219,0.0823,0.0827,0.0897,0.3243
2026-05-07,gtaa,VNQ,1.2360,0.0493,0.0757,0.1052,0.1315
2026-05-07,ivy,DBC,2.9180,0.0539,0.2668,0.3593,0.4851
2026-05-07,ivy,EFA,0.7524,0.0115,0.0303,0.1249,0.2429
2026-05-07,ivy,IEF,-0.0166,-0.0035,-0.0036,0.0001,0.0394
2026-05-07,ivy,SHY,0.0734,0.0009,0.0013,0.0118,0.0333
2026-05-07,ivy,VNQ,1.2392,0.0494,0.0758,0.1054,0.1317
2026-05-07,ivy,VTI,1.7985,0.0798,0.0825,0.0926,0.3259
2026-05-07,faa,AGG,0.0132,-0.0009,-0.0008,0.0083,0.0506
2026-05-07,faa,DBC,0.7295,0.0539,0.2668,0.3593,0.4851
2026-05-07,faa,EEM,0.7026,0.1046,0.1406,0.2395,0.5140
2026-05-07,faa,EFA,0.1881,0.0115,0.0303,0.1249,0.2429
2026-05-07,faa,SHY,0.0184,0.0009,0.0013,0.0118,0.0333
2026-05-07,faa,SPY,0.4540,0.0820,0.0824,0.0894,0.3240
2026-05-07,faa,VNQ,0.3098,0.0494,0.0758,0.1054,0.1317
2026-05-07,eaa,DBC,0.7295,0.0539,0.2668,0.3593,0.4851
2026-05-07,eaa,EEM,0.7022,0.1045,0.1405,0.2394,0.5139
2026-05-07,eaa,EFA,0.1867,0.0113,0.0300,0.1245,0.2426
2026-05-07,eaa,GLD,0.1505,-0.0055,-0.0220,0.1928,0.3698
2026-05-07,eaa,IEF,-0.0047,-0.0036,-0.0037,0.0000,0.0393
2026-05-07,eaa,SHY,0.0184,0.0009,0.0013,0.0118,0.0333
2026-05-07,eaa,SPY,0.4530,0.0818,0.0822,0.0892,0.3237
2026-05-07,eaa,VNQ,0.3098,0.0494,0.0758,0.1054,0.1317
2026-05-07,laa,GLD,0.5997,-0.0056,-0.0221,0.1926,0.3697
2026-05-07,laa,IEF,-0.0196,-0.0036,-0.0038,-0.0000,0.0392
2026-05-07,laa,IWD,1.3725,0.0460,0.0553,0.1542,0.2915
2026-05-07,laa,QQQ,3.0762,0.1442,0.1631,0.1228,0.4476
2026-05-07,laa,SHY,0.0734,0.0009,0.0013,0.0118,0.0333
2026-05-07,laa,SPY,1.8122,0.0818,0.0822,0.0892,0.3237
2026-05-08,daa,BND,0.0784,0.0005,0.0005,0.0124,0.0457
2026-05-08,daa,DBC,3.0002,0.0568,0.2636,0.3743,0.5158
2026-05-08,daa,EEM,3.0593,0.1246,0.1285,0.2475,0.5552
2026-05-08,daa,EWJ,1.2968,0.0441,0.0303,0.1541,0.3383
2026-05-08,daa,GLD,0.4150,-0.0117,-0.0498,0.1808,0.3927
2026-05-08,daa,HYG,0.1965,0.0029,0.0061,0.0279,0.0813
2026-05-08,daa,IEF,0.0240,-0.0016,-0.0021,0.0065,0.0383
2026-05-08,daa,IWM,2.0703,0.0831,0.0725,0.1655,0.4526
2026-05-08,daa,LQD,0.1009,0.0012,-0.0010,0.0123,0.0656
2026-05-08,daa,QQQ,3.3417,0.1612,0.1637,0.1397,0.4732
2026-05-08,daa,SHY,0.0809,0.0012,0.0018,0.0130,0.0335
2026-05-08,daa,SPY,1.8103,0.0843,0.0704,0.0942,0.3288
2026-05-08,daa,TLT,-0.0614,-0.0034,-0.0058,-0.0105,0.0238
2026-05-08,daa,VGK,0.5957,0.0126,-0.0026,0.1141,0.2271
2026-05-08,daa,VNQ,1.1534,0.0458,0.0631,0.1084,0.1346
2026-05-08,daa,VWO,1.6963,0.0721,0.0568,0.1259,0.3521
2026-05-08,vaa,AGG,0.0804,0.0002,0.0003,0.0128,0.0508
2026-05-08,vaa,EEM,3.0609,0.1247,0.1286,0.2476,0.5554
2026-05-08,vaa,EFA,0.7307,0.0166,0.0100,0.1206,0.2504
2026-05-08,vaa,IEF,0.0240,-0.0016,-0.0021,0.0065,0.0383
2026-05-08,vaa,LQD,0.1009,0.0012,-0.0010,0.0123,0.0656
2026-05-08,vaa,SHY,0.0809,0.0012,0.0018,0.0130,0.0335
2026-05-08,vaa,SPY,1.8078,0.0842,0.0703,0.0941,0.3287
2026-05-08,paa,DBC,3.0002,0.0568,0.2636,0.3743,0.5158
2026-05-08,paa,EEM,3.0495,0.1241,0.1280,0.2469,0.5546
2026-05-08,paa,EWJ,1.2902,0.0438,0.0300,0.1537,0.3379
2026-05-08,paa,GLD,0.4125,-0.0118,-0.0499,0.1807,0.3926
2026-05-08,paa,HYG,0.1965,0.0029,0.0061,0.0279,0.0813
2026-05-08,paa,IEF,0.0240,-0.0016,-0.0021,0.0065,0.0383
2026-05-08,paa,IWM,2.0725,0.0832,0.0726,0.1656,0.4528
2026-05-08,paa,LQD,0.1001,0.0012,-0.0010,0.0123,0.0656
2026-05-08,paa,QQQ,3.3300,0.1606,0.1631,0.1391,0.4724
2026-05-08,paa,SHY,0.0798,0.0011,0.0017,0.0130,0.0334
2026-05-08,paa,SPY,1.8081,0.0842,0.0703,0.0941,0.3287
2026-05-08,paa,TLT,-0.0603,-0.0034,-0.0057,-0.0105,0.0239
2026-05-08,paa,VGK,0.5923,0.0124,-0.0028,0.1139,0.2268
2026-05-08,paa,VNQ,1.1596,0.0461,0.0634,0.1088,0.1349
2026-05-08,baa_g12,DBC,3.0002,0.0568,0.2636,0.3743,0.5158
2026-05-08,baa_g12,EEM,3.0430,0.1238,0.1277,0.2465,0.5541
2026-05-08,baa_g12,EWJ,1.2891,0.0437,0.0299,0.1536,0.3378
2026-05-08,baa_g12,GLD,0.4139,-0.0117,-0.0498,0.1808,0.3926
2026-05-08,baa_g12,HYG,0.1965,0.0029,0.0061,0.0279,0.0813
2026-05-08,baa_g12,IEF,0.0240,-0.0016,-0.0021,0.0065,0.0383
2026-05-08,baa_g12,IWM,2.0729,0.0832,0.0726,0.1657,0.4528
2026-05-08,baa_g12,LQD,0.1027,0.0013,-0.0009,0.0124,0.0657
2026-05-08,baa_g12,QQQ,3.3397,0.1611,0.1636,0.1396,0.4730
2026-05-08,baa_g12,SHY,0.0798,0.0011,0.0017,0.0130,0.0334
2026-05-08,baa_g12,SPY,1.8100,0.0843,0.0704,0.0942,0.3288
2026-05-08,baa_g12,TLT,-0.0603,-0.0034,-0.0057,-0.0105,0.0239
2026-05-08,baa_g12,VGK,0.5934,0.0124,-0.0027,0.1140,0.2269
2026-05-08,baa_g12,VNQ,1.1534,0.0458,0.0631,0.1084,0.1346
2026-05-08,baa_g4,AGG,0.0804,0.0002,0.0003,0.0128,0.0508
2026-05-08,baa_g4,EEM,3.0365,0.1234,0.1274,0.2462,0.5536
2026-05-08,baa_g4,EFA,0.7326,0.0167,0.0101,0.1207,0.2505
2026-05-08,baa_g4,IEF,0.0250,-0.0015,-0.0020,0.0065,0.0383
2026-05-08,baa_g4,LQD,0.1036,0.0013,-0.0008,0.0125,0.0658
2026-05-08,baa_g4,SHY,0.0798,0.0011,0.0017,0.0130,0.0334
2026-05-08,baa_g4,SPY,1.8095,0.0842,0.0703,0.0942,0.3288
2026-05-08,gem,AGG,0.0508,0.0002,0.0003,0.0128,0.0508
2026-05-08,gem,EFA,0.2505,0.0167,0.0101,0.1207,0.2505
2026-05-08,gem,SPY,0.3287,0.0842,0.0703,0.0941,0.3287
2026-05-08,haa,AGG,0.0804,0.0002,0.0003,0.0128,0.0508
2026-05-08,haa,EEM,3.0332,0.1233,0.1272,0.2460,0.5534
2026-05-08,haa,EFA,0.7307,0.0166,0.0100,0.1206,0.2504
2026-05-08,haa,IEF,0.0233,-0.0016,-0.0021,0.0064,0.0383
2026-05-08,haa,LQD,0.1027,0.0013,-0.0009,0.0124,0.0657
2026-05-08,haa,SHY,0.0798,0.0011,0.0017,0.0130,0.0334
2026-05-08,haa,SPY,1.8081,0.0842,0.0703,0.0941,0.3287
2026-05-08,permanent,BIL,0.1478,0.0030,0.0088,0.0184,0.0397
2026-05-08,permanent,GLD,0.4123,-0.0118,-0.0499,0.1807,0.3925
2026-05-08,permanent,SPY,1.8066,0.0841,0.0702,0.0940,0.3286
2026-05-08,permanent,TLT,-0.0614,-0.0034,-0.0058,-0.0105,0.0238
2026-05-08,all_weather,DBC,3.0038,0.0569,0.2638,0.3745,0.5160
2026-05-08,all_weather,GLD,0.4123,-0.0118,-0.0499,0.1807,0.3925
2026-05-08,all_weather,IEF,0.0230,-0.0016,-0.0021,0.0064,0.0382
2026-05-08,all_weather,SPY,1.8064,0.0841,0.0702,0.0940,0.3286
2026-05-08,all_weather,TLT,-0.0614,-0.0034,-0.0058,-0.0105,0.0238
2026-05-08,golden_butterfly,GLD,0.4123,-0.0118,-0.0499,0.1807,0.3925
2026-05-08,golden_butterfly,SHY,0.0809,0.0012,0.0018,0.0130,0.0335
2026-05-08,golden_butterfly,SPY,1.8064,0.0841,0.0702,0.0940,0.3286
2026-05-08,golden_butterfly,TLT,-0.0614,-0.0034,-0.0058,-0.0105,0.0238
2026-05-08,golden_butterfly,VBR,1.0633,0.0345,0.0134,0.1450,0.3057
2026-05-08,gtaa,DBC,3.0111,0.0573,0.2643,0.3750,0.5165
2026-05-08,gtaa,EFA,0.7317,0.0166,0.0101,0.1207,0.2504
2026-05-08,gtaa,IEF,0.0230,-0.0016,-0.0021,0.0064,0.0382
2026-05-08,gtaa,SHY,0.0809,0.0012,0.0018,0.0130,0.0335
2026-05-08,gtaa,SPY,1.8069,0.0841,0.0702,0.0940,0.3286
2026-05-08,gtaa,VNQ,1.1485,0.0456,0.0628,0.1082,0.1343
2026-05-08,ivy,DBC,3.0111,0.0573,0.2643,0.3750,0.5165
2026-05-08,ivy,EFA,0.7326,0.0167,0.0101,0.1207,0.2505
2026-05-08,ivy,IEF,0.0250,-0.0015,-0.0020,0.0065,0.0383
2026-05-08,ivy,SHY,0.0809,0.0012,0.0018,0.0130,0.0335
2026-05-08,ivy,VNQ,1.1472,0.0455,0.0627,0.1081,0.1342
2026-05-08,ivy,VTI,1.7589,0.0810,0.0669,0.0950,0.3289
2026-05-08,faa,AGG,0.0201,0.0002,0.0003,0.0128,0.0508
2026-05-08,faa,DBC,0.7546,0.0576,0.2647,0.3754,0.5170
2026-05-08,faa,EEM,0.7632,0.1243,0.1282,0.2471,0.5548
2026-05-08,faa,EFA,0.1836,0.0168,0.0102,0.1208,0.2506
2026-05-08,faa,SHY,0.0202,0.0012,0.0018,0.0130,0.0335
2026-05-08,faa,SPY,0.4525,0.0843,0.0704,0.0942,0.3288
2026-05-08,faa,VNQ,0.2863,0.0454,0.0626,0.1080,0.1341
2026-05-08,eaa,DBC,0.7546,0.0576,0.2647,0.3754,0.5170
2026-05-08,eaa,EEM,0.7636,0.1243,0.1283,0.2472,0.5549
2026-05-08,eaa,EFA,0.1832,0.0167,0.0101,0.1207,0.2505
2026-05-08,eaa,GLD,0.1036,-0.0117,-0.0498,0.1808,0.3927
2026-05-08,eaa,IEF,0.0058,-0.0016,-0.0021,0.0065,0.0383
2026-05-08,eaa,SHY,0.0202,0.0012,0.0018,0.0130,0.0335
2026-05-08,eaa,SPY,0.4523,0.0842,0.0703,0.0941,0.3287
2026-05-08,eaa,VNQ,0.2863,0.0454,0.0626,0.1080,0.1341
2026-05-08,laa,GLD,0.4148,-0.0117,-0.0498,0.1808,0.3927
2026-05-08,laa,IEF,0.0245,-0.0016,-0.0020,0.0065,0.0383
2026-05-08,laa,IWD,1.3520,0.0475,0.0449,0.1547,0.2936
2026-05-08,laa,QQQ,3.3486,0.1616,0.1641,0.1401,0.4736
2026-05-08,laa,SHY,0.0809,0.0012,0.0018,0.0130,0.0335
2026-05-08,laa,SPY,1.8083,0.0842,0.0703,0.0941,0.3287
2026-05-11,daa,BND,0.0541,-0.0000,-0.0019,0.0064,0.0492
2026-05-11,daa,DBC,3.5322,0.0893,0.2802,0.4044,0.5310
2026-05-11,daa,EEM,3.0405,0.1223,0.1232,0.2601,0.5603
2026-05-11,daa,EWJ,1.2545,0.0468,0.0106,0.1537,0.3432
2026-05-11,daa,GLD,0.4115,-0.0079,-0.0715,0.1846,0.4235
2026-05-11,daa,HYG,0.2375,0.0069,0.0046,0.0275,0.0815
2026-05-11,daa,IEF,-0.0109,-0.0026,-0.0050,-0.0014,0.0436
2026-05-11,daa,IWM,2.3066,0.0971,0.0760,0.1988,0.4402
2026-05-11,daa,LQD,0.0926,0.0020,-0.0028,0.0052,0.0690
2026-05-11,daa,QQQ,3.4719,0.1677,0.1630,0.1695,0.4684
2026-05-11,daa,SHY,0.0736,0.0010,0.0010,0.0112,0.0350
2026-05-11,daa,SPY,1.8897,0.0890,0.0692,0.1102,0.3245
2026-05-11,daa,TLT,-0.3069,-0.0116,-0.0187,-0.0525,0.0121
2026-05-11,daa,VGK,0.5152,0.0086,-0.0140,0.1188,0.2309
2026-05-11,daa,VNQ,1.0511,0.0398,0.0548,0.1098,0.1350
2026-05-11,daa,VWO,1.5722,0.0648,0.0463,0.1286,0.3526
2026-05-11,vaa,AGG,0.0582,-0.0001,-0.0020,0.0070,0.0542
2026-05-11,vaa,EEM,3.0389,0.1222,0.1231,0.2600,0.5602
2026-05-11,vaa,EFA,0.6837,0.0156,-0.0021,0.1245,0.2563
2026-05-11,vaa,IEF,-0.0109,-0.0026,-0.0050,-0.0014,0.0436
2026-05-11,vaa,LQD,0.0926,0.0020,-0.0028,0.0052,0.0690
2026-05-11,vaa,SHY,0.0736,0.0010,0.0010,0.0112,0.0350
2026-05-11,vaa,SPY,1.8971,0.0894,0.0696,0.1106,0.3250
2026-05-11,paa,DBC,3.5322,0.0893,0.2802,0.4044,0.5310
2026-05-11,paa,EEM,3.0405,0.1223,0.1232,0.2601,0.5603
2026-05-11,paa,EWJ,1.2578,0.0470,0.0107,0.1538,0.3434
2026-05-11,paa,GLD,0.4136,-0.0078,-0.0714,0.1847,0.4237
2026-05-11,paa,HYG,0.2375,0.0069,0.0046,0.0275,0.0815
2026-05-11,paa,IEF,-0.0109,-0.0026,-0.0050,-0.0014,0.0436
2026-05-11,paa,IWM,2.3133,0.0974,0.0764,0.1992,0.4407
2026-05-11,paa,LQD,0.0926,0.0020,-0.0028,0.0052,0.0690
2026-05-11,paa,QQQ,3.4795,0.1681,0.1634,0.1699,0.4689
2026-05-11,paa,SHY,0.0736,0.0010,0.0010,0.0112,0.0350
2026-05-11,paa,SPY,1.8948,0.0893,0.0694,0.1104,0.3248
2026-05-11,paa,TLT,-0.1389,-0.0063,-0.0108,-0.0246,0.0298
2026-05-11,paa,VGK,0.5163,0.0086,-0.0140,0.1189,0.2310
2026-05-11,paa,VNQ,1.0501,0.0397,0.0547,0.1097,0.1349
2026-05-11,baa_g12,DBC,3.5322,0.0893,0.2802,0.4044,0.5310
2026-05-11,baa_g12,EEM,3.0373,0.1221,0.1230,0.2599,0.5601
2026-05-11,baa_g12,EWJ,1.2556,0.0469,0.0106,0.1537,0.3433
2026-05-11,baa_g12,GLD,0.4124,-0.0079,-0.0714,0.1847,0.4236
2026-05-11,baa_g12,HYG,0.2387,0.0069,0.0047,0.0276,0.0815
2026-05-11,baa_g12,IEF,-0.0109,-0.0026,-0.0050,-0.0014,0.0436
2026-05-11,baa_g12,IWM,2.3148,0.0975,0.0764,0.1993,0.4408
2026-05-11,baa_g12,LQD,0.0929,0.0020,-0.0028,0.0052,0.0691
2026-05-11,baa_g12,QQQ,3.4798,0.1681,0.1634,0.1699,0.4689
2026-05-11,baa_g12,SHY,0.0736,0.0010,0.0010,0.0112,0.0350
2026-05-11,baa_g12,SPY,1.8939,0.0892,0.0694,0.1104,0.3248
2026-05-11,baa_g12,TLT,-0.1411,-0.0065,-0.0110,-0.0247,0.0297
2026-05-11,baa_g12,VGK,0.5163,0.0086,-0.0140,0.1189,0.2310
2026-05-11,baa_g12,VNQ,1.0511,0.0398,0.0548,0.1098,0.1350
2026-05-11,baa_g4,AGG,0.0589,-0.0001,-0.0020,0.0070,0.0542
2026-05-11,baa_g4,EEM,3.0389,0.1222,0.1231,0.2600,0.5602
2026-05-11,baa_g4,EFA,0.6799,0.0154,-0.0023,0.1243,0.2561
2026-05-11,baa_g4,IEF,-0.0109,-0.0026,-0.0050,-0.0014,0.0436
2026-05-11,baa_g4,LQD,0.0929,0.0020,-0.0028,0.0052,0.0691
2026-05-11,baa_g4,SHY,0.0736,0.0010,0.0010,0.0112,0.0350
2026-05-11,baa_g4,SPY,1.8954,0.0893,0.0695,0.1105,0.3249
2026-05-11,gem,AGG,0.0542,-0.0001,-0.0020,0.0070,0.0542
2026-05-11,gem,EFA,0.2561,0.0154,-0.0023,0.1243,0.2561
2026-05-11,gem,SPY,0.3248,0.0893,0.0694,0.1104,0.3248
2026-05-11,haa,AGG,0.0582,-0.0001,-0.0020,0.0070,0.0542
2026-05-11,haa,EEM,3.0373,0.1221,0.1230,0.2599,0.5601
2026-05-11,haa,EFA,0.6818,0.0155,-0.0022,0.1244,0.2562
2026-05-11,haa,IEF,-0.0109,-0.0026,-0.0050,-0.0014,0.0436
2026-05-11,haa,LQD,0.0929,0.0020,-0.0028,0.0052,0.0691
2026-05-11,haa,SHY,0.0736,0.0010,0.0010,0.0112,0.0350
2026-05-11,haa,SPY,1.8942,0.0892,0.0694,0.1104,0.3248
2026-05-11,permanent,BIL,0.1455,0.0028,0.0089,0.0184,0.0395
2026-05-11,permanent,GLD,0.4111,-0.0080,-0.0715,0.1846,0.4235
2026-05-11,permanent,SPY,1.8939,0.0892,0.0694,0.1104,0.3248
2026-05-11,permanent,TLT,-0.1410,-0.0065,-0.0110,-0.0247,0.0297
2026-05-11,all_weather,DBC,3.5322,0.0893,0.2802,0.4044,0.5310
2026-05-11,all_weather,GLD,0.4086,-0.0081,-0.0716,0.1844,0.4233
2026-05-11,all_weather,IEF,-0.0119,-0.0027,-0.0050,-0.0014,0.0435
2026-05-11,all_weather,SPY,1.8948,0.0893,0.0694,0.1104,0.3248
2026-05-11,all_weather,TLT,-0.1411,-0.0065,-0.0110,-0.0247,0.0297
2026-05-11,golden_butterfly,GLD,0.4082,-0.0081,-0.0716,0.1844,0.4233
2026-05-11,golden_butterfly,SHY,0.0724,0.0009,0.0009,0.0112,0.0350
2026-05-11,golden_butterfly,SPY,1.8948,0.0893,0.0694,0.1104,0.3248
2026-05-11,golden_butterfly,TLT,-0.1400,-0.0064,-0.0109,-0.0247,0.0298
2026-05-11,golden_butterfly,VBR,1.0643,0.0364,0.0102,0.1530,0.2805
2026-05-11,gtaa,DBC,3.5322,0.0893,0.2802,0.4044,0.5310
2026-05-11,gtaa,EFA,0.6818,0.0155,-0.0022,0.1244,0.2562
2026-05-11,gtaa,IEF,-0.0109,-0.0026,-0.0050,-0.0014,0.0436
2026-05-11,gtaa,SHY,0.0724,0.0009,0.0009,0.0112,0.0350
2026-05-11,gtaa,SPY,1.8951,0.0893,0.0695,0.1104,0.3248
2026-05-11,gtaa,VNQ,1.0552,0.0400,0.0550,0.1100,0.1352
2026-05-11,ivy,DBC,3.5322,0.0893,0.2802,0.4044,0.5310
2026-05-11,ivy,EFA,0.6818,0.0155,-0.0022,0.1244,0.2562
2026-05-11,ivy,IEF,-0.0119,-0.0027,-0.0050,-0.0014,0.0435
2026-05-11,ivy,SHY,0.0736,0.0010,0.0010,0.0112,0.0350
2026-05-11,ivy,VNQ,1.0552,0.0400,0.0550,0.1100,0.1352
2026-05-11,ivy,VTI,1.8588,0.0870,0.0663,0.1124,0.3243
2026-05-11,faa,AGG,0.0146,-0.0001,-0.0020,0.0070,0.0542
2026-05-11,faa,DBC,0.8821,0.0891,0.2800,0.4042,0.5308
2026-05-11,faa,EEM,0.7605,0.1224,0.1233,0.2602,0.5604
2026-05-11,faa,EFA,0.1712,0.0156,-0.0021,0.1246,0.2564
2026-05-11,faa,SHY,0.0178,0.0009,0.0009,0.0111,0.0349
2026-05-11,faa,SPY,0.4741,0.0894,0.0695,0.1105,0.3249
2026-05-11,faa,VNQ,0.2638,0.0400,0.0550,0.1100,0.1352
2026-05-11,eaa,DBC,0.8821,0.0891,0.2800,0.4042,0.5308
2026-05-11,eaa,EEM,0.7614,0.1225,0.1235,0.2603,0.5606
2026-05-11,eaa,EFA,0.1714,0.0157,-0.0020,0.1246,0.2565
2026-05-11,eaa,GLD,0.1026,-0.0080,-0.0715,0.1846,0.4235
2026-05-11,eaa,IEF,-0.0027,-0.0026,-0.0050,-0.0014,0.0436
2026-05-11,eaa,SHY,0.0184,0.0010,0.0010,0.0112,0.0350
2026-05-11,eaa,SPY,0.4743,0.0894,0.0696,0.1106,0.3250
2026-05-11,eaa,VNQ,0.2641,0.0401,0.0550,0.1101,0.1353
2026-05-11,laa,GLD,0.4095,-0.0081,-0.0716,0.1845,0.4234
2026-05-11,laa,IEF,-0.0109,-0.0026,-0.0050,-0.0014,0.0436
2026-05-11,laa,IWD,1.5365,0.0592,0.0501,0.1670,0.2919
2026-05-11,laa,QQQ,3.4883,0.1686,0.1638,0.1704,0.4695
2026-05-11,laa,SHY,0.0736,0.0010,0.0010,0.0112,0.0350
2026-05-11,laa,SPY,1.8982,0.0895,0.0696,0.1106,0.3250
2026-05-12,daa,BND,-0.0431,-0.0053,-0.0079,0.0038,0.0450
2026-05-12,daa,DBC,3.6717,0.0884,0.3057,0.4228,0.5427
2026-05-12,daa,EEM,2.0847,0.0706,0.0789,0.2157,0.4909
2026-05-12,daa,EWJ,1.0110,0.0379,-0.0150,0.1422,0.3318
2026-05-12,daa,GLD,0.2929,-0.0131,-0.0708,0.1666,0.4003
2026-05-12,daa,HYG,0.1303,-0.0002,0.0023,0.0232,0.0772
2026-05-12,daa,IEF,-0.1271,-0.0086,-0.0130,-0.0055,0.0389
2026-05-12,daa,IWM,1.6828,0.0590,0.0565,0.1678,0.4130
2026-05-12,daa,LQD,-0.0414,-0.0062,-0.0095,0.0028,0.0648
2026-05-12,daa,QQQ,2.9505,0.1347,0.1471,0.1518,0.4425
2026-05-12,daa,SHY,0.0412,-0.0008,-0.0006,0.0097,0.0335
2026-05-12,daa,SPY,1.6213,0.0705,0.0641,0.1009,0.3164
2026-05-12,daa,TLT,-0.3465,-0.0161,-0.0289,-0.0293,0.0212
2026-05-12,daa,VGK,0.2158,-0.0090,-0.0220,0.1013,0.2095
2026-05-12,daa,VNQ,0.9009,0.0356,0.0405,0.0925,0.1271
2026-05-12,daa,VWO,1.0031,0.0337,0.0189,0.1050,0.3136
2026-05-12,vaa,AGG,-0.0382,-0.0053,-0.0081,0.0042,0.0497
2026-05-12,vaa,EEM,2.0831,0.0705,0.0788,0.2156,0.4908
2026-05-12,vaa,EFA,0.3981,-0.0003,-0.0140,0.1097,0.2383
2026-05-12,vaa,IEF,-0.1261,-0.0085,-0.0130,-0.0055,0.0390
2026-05-12,vaa,LQD,-0.0414,-0.0062,-0.0095,0.0028,0.0648
2026-05-12,vaa,SHY,0.0401,-0.0008,-0.0007,0.0096,0.0334
2026-05-12,vaa,SPY,1.6168,0.0703,0.0639,0.1007,0.3162
2026-05-12,paa,DBC,3.6717,0.0884,0.3057,0.4228,0.5427
2026-05-12,paa,EEM,2.0831,0.0705,0.0788,0.2156,0.4908
2026-05-12,paa,EWJ,1.0088,0.0378,-0.0151,0.1420,0.3316
2026-05-12,paa,GLD,0.2886,-0.0133,-0.0710,0.1663,0.3999
2026-05-12,paa,HYG,0.1303,-0.0002,0.0023,0.0232,0.0772
2026-05-12,paa,IEF,-0.1261,-0.0085,-0.0130,-0.0055,0.0390
2026-05-12,paa,IWM,1.6865,0.0592,0.0567,0.1680,0.4132
2026-05-12,paa,LQD,-0.0414,-0.0062,-0.0095,0.0028,0.0648
2026-05-12,paa,QQQ,2.9442,0.1343,0.1468,0.1515,0.4421
2026-05-12,paa,SHY,0.0401,-0.0008,-0.0007,0.0096,0.0334
2026-05-12,paa,SPY,1.6279,0.0709,0.0645,0.1013,0.3169
2026-05-12,paa,TLT,-0.3465,-0.0161,-0.0289,-0.0293,0.0212
2026-05-12,paa,VGK,0.2247,-0.0086,-0.0216,0.1018,0.2100
2026-05-12,paa,VNQ,0.9030,0.0357,0.0406,0.0926,0.1272
2026-05-12,baa_g12,DBC,3.6789,0.0887,0.3061,0.4232,0.5432
2026-05-12,baa_g12,EEM,2.0944,0.0711,0.0794,0.2162,0.4916
2026-05-12,baa_g12,EWJ,1.0088,0.0378,-0.0151,0.1420,0.3316
2026-05-12,baa_g12,GLD,0.2922,-0.0131,-0.0708,0.1665,0.4002
2026-05-12,baa_g12,HYG,0.1327,-0.0001,0.0024,0.0233,0.0773
2026-05-12,baa_g12,IEF,-0.1261,-0.0085,-0.0130,-0.0055,0.0390
2026-05-12,baa_g12,IWM,1.6990,0.0598,0.0574,0.1687,0.4141
2026-05-12,baa_g12,LQD,-0.0414,-0.0062,-0.0095,0.0028,0.0648
2026-05-12,baa_g12,QQQ,2.9493,0.1346,0.1470,0.1518,0.4425
2026-05-12,baa_g12,SHY,0.0412,-0.0008,-0.0006,0.0097,0.0335
2026-05-12,baa_g12,SPY,1.6261,0.0708,0.0644,0.1012,0.3167
2026-05-12,baa_g12,TLT,-0.3476,-0.0162,-0.0289,-0.0293,0.0211
2026-05-12,baa_g12,VGK,0.2247,-0.0086,-0.0216,0.1018,0.2100
2026-05-12,baa_g12,VNQ,0.9174,0.0364,0.0414,0.0934,0.1280
2026-05-12,baa_g4,AGG,-0.0392,-0.0054,-0.0081,0.0042,0.0497
2026-05-12,baa_g4,EEM,2.0960,0.0711,0.0795,0.2163,0.4917
2026-05-12,baa_g4,EFA,0.4075,0.0002,-0.0135,0.1102,0.2389
2026-05-12,baa_g4,IEF,-0.1261,-0.0085,-0.0130,-0.0055,0.0390
2026-05-12,baa_g4,LQD,-0.0405,-0.0061,-0.0094,0.0029,0.0648
2026-05-12,baa_g4,SHY,0.0412,-0.0008,-0.0006,0.0097,0.0335
2026-05-12,baa_g4,SPY,1.6285,0.0709,0.0645,0.1013,0.3169
2026-05-12,gem,AGG,0.0497,-0.0053,-0.0081,0.0042,0.0497
2026-05-12,gem,EFA,0.2387,0.0000,-0.0137,0.1101,0.2387
2026-05-12,gem,SPY,0.3169,0.0709,0.0645,0.1013,0.3169
2026-05-12,haa,AGG,-0.0392,-0.0054,-0.0081,0.0042,0.0497
2026-05-12,haa,EEM,2.1025,0.0715,0.0798,0.2167,0.4922
2026-05-12,haa,EFA,0.4009,-0.0001,-0.0139,0.1098,0.2385
2026-05-12,haa,IEF,-0.1281,-0.0086,-0.0131,-0.0056,0.0388
2026-05-12,haa,LQD,-0.0423,-0.0062,-0.0095,0.0028,0.0647
2026-05-12,haa,SHY,0.0389,-0.0009,-0.0008,0.0096,0.0333
2026-05-12,haa,SPY,1.6292,0.0710,0.0645,0.1013,0.3169
2026-05-12,permanent,BIL,0.1457,0.0029,0.0089,0.0182,0.0393
2026-05-12,permanent,GLD,0.2828,-0.0136,-0.0713,0.1659,0.3995
2026-05-12,permanent,SPY,1.6300,0.0710,0.0646,0.1014,0.3170
2026-05-12,permanent,TLT,-0.3487,-0.0163,-0.0290,-0.0294,0.0211
2026-05-12,all_weather,DBC,3.6789,0.0887,0.3061,0.4232,0.5432
2026-05-12,all_weather,GLD,0.2864,-0.0134,-0.0711,0.1662,0.3998
2026-05-12,all_weather,IEF,-0.1281,-0.0086,-0.0131,-0.0056,0.0388
2026-05-12,all_weather,SPY,1.6313,0.0711,0.0646,0.1015,0.3171
2026-05-12,all_weather,TLT,-0.3487,-0.0163,-0.0290,-0.0294,0.0211
2026-05-12,golden_butterfly,GLD,0.2884,-0.0133,-0.0710,0.1663,0.3999
2026-05-12,golden_butterfly,SHY,0.0401,-0.0008,-0.0007,0.0096,0.0334
2026-05-12,golden_butterfly,SPY,1.6320,0.0711,0.0647,0.1015,0.3171
2026-05-12,golden_butterfly,TLT,-0.3476,-0.0162,-0.0289,-0.0293,0.0211
2026-05-12,golden_butterfly,VBR,0.7069,0.0162,-0.0022,0.1273,0.2671
2026-05-12,gtaa,DBC,3.6789,0.0887,0.3061,0.4232,0.5432
2026-05-12,gtaa,EFA,0.4057,0.0001,-0.0136,0.1101,0.2388
2026-05-12,gtaa,IEF,-0.1291,-0.0087,-0.0131,-0.0056,0.0388
2026-05-12,gtaa,SHY,0.0401,-0.0008,-0.0007,0.0096,0.0334
2026-05-12,gtaa,SPY,1.6328,0.0711,0.0647,0.1015,0.3172
2026-05-12,gtaa,VNQ,0.9092,0.0360,0.0409,0.0929,0.1276
2026-05-12,ivy,DBC,3.6789,0.0887,0.3061,0.4232,0.5432
2026-05-12,ivy,EFA,0.4047,0.0000,-0.0137,0.1101,0.2387
2026-05-12,ivy,IEF,-0.1291,-0.0087,-0.0131,-0.0056,0.0388
2026-05-12,ivy,SHY,0.0401,-0.0008,-0.0007,0.0096,0.0334
2026-05-12,ivy,VNQ,0.9082,0.0359,0.0409,0.0929,0.1275
2026-05-12,ivy,VTI,1.5601,0.0668,0.0603,0.1011,0.3151
2026-05-12,faa,AGG,-0.0103,-0.0055,-0.0082,0.0040,0.0496
2026-05-12,faa,DBC,0.9197,0.0887,0.3061,0.4232,0.5432
2026-05-12,faa,EEM,0.5252,0.0714,0.0797,0.2166,0.4921
2026-05-12,faa,EFA,0.1012,0.0000,-0.0137,0.1101,0.2387
2026-05-12,faa,SHY,0.0097,-0.0009,-0.0008,0.0096,0.0333
2026-05-12,faa,SPY,0.4072,0.0709,0.0645,0.1013,0.3169
2026-05-12,faa,VNQ,0.2265,0.0358,0.0408,0.0928,0.1274
2026-05-12,eaa,DBC,0.9180,0.0884,0.3057,0.4228,0.5427
2026-05-12,eaa,EEM,0.5236,0.0711,0.0794,0.2162,0.4916
2026-05-12,eaa,EFA,0.1012,0.0000,-0.0137,0.1101,0.2387
2026-05-12,eaa,GLD,0.0720,-0.0134,-0.0711,0.1663,0.3999
2026-05-12,eaa,IEF,-0.0328,-0.0088,-0.0132,-0.0057,0.0387
2026-05-12,eaa,SHY,0.0097,-0.0009,-0.0008,0.0096,0.0333
2026-05-12,eaa,SPY,0.4054,0.0706,0.0641,0.1009,0.3165
2026-05-12,eaa,VNQ,0.2260,0.0357,0.0407,0.0926,0.1273
2026-05-12,laa,GLD,0.2859,-0.0135,-0.0712,0.1661,0.3998
2026-05-12,laa,IEF,-0.1311,-0.0088,-0.0132,-0.0057,0.0387
2026-05-12,laa,IWD,1.2840,0.0433,0.0443,0.1516,0.2835
2026-05-12,laa,QQQ,2.9499,0.1346,0.1471,0.1518,0.4425
2026-05-12,laa,SHY,0.0389,-0.0009,-0.0008,0.0096,0.0333
2026-05-12,laa,SPY,1.6247,0.0707,0.0643,0.1011,0.3167
2026-05-13,daa,BND,-0.0652,-0.0080,-0.0062,0.0038,0.0484
2026-05-13,daa,DBC,3.5929,0.0908,0.2909,0.4047,0.5296
2026-05-13,daa,EEM,2.3341,0.0825,0.0945,0.2311,0.5039
2026-05-13,daa,EWJ,1.1105,0.0416,-0.0089,0.1546,0.3379
2026-05-13,daa,GLD,0.0378,-0.0313,-0.0780,0.1395,0.4460
2026-05-13,daa,HYG,0.1027,-0.0019,0.0038,0.0211,0.0680
2026-05-13,daa,IEF,-0.1582,-0.0125,-0.0109,-0.0049,0.0448
2026-05-13,daa,IWM,1.5764,0.0506,0.0675,0.1629,0.3728
2026-05-13,daa,LQD,-0.0796,-0.0095,-0.0085,0.0021,0.0648
2026-05-13,daa,QQQ,3.0220,0.1368,0.1670,0.1495,0.4139
2026-05-13,daa,SHY,0.0432,-0.0013,0.0006,0.0102,0.0356
2026-05-13,daa,SPY,1.6119,0.0691,0.0759,0.0957,0.2881
2026-05-13,daa,TLT,-0.4383,-0.0245,-0.0268,-0.0322,0.0274
2026-05-13,daa,VGK,0.2054,-0.0107,-0.0181,0.0956,0.2149
2026-05-13,daa,VNQ,0.6651,0.0187,0.0391,0.0855,0.1138
2026-05-13,daa,VWO,1.0529,0.0356,0.0262,0.1077,0.3051
2026-05-13,vaa,AGG,-0.0645,-0.0084,-0.0063,0.0041,0.0528
2026-05-13,vaa,EEM,2.3309,0.0823,0.0943,0.2309,0.5037
2026-05-13,vaa,EFA,0.4205,0.0007,-0.0117,0.1081,0.2431
2026-05-13,vaa,IEF,-0.1582,-0.0125,-0.0109,-0.0049,0.0448
2026-05-13,vaa,LQD,-0.0788,-0.0095,-0.0085,0.0022,0.0649
2026-05-13,vaa,SHY,0.0432,-0.0013,0.0006,0.0102,0.0356
2026-05-13,vaa,SPY,1.6141,0.0692,0.0760,0.0958,0.2882
2026-05-13,paa,DBC,3.5929,0.0908,0.2909,0.4047,0.5296
2026-05-13,paa,EEM,2.3246,0.0820,0.0940,0.2306,0.5033
2026-05-13,paa,EWJ,1.1127,0.0417,-0.0088,0.1547,0.3380
2026-05-13,paa,GLD,0.0233,-0.0320,-0.0787,0.1386,0.4449
2026-05-13,paa,HYG,0.1027,-0.0019,0.0038,0.0211,0.0680
2026-05-13,paa,IEF,-0.1582,-0.0125,-0.0109,-0.0049,0.0448
2026-05-13,paa,IWM,1.5793,0.0508,0.0676,0.1631,0.3730
2026-05-13,paa,LQD,-0.0796,-0.0095,-0.0085,0.0021,0.0648
2026-05-13,paa,QQQ,3.0215,0.1367,0.1669,0.1495,0.4138
2026-05-13,paa,SHY,0.0432,-0.0013,0.0006,0.0102,0.0356
2026-05-13,paa,SPY,1.6116,0.0691,0.0759,0.0957,0.2881
2026-05-13,paa,TLT,-0.4405,-0.0246,-0.0270,-0.0323,0.0273
2026-05-13,paa,VGK,0.1999,-0.0110,-0.0183,0.0952,0.2145
2026-05-13,paa,VNQ,0.6631,0.0186,0.0389,0.0854,0.1137
2026-05-13,baa_g12,DBC,3.5857,0.0905,0.2905,0.4043,0.5291
2026-05-13,baa_g12,EEM,2.3246,0.0820,0.0940,0.2306,0.5033
2026-05-13,baa_g12,EWJ,1.1127,0.0417,-0.0088,0.1547,0.3380
2026-05-13,baa_g12,GLD,0.0215,-0.0321,-0.0788,0.1385,0.4447
2026-05-13,baa_g12,HYG,0.1027,-0.0019,0.0038,0.0211,0.0680
2026-05-13,baa_g12,IEF,-0.1582,-0.0125,-0.0109,-0.0049,0.0448
2026-05-13,baa_g12,IWM,1.5749,0.0506,0.0674,0.1628,0.3727
2026-05-13,baa_g12,LQD,-0.0796,-0.0095,-0.0085,0.0021,0.0648
2026-05-13,baa_g12,QQQ,3.0178,0.1366,0.1667,0.1493,0.4136
2026-05-13,baa_g12,SHY,0.0432,-0.0013,0.0006,0.0102,0.0356
2026-05-13,baa_g12,SPY,1.6074,0.0688,0.0756,0.0955,0.2878
2026-05-13,baa_g12,TLT,-0.4394,-0.0246,-0.0269,-0.0322,0.0274
2026-05-13,baa_g12,VGK,0.1999,-0.0110,-0.0183,0.0952,0.2145
2026-05-13,baa_g12,VNQ,0.6621,0.0185,0.0389,0.0853,0.1136
2026-05-13,baa_g4,AGG,-0.0635,-0.0083,-0.0062,0.0042,0.0528
2026-05-13,baa_g4,EEM,2.3214,0.0819,0.0938,0.2304,0.5031
2026-05-13,baa_g4,EFA,0.4187,0.0006,-0.0118,0.1080,0.2430
2026-05-13,baa_g4,IEF,-0.1582,-0.0125,-0.0109,-0.0049,0.0448
2026-05-13,baa_g4,LQD,-0.0796,-0.0095,-0.0085,0.0021,0.0648
2026-05-13,baa_g4,SHY,0.0434,-0.0012,0.0006,0.0102,0.0356
2026-05-13,baa_g4,SPY,1.6088,0.0689,0.0757,0.0955,0.2879
2026-05-13,gem,AGG,0.0528,-0.0084,-0.0063,0.0041,0.0528
2026-05-13,gem,EFA,0.2430,0.0006,-0.0118,0.1080,0.2430
2026-05-13,gem,SPY,0.2879,0.0689,0.0757,0.0955,0.2879
2026-05-13,haa,AGG,-0.0648,-0.0084,-0.0063,0.0041,0.0528
2026-05-13,haa,EEM,2.3246,0.0820,0.0940,0.2306,0.5033
2026-05-13,haa,EFA,0.4186,0.0006,-0.0118,0.1080,0.2430
2026-05-13,haa,IEF,-0.1592,-0.0125,-0.0110,-0.0049,0.0448
2026-05-13,haa,LQD,-0.0796,-0.0095,-0.0085,0.0021,0.0648
2026-05-13,haa,SHY,0.0434,-0.0012,0.0006,0.0102,0.0356
2026-05-13,haa,SPY,1.6085,0.0689,0.0757,0.0955,0.2879
2026-05-13,permanent,BIL,0.1451,0.0029,0.0088,0.0181,0.0394
2026-05-13,permanent,GLD,0.0193,-0.0322,-0.0789,0.1384,0.4445
2026-05-13,permanent,SPY,1.6070,0.0688,0.0756,0.0954,0.2878
2026-05-13,permanent,TLT,-0.4426,-0.0247,-0.0271,-0.0324,0.0272
2026-05-13,all_weather,DBC,3.5893,0.0907,0.2907,0.4045,0.5293
2026-05-13,all_weather,GLD,0.0199,-0.0322,-0.0788,0.1384,0.4446
2026-05-13,all_weather,IEF,-0.1602,-0.0126,-0.0111,-0.0050,0.0447
2026-05-13,all_weather,SPY,1.6074,0.0688,0.0756,0.0955,0.2878
2026-05-13,all_weather,TLT,-0.4416,-0.0247,-0.0270,-0.0324,0.0273
2026-05-13,golden_butterfly,GLD,0.0210,-0.0321,-0.0788,0.1385,0.4447
2026-05-13,golden_butterfly,SHY,0.0434,-0.0012,0.0006,0.0102,0.0356
2026-05-13,golden_butterfly,SPY,1.6077,0.0689,0.0757,0.0955,0.2878
2026-05-13,golden_butterfly,TLT,-0.4416,-0.0247,-0.0270,-0.0324,0.0273
2026-05-13,golden_butterfly,VBR,0.5222,0.0079,-0.0064,0.1186,0.2164
2026-05-13,gtaa,DBC,3.5929,0.0908,0.2909,0.4047,0.5296
2026-05-13,gtaa,EFA,0.4196,0.0006,-0.0118,0.1080,0.2431
2026-05-13,gtaa,IEF,-0.1602,-0.0126,-0.0111,-0.0050,0.0447
2026-05-13,gtaa,SHY,0.0434,-0.0012,0.0006,0.0102,0.0356
2026-05-13,gtaa,SPY,1.6088,0.0689,0.0757,0.0955,0.2879
2026-05-13,gtaa,VNQ,0.6580,0.0183,0.0387,0.0851,0.1134
2026-05-13,ivy,DBC,3.5929,0.0908,0.2909,0.4047,0.5296
2026-05-13,ivy,EFA,0.4186,0.0006,-0.0118,0.1080,0.2430
2026-05-13,ivy,IEF,-0.1602,-0.0126,-0.0111,-0.0050,0.0447
2026-05-13,ivy,SHY,0.0434,-0.0012,0.0006,0.0102,0.0356
2026-05-13,ivy,VNQ,0.6590,0.0184,0.0387,0.0852,0.1134
2026-05-13,ivy,VTI,1.5238,0.0639,0.0709,0.0949,0.2840
2026-05-13,faa,AGG,-0.0161,-0.0084,-0.0063,0.0041,0.0528
2026-05-13,faa,DBC,0.8982,0.0908,0.2909,0.4047,0.5296
2026-05-13,faa,EEM,0.5804,0.0819,0.0938,0.2304,0.5031
2026-05-13,faa,EFA,0.1047,0.0006,-0.0118,0.1080,0.2430
2026-05-13,faa,SHY,0.0108,-0.0012,0.0006,0.0102,0.0356
2026-05-13,faa,SPY,0.4015,0.0688,0.0756,0.0954,0.2877
2026-05-13,faa,VNQ,0.1642,0.0183,0.0386,0.0850,0.1133
2026-05-13,eaa,DBC,0.8982,0.0908,0.2909,0.4047,0.5296
2026-05-13,eaa,EEM,0.5811,0.0820,0.0940,0.2306,0.5033
2026-05-13,eaa,EFA,0.1047,0.0006,-0.0118,0.1080,0.2430
2026-05-13,eaa,GLD,0.0059,-0.0320,-0.0787,0.1387,0.4449
2026-05-13,eaa,IEF,-0.0398,-0.0125,-0.0110,-0.0049,0.0448
2026-05-13,eaa,SHY,0.0109,-0.0012,0.0006,0.0102,0.0356
2026-05-13,eaa,SPY,0.4023,0.0689,0.0757,0.0956,0.2879
2026-05-13,eaa,VNQ,0.1647,0.0184,0.0387,0.0852,0.1134
2026-05-13,laa,GLD,0.0239,-0.0320,-0.0786,0.1387,0.4449
2026-05-13,laa,IEF,-0.1592,-0.0125,-0.0110,-0.0049,0.0448
2026-05-13,laa,IWD,1.2773,0.0438,0.0474,0.1495,0.2635
2026-05-13,laa,QQQ,3.0169,0.1365,0.1667,0.1492,0.4135
2026-05-13,laa,SHY,0.0434,-0.0012,0.0006,0.0102,0.0356
2026-05-13,laa,SPY,1.6076,0.0689,0.0756,0.0955,0.2878
2026-05-14,daa,BND,-0.0336,-0.0046,-0.0087,0.0030,0.0509
2026-05-14,daa,DBC,3.3572,0.0748,0.3046,0.3775,0.4866
2026-05-14,daa,EEM,2.3716,0.0824,0.1062,0.2289,0.5002
2026-05-14,daa,EWJ,0.9654,0.0338,-0.0138,0.1407,0.3329
2026-05-14,daa,GLD,0.2079,-0.0246,-0.0483,0.1309,0.4346
2026-05-14,daa,HYG,0.1124,-0.0011,0.0046,0.0203,0.0665
2026-05-14,daa,IEF,-0.1257,-0.0084,-0.0151,-0.0060,0.0476
2026-05-14,daa,IWM,1.7439,0.0540,0.0959,0.1685,0.3756
2026-05-14,daa,LQD,-0.0452,-0.0062,-0.0102,0.0012,0.0672
2026-05-14,daa,QQQ,3.0159,0.1262,0.1966,0.1578,0.3990
2026-05-14,daa,SHY,0.0444,-0.0008,-0.0002,0.0095,0.0360
2026-05-14,daa,SPY,1.6794,0.0666,0.0988,0.0993,0.2867
2026-05-14,daa,TLT,-0.3380,-0.0147,-0.0342,-0.0312,0.0375
2026-05-14,daa,VGK,0.3061,-0.0042,-0.0077,0.0870,0.2132
2026-05-14,daa,VNQ,0.5919,0.0148,0.0371,0.0702,0.1247
2026-05-14,daa,VWO,1.0363,0.0315,0.0374,0.1042,0.3002
2026-05-14,vaa,AGG,-0.0297,-0.0048,-0.0087,0.0032,0.0560
2026-05-14,vaa,EEM,2.3700,0.0823,0.1061,0.2288,0.5001
2026-05-14,vaa,EFA,0.4495,0.0028,-0.0053,0.0988,0.2402
2026-05-14,vaa,IEF,-0.1257,-0.0084,-0.0151,-0.0060,0.0476
2026-05-14,vaa,LQD,-0.0461,-0.0062,-0.0102,0.0012,0.0671
2026-05-14,vaa,SHY,0.0444,-0.0008,-0.0002,0.0095,0.0360
2026-05-14,vaa,SPY,1.6806,0.0666,0.0989,0.0993,0.2868
2026-05-14,paa,DBC,3.3572,0.0748,0.3046,0.3775,0.4866
2026-05-14,paa,EEM,2.3700,0.0823,0.1061,0.2288,0.5001
2026-05-14,paa,EWJ,0.9633,0.0337,-0.0139,0.1405,0.3328
2026-05-14,paa,GLD,0.2090,-0.0246,-0.0482,0.1310,0.4347
2026-05-14,paa,HYG,0.1112,-0.0011,0.0045,0.0202,0.0664
2026-05-14,paa,IEF,-0.1277,-0.0085,-0.0152,-0.0062,0.0475
2026-05-14,paa,IWM,1.7468,0.0541,0.0961,0.1686,0.3758
2026-05-14,paa,LQD,-0.0470,-0.0063,-0.0103,0.0011,0.0671
2026-05-14,paa,QQQ,3.0237,0.1266,0.1971,0.1583,0.3995
2026-05-14,paa,SHY,0.0433,-0.0009,-0.0003,0.0095,0.0360
2026-05-14,paa,SPY,1.6766,0.0664,0.0987,0.0991,0.2865
2026-05-14,paa,TLT,-0.3420,-0.0149,-0.0344,-0.0314,0.0372
2026-05-14,paa,VGK,0.2972,-0.0047,-0.0081,0.0865,0.2127
2026-05-14,paa,VNQ,0.5694,0.0137,0.0359,0.0690,0.1234
2026-05-14,baa_g12,DBC,3.3572,0.0748,0.3046,0.3775,0.4866
2026-05-14,baa_g12,EEM,2.3605,0.0818,0.1057,0.2282,0.4994
2026-05-14,baa_g12,EWJ,0.9589,0.0335,-0.0141,0.1403,0.3325
2026-05-14,baa_g12,GLD,0.2081,-0.0246,-0.0482,0.1310,0.4346
2026-05-14,baa_g12,HYG,0.1100,-0.0012,0.0044,0.0202,0.0663
2026-05-14,baa_g12,IEF,-0.1287,-0.0086,-0.0153,-0.0062,0.0474
2026-05-14,baa_g12,IWM,1.7512,0.0543,0.0963,0.1689,0.3761
2026-05-14,baa_g12,LQD,-0.0478,-0.0063,-0.0103,0.0011,0.0670
2026-05-14,baa_g12,QQQ,3.0364,0.1273,0.1978,0.1589,0.4003
2026-05-14,baa_g12,SHY,0.0421,-0.0009,-0.0003,0.0094,0.0359
2026-05-14,baa_g12,SPY,1.6817,0.0667,0.0989,0.0994,0.2869
2026-05-14,baa_g12,TLT,-0.3420,-0.0149,-0.0344,-0.0314,0.0372
2026-05-14,baa_g12,VGK,0.2994,-0.0045,-0.0080,0.0866,0.2128
2026-05-14,baa_g12,VNQ,0.5704,0.0137,0.0360,0.0691,0.1235
2026-05-14,baa_g4,AGG,-0.0316,-0.0049,-0.0088,0.0031,0.0559
2026-05-14,baa_g4,EEM,2.3748,0.0826,0.1064,0.2291,0.5004
2026-05-14,baa_g4,EFA,0.4429,0.0024,-0.0057,0.0984,0.2397
2026-05-14,baa_g4,IEF,-0.1287,-0.0086,-0.0153,-0.0062,0.0474
2026-05-14,baa_g4,LQD,-0.0478,-0.0063,-0.0103,0.0011,0.0670
2026-05-14,baa_g4,SHY,0.0433,-0.0009,-0.0003,0.0095,0.0360
2026-05-14,baa_g4,SPY,1.6843,0.0668,0.0991,0.0995,0.2870
2026-05-14,gem,AGG,0.0559,-0.0049,-0.0088,0.0031,0.0559
2026-05-14,gem,EFA,0.2400,0.0026,-0.0055,0.0986,0.2400
2026-05-14,gem,SPY,0.2871,0.0669,0.0991,0.0996,0.2871
2026-05-14,haa,AGG,-0.0316,-0.0049,-0.0088,0.0031,0.0559
2026-05-14,haa,EEM,2.3669,0.0822,0.1060,0.2286,0.4999
2026-05-14,haa,EFA,0.4383,0.0022,-0.0059,0.0981,0.2394
2026-05-14,haa,IEF,-0.1287,-0.0086,-0.0153,-0.0062,0.0474
2026-05-14,haa,LQD,-0.0478,-0.0063,-0.0103,0.0011,0.0670
2026-05-14,haa,SHY,0.0433,-0.0009,-0.0003,0.0095,0.0360
2026-05-14,haa,SPY,1.6758,0.0664,0.0986,0.0991,0.2865
2026-05-14,permanent,BIL,0.1464,0.0029,0.0089,0.0183,0.0393
2026-05-14,permanent,GLD,0.2159,-0.0242,-0.0479,0.1314,0.4352
2026-05-14,permanent,SPY,1.6818,0.0667,0.0989,0.0994,0.2869
2026-05-14,permanent,TLT,-0.3420,-0.0149,-0.0344,-0.0314,0.0372
2026-05-14,all_weather,DBC,3.3644,0.0751,0.3050,0.3779,0.4871
2026-05-14,all_weather,GLD,0.2159,-0.0242,-0.0479,0.1314,0.4352
2026-05-14,all_weather,IEF,-0.1267,-0.0085,-0.0151,-0.0061,0.0475
2026-05-14,all_weather,SPY,1.6863,0.0669,0.0992,0.0996,0.2872
2026-05-14,all_weather,TLT,-0.3420,-0.0149,-0.0344,-0.0314,0.0372
2026-05-14,golden_butterfly,GLD,0.2159,-0.0242,-0.0479,0.1314,0.4352
2026-05-14,golden_butterfly,SHY,0.0433,-0.0009,-0.0003,0.0095,0.0360
2026-05-14,golden_butterfly,SPY,1.6867,0.0670,0.0992,0.0996,0.2872
2026-05-14,golden_butterfly,TLT,-0.3398,-0.0148,-0.0343,-0.0313,0.0374
2026-05-14,golden_butterfly,VBR,0.7392,0.0176,0.0159,0.1221,0.2208
2026-05-14,gtaa,DBC,3.3644,0.0751,0.3050,0.3779,0.4871
2026-05-14,gtaa,EFA,0.4383,0.0022,-0.0059,0.0981,0.2394
2026-05-14,gtaa,IEF,-0.1257,-0.0084,-0.0151,-0.0060,0.0476
2026-05-14,gtaa,SHY,0.0433,-0.0009,-0.0003,0.0095,0.0360
2026-05-14,gtaa,SPY,1.6871,0.0670,0.0992,0.0997,0.2872
2026-05-14,gtaa,VNQ,0.5704,0.0137,0.0360,0.0691,0.1235
2026-05-14,ivy,DBC,3.3644,0.0751,0.3050,0.3779,0.4871
2026-05-14,ivy,EFA,0.4420,0.0024,-0.0057,0.0984,0.2397
2026-05-14,ivy,IEF,-0.1257,-0.0084,-0.0151,-0.0060,0.0476
2026-05-14,ivy,SHY,0.0433,-0.0009,-0.0003,0.0095,0.0360
2026-05-14,ivy,VNQ,0.5704,0.0137,0.0360,0.0691,0.1235
2026-05-14,ivy,VTI,1.6149,0.0627,0.0953,0.0993,0.2835
2026-05-14,faa,AGG,-0.0074,-0.0048,-0.0087,0.0032,0.0560
2026-05-14,faa,DBC,0.8411,0.0751,0.3050,0.3779,0.4871
2026-05-14,faa,EEM,0.5941,0.0826,0.1065,0.2292,0.5005
2026-05-14,faa,EFA,0.1098,0.0022,-0.0059,0.0982,0.2395
2026-05-14,faa,SHY,0.0108,-0.0009,-0.0003,0.0095,0.0360
2026-05-14,faa,SPY,0.4216,0.0669,0.0992,0.0996,0.2872
2026-05-14,faa,VNQ,0.1439,0.0140,0.0363,0.0693,0.1238
2026-05-14,eaa,DBC,0.8402,0.0749,0.3048,0.3777,0.4868
2026-05-14,eaa,EEM,0.5949,0.0828,0.1066,0.2293,0.5008
2026-05-14,eaa,EFA,0.1103,0.0023,-0.0058,0.0983,0.2396
2026-05-14,eaa,GLD,0.0539,-0.0242,-0.0479,0.1314,0.4352
2026-05-14,eaa,IEF,-0.0314,-0.0084,-0.0151,-0.0060,0.0476
2026-05-14,eaa,SHY,0.0105,-0.0009,-0.0003,0.0094,0.0359
2026-05-14,eaa,SPY,0.4220,0.0670,0.0993,0.0997,0.2873
2026-05-14,eaa,VNQ,0.1436,0.0139,0.0362,0.0693,0.1237
2026-05-14,laa,GLD,0.2185,-0.0241,-0.0477,0.1316,0.4354
2026-05-14,laa,IEF,-0.1257,-0.0084,-0.0151,-0.0060,0.0476
2026-05-14,laa,IWD,1.4100,0.0501,0.0626,0.1448,0.2691
2026-05-14,laa,QQQ,3.0380,0.1273,0.1978,0.1590,0.4004
2026-05-14,laa,SHY,0.0433,-0.0009,-0.0003,0.0095,0.0360
2026-05-14,laa,SPY,1.6852,0.0669,0.0991,0.0996,0.2871
2026-05-15,daa,BND,-0.1718,-0.0110,-0.0194,-0.0045,0.0463
2026-05-15,daa,DBC,3.3456,0.0697,0.3040,0.3971,0.4985
2026-05-15,daa,EEM,1.6218,0.0443,0.0670,0.1902,0.4422
2026-05-15,daa,EWJ,0.7220,0.0209,-0.0274,0.1227,0.3360
2026-05-15,daa,GLD,-0.3980,-0.0503,-0.0965,0.0828,0.4257
2026-05-15,daa,HYG,0.0393,-0.0046,-0.0011,0.0173,0.0651
2026-05-15,daa,IEF,-0.2963,-0.0161,-0.0283,-0.0157,0.0415
2026-05-15,daa,IWM,1.2556,0.0303,0.0595,0.1474,0.3595
2026-05-15,daa,LQD,-0.1787,-0.0112,-0.0230,-0.0075,0.0622
2026-05-15,daa,QQQ,2.7465,0.1112,0.1839,0.1488,0.3788
2026-05-15,daa,SHY,0.0151,-0.0020,-0.0033,0.0084,0.0352
2026-05-15,daa,SPY,1.5021,0.0568,0.0906,0.0912,0.2764
2026-05-15,daa,TLT,-0.6060,-0.0257,-0.0562,-0.0497,0.0262
2026-05-15,daa,VGK,-0.0386,-0.0202,-0.0266,0.0593,0.1921
2026-05-15,daa,VNQ,0.1483,-0.0100,0.0066,0.0616,0.1183
2026-05-15,daa,VWO,0.5440,0.0058,0.0139,0.0792,0.2601
2026-05-15,vaa,AGG,-0.1675,-0.0110,-0.0194,-0.0041,0.0509
2026-05-15,vaa,EEM,1.6266,0.0445,0.0672,0.1904,0.4425
2026-05-15,vaa,EFA,0.1499,-0.0111,-0.0227,0.0741,0.2255
2026-05-15,vaa,IEF,-0.2963,-0.0161,-0.0283,-0.0157,0.0415
2026-05-15,vaa,LQD,-0.1787,-0.0112,-0.0230,-0.0075,0.0622
2026-05-15,vaa,SHY,0.0151,-0.0020,-0.0033,0.0084,0.0352
2026-05-15,vaa,SPY,1.5013,0.0567,0.0905,0.0912,0.2763
2026-05-15,paa,DBC,3.3456,0.0697,0.3040,0.3971,0.4985
2026-05-15,paa,EEM,1.6250,0.0444,0.0672,0.1903,0.4424
2026-05-15,paa,EWJ,0.7209,0.0208,-0.0275,0.1227,0.3359
2026-05-15,paa,GLD,-0.3926,-0.0500,-0.0963,0.0831,0.4261
2026-05-15,paa,HYG,0.0405,-0.0046,-0.0011,0.0173,0.0652
2026-05-15,paa,IEF,-0.2963,-0.0161,-0.0283,-0.0157,0.0415
2026-05-15,paa,IWM,1.2512,0.0300,0.0593,0.1471,0.3592
2026-05-15,paa,LQD,-0.1796,-0.0112,-0.0230,-0.0075,0.0622
2026-05-15,paa,QQQ,2.7493,0.1114,0.1840,0.1490,0.3790
2026-05-15,paa,SHY,0.0151,-0.0020,-0.0033,0.0084,0.0352
2026-05-15,paa,SPY,1.5043,0.0569,0.0907,0.0913,0.2765
2026-05-15,paa,TLT,-0.6093,-0.0259,-0.0563,-0.0499,0.0260
2026-05-15,paa,VGK,-0.0386,-0.0202,-0.0266,0.0593,0.1921
2026-05-15,paa,VNQ,0.1462,-0.0101,0.0065,0.0615,0.1182
2026-05-15,baa_g12,DBC,3.3456,0.0697,0.3040,0.3971,0.4985
2026-05-15,baa_g12,EEM,1.6266,0.0445,0.0672,0.1904,0.4425
2026-05-15,baa_g12,EWJ,0.7209,0.0208,-0.0275,0.1227,0.3359
2026-05-15,baa_g12,GLD,-0.3886,-0.0498,-0.0961,0.0834,0.4264
2026-05-15,baa_g12,HYG,0.0393,-0.0046,-0.0011,0.0173,0.0651
2026-05-15,baa_g12,IEF,-0.2963,-0.0161,-0.0283,-0.0157,0.0415
2026-05-15,baa_g12,IWM,1.2490,0.0299,0.0592,0.1470,0.3591
2026-05-15,baa_g12,LQD,-0.1804,-0.0113,-0.0231,-0.0076,0.0622
2026-05-15,baa_g12,QQQ,2.7465,0.1112,0.1839,0.1488,0.3788
2026-05-15,baa_g12,SHY,0.0151,-0.0020,-0.0033,0.0084,0.0352
2026-05-15,baa_g12,SPY,1.5024,0.0568,0.0906,0.0912,0.2764
2026-05-15,baa_g12,TLT,-0.6082,-0.0258,-0.0563,-0.0498,0.0261
2026-05-15,baa_g12,VGK,-0.0408,-0.0204,-0.0268,0.0592,0.1919
2026-05-15,baa_g12,VNQ,0.1462,-0.0101,0.0065,0.0615,0.1182
2026-05-15,baa_g4,AGG,-0.1694,-0.0111,-0.0195,-0.0042,0.0508
2026-05-15,baa_g4,EEM,1.6218,0.0443,0.0670,0.1902,0.4422
2026-05-15,baa_g4,EFA,0.1481,-0.0112,-0.0228,0.0740,0.2253
2026-05-15,baa_g4,IEF,-0.2963,-0.0161,-0.0283,-0.0157,0.0415
2026-05-15,baa_g4,LQD,-0.1804,-0.0113,-0.0231,-0.0076,0.0622
2026-05-15,baa_g4,SHY,0.0151,-0.0020,-0.0033,0.0084,0.0352
2026-05-15,baa_g4,SPY,1.5027,0.0568,0.0906,0.0912,0.2764
2026-05-15,gem,AGG,0.0509,-0.0111,-0.0195,-0.0042,0.0509
2026-05-15,gem,EFA,0.2253,-0.0112,-0.0228,0.0740,0.2253
2026-05-15,gem,SPY,0.2765,0.0569,0.0907,0.0913,0.2765
2026-05-15,haa,AGG,-0.1685,-0.0111,-0.0195,-0.0042,0.0509
2026-05-15,haa,EEM,1.6281,0.0446,0.0673,0.1905,0.4427
2026-05-15,haa,EFA,0.1499,-0.0111,-0.0227,0.0741,0.2255
2026-05-15,haa,IEF,-0.2963,-0.0161,-0.0283,-0.0157,0.0415
2026-05-15,haa,LQD,-0.1804,-0.0113,-0.0231,-0.0076,0.0622
2026-05-15,haa,SHY,0.0151,-0.0020,-0.0033,0.0084,0.0352
2026-05-15,haa,SPY,1.5045,0.0569,0.0907,0.0913,0.2765
2026-05-15,permanent,BIL,0.1494,0.0031,0.0088,0.0186,0.0397
2026-05-15,permanent,GLD,-0.3846,-0.0496,-0.0959,0.0836,0.4267
2026-05-15,permanent,SPY,1.5043,0.0569,0.0907,0.0913,0.2765
2026-05-15,permanent,TLT,-0.6082,-0.0258,-0.0563,-0.0498,0.0261
2026-05-15,all_weather,DBC,3.3456,0.0697,0.3040,0.3971,0.4985
2026-05-15,all_weather,GLD,-0.3855,-0.0496,-0.0959,0.0836,0.4267
2026-05-15,all_weather,IEF,-0.2953,-0.0160,-0.0282,-0.0157,0.0416
2026-05-15,all_weather,SPY,1.5074,0.0570,0.0909,0.0915,0.2767
2026-05-15,all_weather,TLT,-0.6072,-0.0257,-0.0562,-0.0498,0.0261
2026-05-15,golden_butterfly,GLD,-0.3846,-0.0496,-0.0959,0.0836,0.4267
2026-05-15,golden_butterfly,SHY,0.0151,-0.0020,-0.0033,0.0084,0.0352
2026-05-15,golden_butterfly,SPY,1.5071,0.0570,0.0908,0.0915,0.2767
2026-05-15,golden_butterfly,TLT,-0.6082,-0.0258,-0.0563,-0.0498,0.0261
2026-05-15,golden_butterfly,VBR,0.3695,-0.0012,-0.0087,0.1025,0.2134
2026-05-15,gtaa,DBC,3.3456,0.0697,0.3040,0.3971,0.4985
2026-05-15,gtaa,EFA,0.1528,-0.0109,-0.0226,0.0743,0.2256
2026-05-15,gtaa,IEF,-0.2963,-0.0161,-0.0283,-0.0157,0.0415
2026-05-15,gtaa,SHY,0.0151,-0.0020,-0.0033,0.0084,0.0352
2026-05-15,gtaa,SPY,1.5065,0.0570,0.0908,0.0914,0.2766
2026-05-15,gtaa,VNQ,0.1462,-0.0101,0.0065,0.0615,0.1182
2026-05-15,ivy,DBC,3.3456,0.0697,0.3040,0.3971,0.4985
2026-05-15,ivy,EFA,0.1518,-0.0110,-0.0226,0.0742,0.2256
2026-05-15,ivy,IEF,-0.2963,-0.0161,-0.0283,-0.0157,0.0415
2026-05-15,ivy,SHY,0.0151,-0.0020,-0.0033,0.0084,0.0352
2026-05-15,ivy,VNQ,0.1462,-0.0101,0.0065,0.0615,0.1182
2026-05-15,ivy,VTI,1.4143,0.0519,0.0846,0.0902,0.2726
2026-05-15,faa,AGG,-0.0424,-0.0111,-0.0195,-0.0042,0.0508
2026-05-15,faa,DBC,0.8382,0.0701,0.3044,0.3975,0.4990
2026-05-15,faa,EEM,0.4086,0.0449,0.0677,0.1909,0.4431
2026-05-15,faa,EFA,0.0380,-0.0110,-0.0226,0.0742,0.2256
2026-05-15,faa,SHY,0.0038,-0.0020,-0.0033,0.0084,0.0352
2026-05-15,faa,SPY,0.3768,0.0570,0.0909,0.0915,0.2767
2026-05-15,faa,VNQ,0.0335,-0.0107,0.0059,0.0608,0.1175
2026-05-15,eaa,DBC,0.8382,0.0701,0.3044,0.3975,0.4990
2026-05-15,eaa,EEM,0.4082,0.0448,0.0676,0.1908,0.4430
2026-05-15,eaa,EFA,0.0382,-0.0109,-0.0226,0.0743,0.2256
2026-05-15,eaa,GLD,-0.0946,-0.0493,-0.0956,0.0840,0.4272
2026-05-15,eaa,IEF,-0.0741,-0.0161,-0.0283,-0.0157,0.0415
2026-05-15,eaa,SHY,0.0038,-0.0020,-0.0033,0.0084,0.0352
2026-05-15,eaa,SPY,0.3762,0.0569,0.0907,0.0913,0.2765
2026-05-15,eaa,VNQ,0.0335,-0.0107,0.0059,0.0608,0.1175
2026-05-15,laa,GLD,-0.3806,-0.0494,-0.0957,0.0838,0.4270
2026-05-15,laa,IEF,-0.2973,-0.0162,-0.0283,-0.0158,0.0415
2026-05-15,laa,IWD,1.1026,0.0341,0.0437,0.1279,0.2634
2026-05-15,laa,QQQ,2.7535,0.1116,0.1843,0.1492,0.3792
2026-05-15,laa,SHY,0.0151,-0.0020,-0.0033,0.0084,0.0352
2026-05-15,laa,SPY,1.5060,0.0570,0.0908,0.0914,0.2766
2026-05-18,daa,BND,-0.2240,-0.0152,-0.0196,-0.0019,0.0403
2026-05-18,daa,DBC,4.1225,0.1158,0.3381,0.4235,0.5340
2026-05-18,daa,EEM,1.2944,0.0178,0.0641,0.1960,0.4330
2026-05-18,daa,EWJ,0.5873,0.0052,-0.0132,0.1330,0.3114
2026-05-18,daa,GLD,-0.4537,-0.0636,-0.0684,0.0906,0.4020
2026-05-18,daa,HYG,-0.0028,-0.0087,-0.0010,0.0211,0.0627
2026-05-18,daa,IEF,-0.3729,-0.0221,-0.0288,-0.0135,0.0341
2026-05-18,daa,IWM,0.8368,-0.0023,0.0479,0.1680,0.3363
2026-05-18,daa,LQD,-0.2504,-0.0169,-0.0242,-0.0028,0.0545
2026-05-18,daa,QQQ,2.3463,0.0827,0.1698,0.1576,0.3595
2026-05-18,daa,SHY,-0.0047,-0.0038,-0.0028,0.0091,0.0334
2026-05-18,daa,SPY,1.2366,0.0371,0.0815,0.1021,0.2616
2026-05-18,daa,TLT,-0.7480,-0.0364,-0.0596,-0.0438,0.0152
2026-05-18,daa,VGK,-0.0358,-0.0248,-0.0220,0.0785,0.1930
2026-05-18,daa,VNQ,0.0232,-0.0207,0.0021,0.0801,0.1037
2026-05-18,daa,VWO,0.2986,-0.0140,0.0097,0.0851,0.2579
2026-05-18,vaa,AGG,-0.2214,-0.0152,-0.0200,-0.0017,0.0445
2026-05-18,vaa,EEM,1.2913,0.0176,0.0639,0.1958,0.4328
2026-05-18,vaa,EFA,0.1068,-0.0186,-0.0177,0.0911,0.2183
2026-05-18,vaa,IEF,-0.3727,-0.0220,-0.0288,-0.0135,0.0341
2026-05-18,vaa,LQD,-0.2512,-0.0169,-0.0242,-0.0028,0.0544
2026-05-18,vaa,SHY,-0.0050,-0.0038,-0.0028,0.0091,0.0333
2026-05-18,vaa,SPY,1.2328,0.0369,0.0813,0.1019,0.2613
2026-05-18,paa,DBC,4.1225,0.1158,0.3381,0.4235,0.5340
2026-05-18,paa,EEM,1.2913,0.0176,0.0639,0.1958,0.4328
2026-05-18,paa,EWJ,0.5895,0.0053,-0.0131,0.1332,0.3115
2026-05-18,paa,GLD,-0.4517,-0.0635,-0.0683,0.0907,0.4021
2026-05-18,paa,HYG,-0.0040,-0.0087,-0.0010,0.0211,0.0627
2026-05-18,paa,IEF,-0.3727,-0.0220,-0.0288,-0.0135,0.0341
2026-05-18,paa,IWM,0.8407,-0.0021,0.0481,0.1682,0.3365
2026-05-18,paa,LQD,-0.2486,-0.0168,-0.0241,-0.0027,0.0546
2026-05-18,paa,QQQ,2.3556,0.0832,0.1703,0.1581,0.3601
2026-05-18,paa,SHY,-0.0048,-0.0038,-0.0028,0.0091,0.0334
2026-05-18,paa,SPY,1.2377,0.0371,0.0815,0.1022,0.2617
2026-05-18,paa,TLT,-0.7465,-0.0364,-0.0595,-0.0437,0.0153
2026-05-18,paa,VGK,-0.0336,-0.0247,-0.0219,0.0786,0.1932
2026-05-18,paa,VNQ,0.0222,-0.0208,0.0020,0.0800,0.1036
2026-05-18,baa_g12,DBC,4.1225,0.1158,0.3381,0.4235,0.5340
2026-05-18,baa_g12,EEM,1.2975,0.0179,0.0642,0.1962,0.4332
2026-05-18,baa_g12,EWJ,0.5938,0.0055,-0.0128,0.1334,0.3118
2026-05-18,baa_g12,GLD,-0.4506,-0.0635,-0.0682,0.0908,0.4022
2026-05-18,baa_g12,HYG,-0.0028,-0.0087,-0.0010,0.0211,0.0627
2026-05-18,baa_g12,IEF,-0.3709,-0.0220,-0.0287,-0.0134,0.0342
2026-05-18,baa_g12,IWM,0.8386,-0.0022,0.0480,0.1681,0.3364
2026-05-18,baa_g12,LQD,-0.2486,-0.0168,-0.0241,-0.0027,0.0546
2026-05-18,baa_g12,QQQ,2.3536,0.0831,0.1702,0.1580,0.3599
2026-05-18,baa_g12,SHY,-0.0051,-0.0038,-0.0028,0.0091,0.0333
2026-05-18,baa_g12,SPY,1.2344,0.0370,0.0814,0.1020,0.2614
2026-05-18,baa_g12,TLT,-0.7476,-0.0364,-0.0596,-0.0437,0.0153
2026-05-18,baa_g12,VGK,-0.0336,-0.0247,-0.0219,0.0786,0.1932
2026-05-18,baa_g12,VNQ,0.0212,-0.0208,0.0020,0.0800,0.1036
2026-05-18,baa_g4,AGG,-0.2205,-0.0151,-0.0200,-0.0016,0.0445
2026-05-18,baa_g4,EEM,1.2975,0.0179,0.0642,0.1962,0.4332
2026-05-18,baa_g4,EFA,0.1105,-0.0184,-0.0175,0.0913,0.2185
2026-05-18,baa_g4,IEF,-0.3709,-0.0220,-0.0287,-0.0134,0.0342
2026-05-18,baa_g4,LQD,-0.2469,-0.0167,-0.0240,-0.0026,0.0546
2026-05-18,baa_g4,SHY,-0.0051,-0.0038,-0.0028,0.0091,0.0333
2026-05-18,baa_g4,SPY,1.2402,0.0373,0.0817,0.1023,0.2618
2026-05-18,gem,AGG,0.0446,-0.0151,-0.0199,-0.0016,0.0446
2026-05-18,gem,EFA,0.2185,-0.0184,-0.0175,0.0913,0.2185
2026-05-18,gem,SPY,0.2619,0.0374,0.0818,0.1024,0.2619
2026-05-18,haa,AGG,-0.2195,-0.0151,-0.0199,-0.0016,0.0446
2026-05-18,haa,EEM,1.3069,0.0184,0.0647,0.1968,0.4339
2026-05-18,haa,EFA,0.1180,-0.0180,-0.0171,0.0918,0.2190
2026-05-18,haa,IEF,-0.3709,-0.0220,-0.0287,-0.0134,0.0342
2026-05-18,haa,LQD,-0.2469,-0.0167,-0.0240,-0.0026,0.0546
2026-05-18,haa,SHY,-0.0051,-0.0038,-0.0028,0.0091,0.0333
2026-05-18,haa,SPY,1.2427,0.0374,0.0818,0.1024,0.2620
2026-05-18,permanent,BIL,0.1441,0.0028,0.0087,0.0184,0.0395
2026-05-18,permanent,GLD,-0.4426,-0.0631,-0.0678,0.0913,0.4028
2026-05-18,permanent,SPY,1.2440,0.0375,0.0819,0.1025,0.2620
2026-05-18,permanent,TLT,-0.7411,-0.0361,-0.0593,-0.0434,0.0156
2026-05-18,all_weather,DBC,4.1225,0.1158,0.3381,0.4235,0.5340
2026-05-18,all_weather,GLD,-0.4457,-0.0632,-0.0680,0.0911,0.4026
2026-05-18,all_weather,IEF,-0.3689,-0.0219,-0.0286,-0.0133,0.0343
2026-05-18,all_weather,SPY,1.2449,0.0375,0.0819,0.1026,0.2621
2026-05-18,all_weather,TLT,-0.7411,-0.0361,-0.0593,-0.0434,0.0156
2026-05-18,golden_butterfly,GLD,-0.4457,-0.0632,-0.0680,0.0911,0.4026
2026-05-18,golden_butterfly,SHY,-0.0051,-0.0038,-0.0028,0.0091,0.0333
2026-05-18,golden_butterfly,SPY,1.2449,0.0375,0.0819,0.1026,0.2621
2026-05-18,golden_butterfly,TLT,-0.7411,-0.0361,-0.0593,-0.0434,0.0156
2026-05-18,golden_butterfly,VBR,0.2473,-0.0158,-0.0039,0.1215,0.2091
2026-05-18,gtaa,DBC,4.1189,0.1156,0.3379,0.4233,0.5337
2026-05-18,gtaa,EFA,0.1198,-0.0179,-0.0170,0.0919,0.2191
2026-05-18,gtaa,IEF,-0.3689,-0.0219,-0.0286,-0.0133,0.0343
2026-05-18,gtaa,SHY,-0.0051,-0.0038,-0.0028,0.0091,0.0333
2026-05-18,gtaa,SPY,1.2471,0.0376,0.0820,0.1027,0.2622
2026-05-18,gtaa,VNQ,0.0212,-0.0208,0.0020,0.0800,0.1036
2026-05-18,ivy,DBC,4.1189,0.1156,0.3379,0.4233,0.5337
2026-05-18,ivy,EFA,0.1198,-0.0179,-0.0170,0.0919,0.2191
2026-05-18,ivy,IEF,-0.3699,-0.0219,-0.0287,-0.0133,0.0343
2026-05-18,ivy,SHY,-0.0040,-0.0037,-0.0028,0.0091,0.0334
2026-05-18,ivy,VNQ,0.0202,-0.0209,0.0019,0.0799,0.1035
2026-05-18,ivy,VTI,1.1486,0.0316,0.0762,0.1027,0.2591
2026-05-18,faa,AGG,-0.0546,-0.0150,-0.0199,-0.0015,0.0446
2026-05-18,faa,DBC,1.0297,0.1156,0.3379,0.4233,0.5337
2026-05-18,faa,EEM,0.3295,0.0189,0.0653,0.1974,0.4346
2026-05-18,faa,EFA,0.0300,-0.0179,-0.0170,0.0919,0.2191
2026-05-18,faa,SHY,-0.0012,-0.0038,-0.0028,0.0091,0.0333
2026-05-18,faa,SPY,0.3111,0.0375,0.0819,0.1025,0.2621
2026-05-18,faa,VNQ,0.0051,-0.0209,0.0019,0.0799,0.1035
2026-05-18,eaa,DBC,1.0297,0.1156,0.3379,0.4233,0.5337
2026-05-18,eaa,EEM,0.3299,0.0190,0.0654,0.1975,0.4348
2026-05-18,eaa,EFA,0.0300,-0.0179,-0.0170,0.0919,0.2191
2026-05-18,eaa,GLD,-0.1131,-0.0636,-0.0683,0.0907,0.4021
2026-05-18,eaa,IEF,-0.0922,-0.0219,-0.0286,-0.0133,0.0343
2026-05-18,eaa,SHY,-0.0016,-0.0038,-0.0029,0.0090,0.0333
2026-05-18,eaa,SPY,0.3113,0.0375,0.0819,0.1026,0.2621
2026-05-18,eaa,VNQ,0.0051,-0.0209,0.0019,0.0799,0.1035
2026-05-18,laa,GLD,-0.4533,-0.0636,-0.0683,0.0906,0.4020
2026-05-18,laa,IEF,-0.3689,-0.0219,-0.0286,-0.0133,0.0343
2026-05-18,laa,IWD,0.9726,0.0223,0.0443,0.1399,0.2486
2026-05-18,laa,QQQ,2.3721,0.0840,0.1712,0.1590,0.3611
2026-05-18,laa,SHY,-0.0051,-0.0038,-0.0028,0.0091,0.0333
2026-05-18,laa,SPY,1.2424,0.0374,0.0818,0.1024,0.2619
2026-05-19,daa,BND,-0.2579,-0.0171,-0.0210,-0.0030,0.0369
2026-05-19,daa,DBC,3.7823,0.0998,0.3024,0.4189,0.5381
2026-05-19,daa,EEM,1.3387,0.0241,0.0574,0.1941,0.4324
2026-05-19,daa,EWJ,0.7254,0.0165,-0.0063,0.1217,0.3100
2026-05-19,daa,GLD,-0.5654,-0.0649,-0.0979,0.0996,0.4050
2026-05-19,daa,HYG,-0.0206,-0.0089,-0.0033,0.0197,0.0603
2026-05-19,daa,IEF,-0.4177,-0.0246,-0.0303,-0.0154,0.0301
2026-05-19,daa,IWM,0.6892,-0.0103,0.0417,0.1618,0.3222
2026-05-19,daa,LQD,-0.3186,-0.0208,-0.0272,-0.0041,0.0482
2026-05-19,daa,QQQ,2.4418,0.0911,0.1664,0.1620,0.3597
2026-05-19,daa,SHY,-0.0044,-0.0037,-0.0026,0.0084,0.0332
2026-05-19,daa,SPY,1.2517,0.0401,0.0771,0.1033,0.2548
2026-05-19,daa,TLT,-0.8263,-0.0417,-0.0614,-0.0437,0.0068
2026-05-19,daa,VGK,-0.0235,-0.0232,-0.0262,0.0857,0.1890
2026-05-19,daa,VNQ,0.1478,-0.0172,0.0213,0.0856,0.0980
2026-05-19,daa,VWO,0.2600,-0.0136,0.0028,0.0803,0.2514
2026-05-19,vaa,AGG,-0.2629,-0.0177,-0.0213,-0.0031,0.0410
2026-05-19,vaa,EEM,1.3402,0.0241,0.0574,0.1942,0.4325
2026-05-19,vaa,EFA,0.1530,-0.0147,-0.0187,0.0943,0.2156
2026-05-19,vaa,IEF,-0.4158,-0.0245,-0.0302,-0.0153,0.0302
2026-05-19,vaa,LQD,-0.3186,-0.0208,-0.0272,-0.0041,0.0482
2026-05-19,vaa,SHY,-0.0044,-0.0037,-0.0026,0.0084,0.0332
2026-05-19,vaa,SPY,1.2507,0.0401,0.0770,0.1033,0.2548
2026-05-19,paa,DBC,3.7753,0.0994,0.3020,0.4184,0.5376
2026-05-19,paa,EEM,1.3387,0.0241,0.0574,0.1941,0.4324
2026-05-19,paa,EWJ,0.7276,0.0166,-0.0062,0.1218,0.3101
2026-05-19,paa,GLD,-0.5641,-0.0648,-0.0978,0.0997,0.4051
2026-05-19,paa,HYG,-0.0206,-0.0089,-0.0033,0.0197,0.0603
2026-05-19,paa,IEF,-0.4148,-0.0245,-0.0301,-0.0152,0.0302
2026-05-19,paa,IWM,0.6841,-0.0105,0.0414,0.1615,0.3218
2026-05-19,paa,LQD,-0.3186,-0.0208,-0.0272,-0.0041,0.0482
2026-05-19,paa,QQQ,2.4411,0.0910,0.1663,0.1619,0.3597
2026-05-19,paa,SHY,-0.0050,-0.0037,-0.0026,0.0083,0.0332
2026-05-19,paa,SPY,1.2510,0.0401,0.0770,0.1033,0.2548
2026-05-19,paa,TLT,-0.8208,-0.0414,-0.0611,-0.0434,0.0071
2026-05-19,paa,VGK,-0.0224,-0.0232,-0.0262,0.0857,0.1891
2026-05-19,paa,VNQ,0.1438,-0.0174,0.0211,0.0854,0.0978
2026-05-19,baa_g12,DBC,3.7753,0.0994,0.3020,0.4184,0.5376
2026-05-19,baa_g12,EEM,1.3418,0.0242,0.0575,0.1943,0.4326
2026-05-19,baa_g12,EWJ,0.7319,0.0168,-0.0060,0.1220,0.3104
2026-05-19,baa_g12,GLD,-0.5616,-0.0647,-0.0977,0.0999,0.4053
2026-05-19,baa_g12,HYG,-0.0206,-0.0089,-0.0033,0.0197,0.0603
2026-05-19,baa_g12,IEF,-0.4118,-0.0243,-0.0300,-0.0151,0.0304
2026-05-19,baa_g12,IWM,0.6863,-0.0104,0.0415,0.1617,0.3220
2026-05-19,baa_g12,LQD,-0.3160,-0.0207,-0.0271,-0.0040,0.0483
2026-05-19,baa_g12,QQQ,2.4385,0.0909,0.1662,0.1618,0.3595
2026-05-19,baa_g12,SHY,-0.0050,-0.0037,-0.0026,0.0083,0.0332
2026-05-19,baa_g12,SPY,1.2496,0.0400,0.0770,0.1032,0.2547
2026-05-19,baa_g12,TLT,-0.8219,-0.0414,-0.0612,-0.0435,0.0070
2026-05-19,baa_g12,VGK,-0.0224,-0.0232,-0.0262,0.0857,0.1891
2026-05-19,baa_g12,VNQ,0.1458,-0.0173,0.0212,0.0855,0.0979
2026-05-19,baa_g4,AGG,-0.2610,-0.0176,-0.0212,-0.0030,0.0412
2026-05-19,baa_g4,EEM,1.3371,0.0240,0.0573,0.1940,0.4323
2026-05-19,baa_g4,EFA,0.1540,-0.0146,-0.0187,0.0943,0.2156
2026-05-19,baa_g4,IEF,-0.4128,-0.0244,-0.0300,-0.0151,0.0303
2026-05-19,baa_g4,LQD,-0.3186,-0.0208,-0.0272,-0.0041,0.0482
2026-05-19,baa_g4,SHY,-0.0050,-0.0037,-0.0026,0.0083,0.0332
2026-05-19,baa_g4,SPY,1.2416,0.0396,0.0765,0.1028,0.2542
2026-05-19,gem,AGG,0.0412,-0.0176,-0.0212,-0.0030,0.0412
2026-05-19,gem,EFA,0.2154,-0.0148,-0.0188,0.0942,0.2154
2026-05-19,gem,SPY,0.2544,0.0398,0.0767,0.1029,0.2544
2026-05-19,haa,AGG,-0.2608,-0.0176,-0.0212,-0.0030,0.0412
2026-05-19,haa,EEM,1.3308,0.0237,0.0570,0.1936,0.4318
2026-05-19,haa,EFA,0.1493,-0.0149,-0.0189,0.0941,0.2153
2026-05-19,haa,IEF,-0.4128,-0.0244,-0.0300,-0.0151,0.0303
2026-05-19,haa,LQD,-0.3186,-0.0208,-0.0272,-0.0041,0.0482
2026-05-19,haa,SHY,-0.0050,-0.0037,-0.0026,0.0083,0.0332
2026-05-19,haa,SPY,1.2397,0.0395,0.0764,0.1027,0.2541
2026-05-19,permanent,BIL,0.1457,0.0029,0.0088,0.0182,0.0393
2026-05-19,permanent,GLD,-0.5712,-0.0651,-0.0982,0.0993,0.4046
2026-05-19,permanent,SPY,1.2378,0.0394,0.0763,0.1026,0.2540
2026-05-19,permanent,TLT,-0.8197,-0.0413,-0.0611,-0.0434,0.0072
2026-05-19,all_weather,DBC,3.7751,0.0994,0.3019,0.4184,0.5376
2026-05-19,all_weather,GLD,-0.5717,-0.0652,-0.0982,0.0993,0.4046
2026-05-19,all_weather,IEF,-0.4118,-0.0243,-0.0300,-0.0151,0.0304
2026-05-19,all_weather,SPY,1.2387,0.0395,0.0764,0.1026,0.2540
2026-05-19,all_weather,TLT,-0.8205,-0.0414,-0.0611,-0.0434,0.0071
2026-05-19,golden_butterfly,GLD,-0.5717,-0.0652,-0.0982,0.0993,0.4046
2026-05-19,golden_butterfly,SHY,-0.0044,-0.0037,-0.0026,0.0084,0.0332
2026-05-19,golden_butterfly,SPY,1.2352,0.0393,0.0762,0.1025,0.2538
2026-05-19,golden_butterfly,TLT,-0.8221,-0.0415,-0.0612,-0.0435,0.0070
2026-05-19,golden_butterfly,VBR,0.0550,-0.0261,-0.0148,0.1176,0.1921
2026-05-19,gtaa,DBC,3.7751,0.0994,0.3019,0.4184,0.5376
2026-05-19,gtaa,EFA,0.1428,-0.0152,-0.0193,0.0937,0.2149
2026-05-19,gtaa,IEF,-0.4128,-0.0244,-0.0300,-0.0151,0.0303
2026-05-19,gtaa,SHY,-0.0044,-0.0037,-0.0026,0.0084,0.0332
2026-05-19,gtaa,SPY,1.2345,0.0393,0.0762,0.1024,0.2538
2026-05-19,gtaa,VNQ,0.1428,-0.0175,0.0210,0.0853,0.0977
2026-05-19,ivy,DBC,3.7859,0.0999,0.3026,0.4191,0.5383
2026-05-19,ivy,EFA,0.1456,-0.0151,-0.0191,0.0938,0.2151
2026-05-19,ivy,IEF,-0.4138,-0.0244,-0.0301,-0.0152,0.0303
2026-05-19,ivy,SHY,-0.0044,-0.0037,-0.0026,0.0084,0.0332
2026-05-19,ivy,VNQ,0.1408,-0.0176,0.0209,0.0852,0.0976
2026-05-19,ivy,VTI,1.1124,0.0317,0.0697,0.1019,0.2495
2026-05-19,faa,AGG,-0.0657,-0.0177,-0.0213,-0.0031,0.0410
2026-05-19,faa,DBC,0.9465,0.0999,0.3026,0.4191,0.5383
2026-05-19,faa,EEM,0.3284,0.0228,0.0561,0.1926,0.4306
2026-05-19,faa,EFA,0.0369,-0.0150,-0.0190,0.0939,0.2152
2026-05-19,faa,SHY,-0.0011,-0.0037,-0.0026,0.0084,0.0332
2026-05-19,faa,SPY,0.3077,0.0391,0.0760,0.1022,0.2536
2026-05-19,faa,VNQ,0.0375,-0.0171,0.0214,0.0857,0.0981
2026-05-19,eaa,DBC,0.9438,0.0994,0.3019,0.4184,0.5376
2026-05-19,eaa,EEM,0.3296,0.0230,0.0563,0.1929,0.4309
2026-05-19,eaa,EFA,0.0373,-0.0149,-0.0189,0.0941,0.2153
2026-05-19,eaa,GLD,-0.1436,-0.0653,-0.0983,0.0991,0.4044
2026-05-19,eaa,IEF,-0.1039,-0.0245,-0.0302,-0.0153,0.0302
2026-05-19,eaa,SHY,-0.0008,-0.0036,-0.0025,0.0084,0.0333
2026-05-19,eaa,SPY,0.3076,0.0391,0.0759,0.1022,0.2535
2026-05-19,eaa,VNQ,0.0385,-0.0169,0.0216,0.0859,0.0984
2026-05-19,laa,GLD,-0.5744,-0.0653,-0.0983,0.0991,0.4044
2026-05-19,laa,IEF,-0.4148,-0.0245,-0.0301,-0.0152,0.0302
2026-05-19,laa,IWD,0.9834,0.0238,0.0414,0.1462,0.2393
2026-05-19,laa,QQQ,2.4149,0.0897,0.1649,0.1605,0.3580
2026-05-19,laa,SHY,-0.0032,-0.0036,-0.0025,0.0084,0.0333
2026-05-19,laa,SPY,1.2364,0.0394,0.0763,0.1025,0.2539
2026-05-20,daa,BND,-0.1504,-0.0102,-0.0176,0.0004,0.0412
2026-05-20,daa,DBC,2.9871,0.0549,0.2614,0.3885,0.5053
2026-05-20,daa,EEM,1.7710,0.0501,0.0709,0.2209,0.4441
2026-05-20,daa,EWJ,1.1336,0.0448,-0.0017,0.1453,0.3121
2026-05-20,daa,GLD,-0.1228,-0.0315,-0.0947,0.1194,0.3959
2026-05-20,daa,HYG,0.0882,-0.0024,0.0003,0.0254,0.0651
2026-05-20,daa,IEF,-0.2786,-0.0155,-0.0264,-0.0116,0.0357
2026-05-20,daa,IWM,1.1897,0.0168,0.0568,0.2054,0.3501
2026-05-20,daa,LQD,-0.1865,-0.0122,-0.0232,0.0001,0.0532
2026-05-20,daa,QQQ,2.6964,0.1038,0.1800,0.1811,0.3690
2026-05-20,daa,SHY,0.0303,-0.0013,-0.0017,0.0094,0.0338
2026-05-20,daa,SPY,1.4449,0.0511,0.0842,0.1181,0.2584
2026-05-20,daa,TLT,-0.6222,-0.0287,-0.0548,-0.0384,0.0178
2026-05-20,daa,VGK,0.5567,0.0136,-0.0073,0.1156,0.1916
2026-05-20,daa,VNQ,0.5031,0.0065,0.0296,0.1012,0.1043
2026-05-20,daa,VWO,0.6251,0.0075,0.0181,0.1027,0.2575
2026-05-20,vaa,AGG,-0.1479,-0.0103,-0.0177,0.0005,0.0454
2026-05-20,vaa,EEM,1.7649,0.0498,0.0706,0.2205,0.4437
2026-05-20,vaa,EFA,0.6537,0.0182,-0.0055,0.1205,0.2169
2026-05-20,vaa,IEF,-0.2796,-0.0155,-0.0264,-0.0117,0.0357
2026-05-20,vaa,LQD,-0.1865,-0.0122,-0.0232,0.0001,0.0532
2026-05-20,vaa,SHY,0.0314,-0.0012,-0.0016,0.0095,0.0338
2026-05-20,vaa,SPY,1.4474,0.0513,0.0843,0.1182,0.2586
2026-05-20,paa,DBC,2.9978,0.0555,0.2620,0.3892,0.5060
2026-05-20,paa,EEM,1.7679,0.0500,0.0708,0.2207,0.4439
2026-05-20,paa,EWJ,1.1314,0.0447,-0.0018,0.1452,0.3119
2026-05-20,paa,GLD,-0.1201,-0.0314,-0.0946,0.1195,0.3961
2026-05-20,paa,HYG,0.0882,-0.0024,0.0003,0.0254,0.0651
2026-05-20,paa,IEF,-0.2786,-0.0155,-0.0264,-0.0116,0.0357
2026-05-20,paa,IWM,1.1860,0.0166,0.0566,0.2051,0.3499
2026-05-20,paa,LQD,-0.1847,-0.0122,-0.0231,0.0002,0.0533
2026-05-20,paa,QQQ,2.6967,0.1038,0.1800,0.1812,0.3690
2026-05-20,paa,SHY,0.0314,-0.0012,-0.0016,0.0095,0.0338
2026-05-20,paa,SPY,1.4430,0.0510,0.0841,0.1180,0.2583
2026-05-20,paa,TLT,-0.6211,-0.0286,-0.0548,-0.0384,0.0179
2026-05-20,paa,VGK,0.5567,0.0136,-0.0073,0.1156,0.1916
2026-05-20,paa,VNQ,0.4888,0.0058,0.0288,0.1004,0.1035
2026-05-20,baa_g12,DBC,2.9978,0.0555,0.2620,0.3892,0.5060
2026-05-20,baa_g12,EEM,1.7694,0.0500,0.0709,0.2208,0.4440
2026-05-20,baa_g12,EWJ,1.1281,0.0445,-0.0020,0.1450,0.3117
2026-05-20,baa_g12,GLD,-0.1194,-0.0314,-0.0946,0.1196,0.3962
2026-05-20,baa_g12,HYG,0.0894,-0.0023,0.0003,0.0255,0.0651
2026-05-20,baa_g12,IEF,-0.2776,-0.0154,-0.0263,-0.0116,0.0358
2026-05-20,baa_g12,IWM,1.1857,0.0166,0.0566,0.2051,0.3498
2026-05-20,baa_g12,LQD,-0.1830,-0.0121,-0.0230,0.0003,0.0534
2026-05-20,baa_g12,QQQ,2.6976,0.1038,0.1801,0.1812,0.3691
2026-05-20,baa_g12,SHY,0.0314,-0.0012,-0.0016,0.0095,0.0338
2026-05-20,baa_g12,SPY,1.4452,0.0511,0.0842,0.1181,0.2584
2026-05-20,baa_g12,TLT,-0.6200,-0.0285,-0.0547,-0.0383,0.0179
2026-05-20,baa_g12,VGK,0.5544,0.0135,-0.0074,0.1155,0.1914
2026-05-20,baa_g12,VNQ,0.4939,0.0060,0.0291,0.1007,0.1038
2026-05-20,baa_g4,AGG,-0.1444,-0.0101,-0.0175,0.0007,0.0456
2026-05-20,baa_g4,EEM,1.7647,0.0498,0.0706,0.2205,0.4436
2026-05-20,baa_g4,EFA,0.6518,0.0181,-0.0056,0.1204,0.2168
2026-05-20,baa_g4,IEF,-0.2786,-0.0155,-0.0264,-0.0116,0.0357
2026-05-20,baa_g4,LQD,-0.1830,-0.0121,-0.0230,0.0003,0.0534
2026-05-20,baa_g4,SHY,0.0314,-0.0012,-0.0016,0.0095,0.0338
2026-05-20,baa_g4,SPY,1.4436,0.0511,0.0841,0.1180,0.2583
2026-05-20,gem,AGG,0.0456,-0.0101,-0.0175,0.0007,0.0456
2026-05-20,gem,EFA,0.2168,0.0180,-0.0057,0.1203,0.2168
2026-05-20,gem,SPY,0.2585,0.0512,0.0842,0.1182,0.2585
2026-05-20,haa,AGG,-0.1440,-0.0101,-0.0175,0.0007,0.0456
2026-05-20,haa,EEM,1.7679,0.0500,0.0708,0.2207,0.4439
2026-05-20,haa,EFA,0.6499,0.0180,-0.0057,0.1203,0.2167
2026-05-20,haa,IEF,-0.2786,-0.0155,-0.0264,-0.0116,0.0357
2026-05-20,haa,LQD,-0.1830,-0.0121,-0.0230,0.0003,0.0534
2026-05-20,haa,SHY,0.0325,-0.0012,-0.0015,0.0095,0.0339
2026-05-20,haa,SPY,1.4463,0.0512,0.0843,0.1182,0.2585
2026-05-20,permanent,BIL,0.1473,0.0029,0.0089,0.0184,0.0395
2026-05-20,permanent,GLD,-0.1264,-0.0317,-0.0949,0.1192,0.3956
2026-05-20,permanent,SPY,1.4452,0.0511,0.0842,0.1181,0.2584
2026-05-20,permanent,TLT,-0.6178,-0.0284,-0.0546,-0.0382,0.0181
2026-05-20,all_weather,DBC,2.9978,0.0555,0.2620,0.3892,0.5060
2026-05-20,all_weather,GLD,-0.1205,-0.0314,-0.0946,0.1195,0.3961
2026-05-20,all_weather,IEF,-0.2766,-0.0154,-0.0263,-0.0115,0.0359
2026-05-20,all_weather,SPY,1.4447,0.0511,0.0842,0.1181,0.2584
2026-05-20,all_weather,TLT,-0.6178,-0.0284,-0.0546,-0.0382,0.0181
2026-05-20,golden_butterfly,GLD,-0.1219,-0.0315,-0.0947,0.1194,0.3960
2026-05-20,golden_butterfly,SHY,0.0314,-0.0012,-0.0016,0.0095,0.0338
2026-05-20,golden_butterfly,SPY,1.4466,0.0512,0.0843,0.1182,0.2585
2026-05-20,golden_butterfly,TLT,-0.6167,-0.0284,-0.0546,-0.0382,0.0181
2026-05-20,golden_butterfly,VBR,0.3497,-0.0116,-0.0047,0.1502,0.2073
2026-05-20,gtaa,DBC,2.9978,0.0555,0.2620,0.3892,0.5060
2026-05-20,gtaa,EFA,0.6527,0.0181,-0.0056,0.1205,0.2169
2026-05-20,gtaa,IEF,-0.2757,-0.0153,-0.0262,-0.0115,0.0359
2026-05-20,gtaa,SHY,0.0314,-0.0012,-0.0016,0.0095,0.0338
2026-05-20,gtaa,SPY,1.4477,0.0513,0.0843,0.1183,0.2586
2026-05-20,gtaa,VNQ,0.4909,0.0059,0.0289,0.1005,0.1036
2026-05-20,ivy,DBC,2.9978,0.0555,0.2620,0.3892,0.5060
2026-05-20,ivy,EFA,0.6575,0.0184,-0.0053,0.1207,0.2172
2026-05-20,ivy,IEF,-0.2756,-0.0153,-0.0262,-0.0115,0.0359
2026-05-20,ivy,SHY,0.0314,-0.0012,-0.0016,0.0095,0.0338
2026-05-20,ivy,VNQ,0.4909,0.0059,0.0289,0.1005,0.1036
2026-05-20,ivy,VTI,1.3547,0.0453,0.0785,0.1205,0.2564
2026-05-20,faa,AGG,-0.0357,-0.0100,-0.0175,0.0008,0.0457
2026-05-20,faa,DBC,0.7521,0.0560,0.2626,0.3899,0.5068
2026-05-20,faa,EEM,0.4443,0.0504,0.0713,0.2213,0.4445
2026-05-20,faa,EFA,0.1651,0.0185,-0.0052,0.1209,0.2173
2026-05-20,faa,SHY,0.0079,-0.0012,-0.0016,0.0095,0.0338
2026-05-20,faa,SPY,0.3635,0.0516,0.0847,0.1186,0.2590
2026-05-20,faa,VNQ,0.1281,0.0070,0.0301,0.1017,0.1049
2026-05-20,eaa,DBC,0.7521,0.0560,0.2626,0.3899,0.5068
2026-05-20,eaa,EEM,0.4447,0.0505,0.0713,0.2213,0.4446
2026-05-20,eaa,EFA,0.1648,0.0184,-0.0052,0.1208,0.2173
2026-05-20,eaa,GLD,-0.0291,-0.0312,-0.0944,0.1198,0.3964
2026-05-20,eaa,IEF,-0.0689,-0.0153,-0.0262,-0.0115,0.0359
2026-05-20,eaa,SHY,0.0079,-0.0012,-0.0016,0.0095,0.0338
2026-05-20,eaa,SPY,0.3629,0.0515,0.0845,0.1185,0.2588
2026-05-20,eaa,VNQ,0.1288,0.0071,0.0302,0.1019,0.1050
2026-05-20,laa,GLD,-0.1183,-0.0313,-0.0945,0.1197,0.3962
2026-05-20,laa,IEF,-0.2756,-0.0153,-0.0262,-0.0115,0.0359
2026-05-20,laa,IWD,1.1536,0.0335,0.0462,0.1623,0.2418
2026-05-20,laa,QQQ,2.6970,0.1038,0.1800,0.1812,0.3690
2026-05-20,laa,SHY,0.0314,-0.0012,-0.0016,0.0095,0.0338
2026-05-20,laa,SPY,1.4463,0.0512,0.0843,0.1182,0.2585
2026-05-21,daa,BND,-0.1457,-0.0104,-0.0166,0.0005,0.0441
2026-05-21,daa,DBC,2.7146,0.0410,0.2488,0.3729,0.4818
2026-05-21,daa,EEM,1.6837,0.0421,0.0595,0.2397,0.4607
2026-05-21,daa,EWJ,1.1287,0.0403,-0.0019,0.1725,0.3081
2026-05-21,daa,GLD,-0.3408,-0.0419,-0.1101,0.1140,0.3737
2026-05-21,daa,HYG,0.0911,-0.0027,0.0008,0.0265,0.0670
2026-05-21,daa,IEF,-0.2719,-0.0154,-0.0253,-0.0121,0.0382
2026-05-21,daa,IWM,1.3231,0.0211,0.0688,0.2154,0.3648
2026-05-21,daa,LQD,-0.1721,-0.0124,-0.0208,0.0014,0.0576
2026-05-21,daa,QQQ,2.5767,0.0910,0.1754,0.2016,0.3804
2026-05-21,daa,SHY,0.0226,-0.0018,-0.0018,0.0088,0.0336
2026-05-21,daa,SPY,1.3815,0.0442,0.0802,0.1315,0.2671
2026-05-21,daa,TLT,-0.5700,-0.0275,-0.0496,-0.0351,0.0284
2026-05-21,daa,VGK,0.6539,0.0188,-0.0091,0.1356,0.1932
2026-05-21,daa,VNQ,0.6494,0.0190,0.0260,0.1011,0.1153
2026-05-21,daa,VWO,0.4909,-0.0003,0.0037,0.1084,0.2625
2026-05-21,vaa,AGG,-0.1426,-0.0105,-0.0168,0.0011,0.0484
2026-05-21,vaa,EEM,1.6900,0.0424,0.0598,0.2401,0.4611
2026-05-21,vaa,EFA,0.7512,0.0224,-0.0062,0.1437,0.2202
2026-05-21,vaa,IEF,-0.2709,-0.0153,-0.0252,-0.0121,0.0383
2026-05-21,vaa,LQD,-0.1703,-0.0124,-0.0207,0.0015,0.0577
2026-05-21,vaa,SHY,0.0238,-0.0017,-0.0017,0.0088,0.0337
2026-05-21,vaa,SPY,1.3860,0.0445,0.0804,0.1318,0.2673
2026-05-21,paa,DBC,2.7182,0.0412,0.2490,0.3731,0.4820
2026-05-21,paa,EEM,1.6884,0.0424,0.0598,0.2400,0.4610
2026-05-21,paa,EWJ,1.1320,0.0405,-0.0017,0.1727,0.3083
2026-05-21,paa,GLD,-0.3466,-0.0422,-0.1103,0.1137,0.3733
2026-05-21,paa,HYG,0.0935,-0.0026,0.0010,0.0266,0.0671
2026-05-21,paa,IEF,-0.2669,-0.0151,-0.0250,-0.0119,0.0385
2026-05-21,paa,IWM,1.3209,0.0209,0.0686,0.2152,0.3646
2026-05-21,paa,LQD,-0.1677,-0.0122,-0.0205,0.0016,0.0578
2026-05-21,paa,QQQ,2.5740,0.0908,0.1753,0.2014,0.3802
2026-05-21,paa,SHY,0.0249,-0.0017,-0.0017,0.0089,0.0338
2026-05-21,paa,SPY,1.3791,0.0441,0.0800,0.1314,0.2669
2026-05-21,paa,TLT,-0.5623,-0.0271,-0.0492,-0.0347,0.0289
2026-05-21,paa,VGK,0.6562,0.0189,-0.0089,0.1357,0.1933
2026-05-21,paa,VNQ,0.6504,0.0190,0.0260,0.1012,0.1154
2026-05-21,baa_g12,DBC,2.7146,0.0410,0.2488,0.3729,0.4818
2026-05-21,baa_g12,EEM,1.6947,0.0427,0.0601,0.2404,0.4615
2026-05-21,baa_g12,EWJ,1.1342,0.0406,-0.0016,0.1728,0.3085
2026-05-21,baa_g12,GLD,-0.3437,-0.0420,-0.1102,0.1139,0.3735
2026-05-21,baa_g12,HYG,0.0935,-0.0026,0.0010,0.0266,0.0671
2026-05-21,baa_g12,IEF,-0.2669,-0.0151,-0.0250,-0.0119,0.0385
2026-05-21,baa_g12,IWM,1.3109,0.0204,0.0681,0.2146,0.3639
2026-05-21,baa_g12,LQD,-0.1677,-0.0122,-0.0205,0.0016,0.0578
2026-05-21,baa_g12,QQQ,2.5737,0.0908,0.1752,0.2014,0.3802
2026-05-21,baa_g12,SHY,0.0238,-0.0017,-0.0017,0.0088,0.0337
2026-05-21,baa_g12,SPY,1.3802,0.0442,0.0801,0.1315,0.2670
2026-05-21,baa_g12,TLT,-0.5620,-0.0271,-0.0492,-0.0346,0.0289
2026-05-21,baa_g12,VGK,0.6584,0.0190,-0.0088,0.1358,0.1935
2026-05-21,baa_g12,VNQ,0.6534,0.0192,0.0262,0.1014,0.1155
2026-05-21,baa_g4,AGG,-0.1388,-0.0103,-0.0166,0.0013,0.0486
2026-05-21,baa_g4,EEM,1.6900,0.0424,0.0598,0.2401,0.4611
2026-05-21,baa_g4,EFA,0.7455,0.0221,-0.0065,0.1434,0.2199
2026-05-21,baa_g4,IEF,-0.2669,-0.0151,-0.0250,-0.0119,0.0385
2026-05-21,baa_g4,LQD,-0.1668,-0.0122,-0.0205,0.0016,0.0579
2026-05-21,baa_g4,SHY,0.0249,-0.0017,-0.0017,0.0089,0.0338
2026-05-21,baa_g4,SPY,1.3816,0.0442,0.0802,0.1315,0.2671
2026-05-21,gem,AGG,0.0486,-0.0103,-0.0166,0.0012,0.0486
2026-05-21,gem,EFA,0.2200,0.0222,-0.0063,0.1436,0.2200
2026-05-21,gem,SPY,0.2670,0.0442,0.0801,0.1315,0.2670
2026-05-21,haa,AGG,-0.1388,-0.0103,-0.0166,0.0013,0.0486
2026-05-21,haa,EEM,1.6994,0.0429,0.0603,0.2407,0.4618
2026-05-21,haa,EFA,0.7484,0.0222,-0.0063,0.1436,0.2200
2026-05-21,haa,IEF,-0.2672,-0.0151,-0.0250,-0.0119,0.0385
2026-05-21,haa,LQD,-0.1660,-0.0121,-0.0204,0.0017,0.0579
2026-05-21,haa,SHY,0.0236,-0.0017,-0.0017,0.0088,0.0337
2026-05-21,haa,SPY,1.3833,0.0443,0.0803,0.1316,0.2672
2026-05-21,permanent,BIL,0.1456,0.0030,0.0086,0.0182,0.0393
2026-05-21,permanent,GLD,-0.3502,-0.0423,-0.1105,0.1135,0.3730
2026-05-21,permanent,SPY,1.3820,0.0443,0.0802,0.1316,0.2671
2026-05-21,permanent,TLT,-0.5634,-0.0271,-0.0493,-0.0347,0.0288
2026-05-21,all_weather,DBC,2.7146,0.0410,0.2488,0.3729,0.4818
2026-05-21,all_weather,GLD,-0.3502,-0.0423,-0.1105,0.1135,0.3730
2026-05-21,all_weather,IEF,-0.2659,-0.0151,-0.0250,-0.0118,0.0386
2026-05-21,all_weather,SPY,1.3849,0.0444,0.0803,0.1317,0.2673
2026-05-21,all_weather,TLT,-0.5612,-0.0270,-0.0492,-0.0346,0.0289
2026-05-21,golden_butterfly,GLD,-0.3479,-0.0422,-0.1104,0.1136,0.3732
2026-05-21,golden_butterfly,SHY,0.0238,-0.0017,-0.0017,0.0088,0.0337
2026-05-21,golden_butterfly,SPY,1.3901,0.0447,0.0806,0.1320,0.2676
2026-05-21,golden_butterfly,TLT,-0.5612,-0.0270,-0.0492,-0.0346,0.0289
2026-05-21,golden_butterfly,VBR,0.4328,-0.0053,-0.0057,0.1519,0.2148
2026-05-21,gtaa,DBC,2.7146,0.0410,0.2488,0.3729,0.4818
2026-05-21,gtaa,EFA,0.7617,0.0229,-0.0057,0.1443,0.2209
2026-05-21,gtaa,IEF,-0.2659,-0.0151,-0.0250,-0.0118,0.0386
2026-05-21,gtaa,SHY,0.0237,-0.0017,-0.0017,0.0088,0.0337
2026-05-21,gtaa,SPY,1.3978,0.0451,0.0810,0.1324,0.2681
2026-05-21,gtaa,VNQ,0.6596,0.0195,0.0265,0.1017,0.1159
2026-05-21,ivy,DBC,2.6934,0.0400,0.2476,0.3715,0.4803
2026-05-21,ivy,EFA,0.7617,0.0229,-0.0057,0.1443,0.2209
2026-05-21,ivy,IEF,-0.2649,-0.0150,-0.0249,-0.0118,0.0386
2026-05-21,ivy,SHY,0.0237,-0.0017,-0.0017,0.0088,0.0337
2026-05-21,ivy,VNQ,0.6596,0.0195,0.0265,0.1017,0.1159
2026-05-21,ivy,VTI,1.3157,0.0398,0.0766,0.1331,0.2661
2026-05-21,faa,AGG,-0.0345,-0.0103,-0.0165,0.0013,0.0487
2026-05-21,faa,DBC,0.6751,0.0403,0.2480,0.3720,0.4808
2026-05-21,faa,EEM,0.4272,0.0434,0.0608,0.2412,0.4624
2026-05-21,faa,EFA,0.1888,0.0226,-0.0060,0.1440,0.2205
2026-05-21,faa,SHY,0.0059,-0.0017,-0.0017,0.0088,0.0337
2026-05-21,faa,SPY,0.3496,0.0451,0.0811,0.1325,0.2681
2026-05-21,faa,VNQ,0.1649,0.0195,0.0265,0.1017,0.1159
2026-05-21,eaa,DBC,0.6734,0.0400,0.2476,0.3715,0.4803
2026-05-21,eaa,EEM,0.4288,0.0437,0.0611,0.2416,0.4629
2026-05-21,eaa,EFA,0.1902,0.0228,-0.0057,0.1443,0.2208
2026-05-21,eaa,GLD,-0.0837,-0.0416,-0.1098,0.1144,0.3742
2026-05-21,eaa,IEF,-0.0660,-0.0150,-0.0249,-0.0117,0.0387
2026-05-21,eaa,SHY,0.0062,-0.0017,-0.0017,0.0089,0.0338
2026-05-21,eaa,SPY,0.3509,0.0454,0.0813,0.1327,0.2684
2026-05-21,eaa,VNQ,0.1659,0.0197,0.0267,0.1019,0.1161
2026-05-21,laa,GLD,-0.3367,-0.0417,-0.1099,0.1143,0.3740
2026-05-21,laa,IEF,-0.2639,-0.0150,-0.0249,-0.0117,0.0387
2026-05-21,laa,IWD,1.1919,0.0353,0.0451,0.1692,0.2498
2026-05-21,laa,QQQ,2.6038,0.0923,0.1769,0.2031,0.3821
2026-05-21,laa,SHY,0.0261,-0.0016,-0.0016,0.0090,0.0338
2026-05-21,laa,SPY,1.4071,0.0455,0.0815,0.1329,0.2687
2026-05-22,daa,BND,-0.1142,-0.0080,-0.0181,0.0015,0.0512
2026-05-22,daa,DBC,2.4745,0.0239,0.2366,0.3815,0.4783
2026-05-22,daa,EEM,1.9836,0.0610,0.0731,0.2461,0.4668
2026-05-22,daa,EWJ,1.3628,0.0546,0.0047,0.1807,0.3280
2026-05-22,daa,GLD,-0.4443,-0.0381,-0.1385,0.1057,0.3557
2026-05-22,daa,HYG,0.1338,-0.0005,0.0030,0.0266,0.0748
2026-05-22,daa,IEF,-0.2606,-0.0140,-0.0289,-0.0115,0.0454
2026-05-22,daa,IWM,1.6883,0.0354,0.0971,0.2283,0.4189
2026-05-22,daa,LQD,-0.0937,-0.0077,-0.0198,0.0033,0.0717
2026-05-22,daa,QQQ,2.8883,0.1060,0.1994,0.2041,0.4111
2026-05-22,daa,SHY,0.0132,-0.0020,-0.0033,0.0082,0.0336
2026-05-22,daa,SPY,1.6146,0.0548,0.0981,0.1341,0.2968
2026-05-22,daa,TLT,-0.4652,-0.0216,-0.0494,-0.0294,0.0504
2026-05-22,daa,VGK,0.7412,0.0243,-0.0056,0.1374,0.1967
2026-05-22,daa,VNQ,0.6326,0.0117,0.0290,0.1132,0.1493
2026-05-22,daa,VWO,0.8296,0.0206,0.0182,0.1179,0.2736
2026-05-22,vaa,AGG,-0.1128,-0.0083,-0.0181,0.0017,0.0560
2026-05-22,vaa,EEM,1.9868,0.0612,0.0732,0.2463,0.4670
2026-05-22,vaa,EFA,0.8483,0.0286,-0.0032,0.1459,0.2261
2026-05-22,vaa,IEF,-0.2616,-0.0140,-0.0289,-0.0116,0.0453
2026-05-22,vaa,LQD,-0.0937,-0.0077,-0.0198,0.0033,0.0717
2026-05-22,vaa,SHY,0.0143,-0.0019,-0.0032,0.0083,0.0336
2026-05-22,vaa,SPY,1.6173,0.0549,0.0982,0.1343,0.2969
2026-05-22,paa,DBC,2.4716,0.0238,0.2364,0.3813,0.4781
2026-05-22,paa,EEM,1.9852,0.0611,0.0732,0.2462,0.4669
2026-05-22,paa,EWJ,1.3694,0.0549,0.0050,0.1811,0.3284
2026-05-22,paa,GLD,-0.4452,-0.0382,-0.1386,0.1057,0.3557
2026-05-22,paa,HYG,0.1353,-0.0004,0.0031,0.0267,0.0749
2026-05-22,paa,IEF,-0.2616,-0.0140,-0.0289,-0.0116,0.0453
2026-05-22,paa,IWM,1.6930,0.0356,0.0973,0.2286,0.4192
2026-05-22,paa,LQD,-0.0945,-0.0078,-0.0199,0.0033,0.0716
2026-05-22,paa,QQQ,2.8911,0.1061,0.1996,0.2042,0.4112
2026-05-22,paa,SHY,0.0143,-0.0019,-0.0032,0.0083,0.0336
2026-05-22,paa,SPY,1.6184,0.0550,0.0983,0.1343,0.2970
2026-05-22,paa,TLT,-0.4674,-0.0217,-0.0496,-0.0295,0.0502
2026-05-22,paa,VGK,0.7401,0.0243,-0.0057,0.1373,0.1966
2026-05-22,paa,VNQ,0.6346,0.0118,0.0291,0.1134,0.1494
2026-05-22,baa_g12,DBC,2.4850,0.0244,0.2372,0.3821,0.4790
2026-05-22,baa_g12,EEM,1.9836,0.0610,0.0731,0.2461,0.4668
2026-05-22,baa_g12,EWJ,1.3650,0.0547,0.0048,0.1808,0.3281
2026-05-22,baa_g12,GLD,-0.4483,-0.0383,-0.1387,0.1055,0.3554
2026-05-22,baa_g12,HYG,0.1350,-0.0005,0.0031,0.0266,0.0749
2026-05-22,baa_g12,IEF,-0.2616,-0.0140,-0.0289,-0.0116,0.0453
2026-05-22,baa_g12,IWM,1.6836,0.0351,0.0968,0.2281,0.4186
2026-05-22,baa_g12,LQD,-0.0954,-0.0078,-0.0199,0.0032,0.0716
2026-05-22,baa_g12,QQQ,2.8892,0.1060,0.1995,0.2041,0.4111
2026-05-22,baa_g12,SHY,0.0132,-0.0020,-0.0033,0.0082,0.0336
2026-05-22,baa_g12,SPY,1.6133,0.0547,0.0980,0.1341,0.2967
2026-05-22,baa_g12,TLT,-0.4674,-0.0217,-0.0496,-0.0295,0.0502
2026-05-22,baa_g12,VGK,0.7367,0.0241,-0.0058,0.1371,0.1964
2026-05-22,baa_g12,VNQ,0.6295,0.0116,0.0288,0.1131,0.1491
2026-05-22,baa_g4,AGG,-0.1148,-0.0084,-0.0182,0.0016,0.0559
2026-05-22,baa_g4,EEM,1.9836,0.0610,0.0731,0.2461,0.4668
2026-05-22,baa_g4,EFA,0.8473,0.0285,-0.0033,0.1459,0.2260
2026-05-22,baa_g4,IEF,-0.2616,-0.0140,-0.0289,-0.0116,0.0453
2026-05-22,baa_g4,LQD,-0.0972,-0.0079,-0.0200,0.0031,0.0715
2026-05-22,baa_g4,SHY,0.0132,-0.0020,-0.0033,0.0082,0.0336
2026-05-22,baa_g4,SPY,1.6133,0.0547,0.0980,0.1341,0.2967
2026-05-22,gem,AGG,0.0559,-0.0084,-0.0182,0.0016,0.0559
2026-05-22,gem,EFA,0.2260,0.0285,-0.0033,0.1458,0.2260
2026-05-22,gem,SPY,0.2967,0.0548,0.0980,0.1341,0.2967
2026-05-22,haa,AGG,-0.1148,-0.0084,-0.0182,0.0016,0.0559
2026-05-22,haa,EEM,1.9841,0.0611,0.0731,0.2461,0.4668
2026-05-22,haa,EFA,0.8435,0.0283,-0.0034,0.1457,0.2258
2026-05-22,haa,IEF,-0.2616,-0.0140,-0.0289,-0.0116,0.0453
2026-05-22,haa,LQD,-0.0954,-0.0078,-0.0199,0.0032,0.0716
2026-05-22,haa,SHY,0.0132,-0.0020,-0.0033,0.0082,0.0336
2026-05-22,haa,SPY,1.6141,0.0548,0.0980,0.1341,0.2967
2026-05-22,permanent,BIL,0.1480,0.0030,0.0089,0.0184,0.0394
2026-05-22,permanent,GLD,-0.4519,-0.0385,-0.1389,0.1053,0.3552
2026-05-22,permanent,SPY,1.6146,0.0548,0.0981,0.1341,0.2968
2026-05-22,permanent,TLT,-0.4674,-0.0217,-0.0496,-0.0295,0.0502
2026-05-22,all_weather,DBC,2.4850,0.0244,0.2372,0.3821,0.4790
2026-05-22,all_weather,GLD,-0.4510,-0.0385,-0.1388,0.1053,0.3552
2026-05-22,all_weather,IEF,-0.2606,-0.0140,-0.0289,-0.0115,0.0454
2026-05-22,all_weather,SPY,1.6152,0.0548,0.0981,0.1342,0.2968
2026-05-22,all_weather,TLT,-0.4630,-0.0215,-0.0493,-0.0293,0.0505
2026-05-22,golden_butterfly,GLD,-0.4452,-0.0382,-0.1386,0.1057,0.3557
2026-05-22,golden_butterfly,SHY,0.0155,-0.0019,-0.0032,0.0084,0.0337
2026-05-22,golden_butterfly,SPY,1.6182,0.0550,0.0982,0.1343,0.2970
2026-05-22,golden_butterfly,TLT,-0.4630,-0.0215,-0.0493,-0.0293,0.0505
2026-05-22,golden_butterfly,VBR,0.7278,0.0038,0.0227,0.1650,0.2612
2026-05-22,gtaa,DBC,2.4780,0.0241,0.2368,0.3817,0.4785
2026-05-22,gtaa,EFA,0.8511,0.0287,-0.0031,0.1461,0.2263
2026-05-22,gtaa,IEF,-0.2566,-0.0137,-0.0287,-0.0113,0.0456
2026-05-22,gtaa,SHY,0.0155,-0.0019,-0.0032,0.0084,0.0337
2026-05-22,gtaa,SPY,1.6167,0.0549,0.0982,0.1343,0.2969
2026-05-22,gtaa,VNQ,0.6387,0.0120,0.0293,0.1136,0.1497
2026-05-22,ivy,DBC,2.4780,0.0241,0.2368,0.3817,0.4785
2026-05-22,ivy,EFA,0.8521,0.0288,-0.0030,0.1462,0.2263
2026-05-22,ivy,IEF,-0.2526,-0.0135,-0.0285,-0.0111,0.0458
2026-05-22,ivy,SHY,0.0155,-0.0019,-0.0032,0.0084,0.0337
2026-05-22,ivy,VNQ,0.6387,0.0120,0.0293,0.1136,0.1497
2026-05-22,ivy,VTI,1.5622,0.0507,0.0958,0.1367,0.2968
2026-05-22,faa,AGG,-0.0272,-0.0081,-0.0179,0.0019,0.0562
2026-05-22,faa,DBC,0.6195,0.0241,0.2368,0.3817,0.4785
2026-05-22,faa,EEM,0.4999,0.0618,0.0739,0.2470,0.4679
2026-05-22,faa,EFA,0.2137,0.0289,-0.0029,0.1463,0.2265
2026-05-22,faa,SHY,0.0039,-0.0019,-0.0032,0.0084,0.0337
2026-05-22,faa,SPY,0.4055,0.0551,0.0984,0.1345,0.2972
2026-05-22,faa,VNQ,0.1617,0.0125,0.0298,0.1140,0.1502
2026-05-22,eaa,DBC,0.6134,0.0229,0.2354,0.3801,0.4768
2026-05-22,eaa,EEM,0.4991,0.0617,0.0737,0.2468,0.4677
2026-05-22,eaa,EFA,0.2140,0.0290,-0.0028,0.1464,0.2266
2026-05-22,eaa,GLD,-0.1087,-0.0376,-0.1381,0.1063,0.3564
2026-05-22,eaa,IEF,-0.0636,-0.0136,-0.0286,-0.0112,0.0457
2026-05-22,eaa,SHY,0.0039,-0.0019,-0.0032,0.0084,0.0337
2026-05-22,eaa,SPY,0.4061,0.0553,0.0986,0.1347,0.2974
2026-05-22,eaa,VNQ,0.1617,0.0125,0.0298,0.1140,0.1502
2026-05-22,laa,GLD,-0.4370,-0.0377,-0.1382,0.1062,0.3563
2026-05-22,laa,IEF,-0.2511,-0.0134,-0.0284,-0.0110,0.0459
2026-05-22,laa,IWD,1.3902,0.0402,0.0649,0.1811,0.2864
2026-05-22,laa,QQQ,2.8999,0.1065,0.2001,0.2047,0.4118
2026-05-22,laa,SHY,0.0166,-0.0018,-0.0031,0.0084,0.0338
2026-05-22,laa,SPY,1.6259,0.0554,0.0987,0.1348,0.2975
2026-05-25,daa,BND,-0.0883,-0.0066,-0.0168,0.0029,0.0527
2026-05-25,daa,DBC,2.4289,0.0217,0.2339,0.3785,0.4751
2026-05-25,daa,EEM,1.8964,0.0566,0.0686,0.2409,0.4607
2026-05-25,daa,EWJ,1.3162,0.0521,0.0024,0.1780,0.3250
2026-05-25,daa,GLD,-0.4796,-0.0399,-0.1402,0.1036,0.3531
2026-05-25,daa,HYG,0.1338,-0.0005,0.0030,0.0266,0.0748
2026-05-25,daa,IEF,-0.2307,-0.0124,-0.0273,-0.0100,0.0470
2026-05-25,daa,IWM,1.6778,0.0348,0.0965,0.2277,0.4182
2026-05-25,daa,LQD,-0.0727,-0.0066,-0.0187,0.0044,0.0729
2026-05-25,daa,QQQ,2.8002,0.1015,0.1946,0.1992,0.4054
2026-05-25,daa,SHY,0.0236,-0.0014,-0.0028,0.0088,0.0342
2026-05-25,daa,SPY,1.5699,0.0525,0.0957,0.1317,0.2939
2026-05-25,daa,TLT,-0.3971,-0.0180,-0.0460,-0.0258,0.0542
2026-05-25,daa,VGK,0.7156,0.0230,-0.0069,0.1359,0.1951
2026-05-25,daa,VNQ,0.6651,0.0134,0.0307,0.1151,0.1512
2026-05-25,daa,VWO,0.7844,0.0183,0.0158,0.1153,0.2707
2026-05-25,vaa,AGG,-0.0850,-0.0068,-0.0167,0.0032,0.0575
2026-05-25,vaa,EEM,1.8964,0.0566,0.0686,0.2409,0.4607
2026-05-25,vaa,EFA,0.8187,0.0271,-0.0047,0.1442,0.2243
2026-05-25,vaa,IEF,-0.2307,-0.0124,-0.0273,-0.0100,0.0470
2026-05-25,vaa,LQD,-0.0727,-0.0066,-0.0187,0.0044,0.0729
2026-05-25,vaa,SHY,0.0236,-0.0014,-0.0028,0.0088,0.0342
2026-05-25,vaa,SPY,1.5699,0.0525,0.0957,0.1317,0.2939
2026-05-25,paa,DBC,2.4289,0.0217,0.2339,0.3785,0.4751
2026-05-25,paa,EEM,1.8964,0.0566,0.0686,0.2409,0.4607
2026-05-25,paa,EWJ,1.3162,0.0521,0.0024,0.1780,0.3250
2026-05-25,paa,GLD,-0.4796,-0.0399,-0.1402,0.1036,0.3531
2026-05-25,paa,HYG,0.1338,-0.0005,0.0030,0.0266,0.0748
2026-05-25,paa,IEF,-0.2307,-0.0124,-0.0273,-0.0100,0.0470
2026-05-25,paa,IWM,1.6778,0.0348,0.0965,0.2277,0.4182
2026-05-25,paa,LQD,-0.0727,-0.0066,-0.0187,0.0044,0.0729
2026-05-25,paa,QQQ,2.8002,0.1015,0.1946,0.1992,0.4054
2026-05-25,paa,SHY,0.0236,-0.0014,-0.0028,0.0088,0.0342
2026-05-25,paa,SPY,1.5699,0.0525,0.0957,0.1317,0.2939
2026-05-25,paa,TLT,-0.3971,-0.0180,-0.0460,-0.0258,0.0542
2026-05-25,paa,VGK,0.7156,0.0230,-0.0069,0.1359,0.1951
2026-05-25,paa,VNQ,0.6651,0.0134,0.0307,0.1151,0.1512
2026-05-25,baa_g12,DBC,2.4289,0.0217,0.2339,0.3785,0.4751
2026-05-25,baa_g12,EEM,1.8964,0.0566,0.0686,0.2409,0.4607
2026-05-25,baa_g12,EWJ,1.3162,0.0521,0.0024,0.1780,0.3250
2026-05-25,baa_g12,GLD,-0.4796,-0.0399,-0.1402,0.1036,0.3531
2026-05-25,baa_g12,HYG,0.1338,-0.0005,0.0030,0.0266,0.0748
2026-05-25,baa_g12,IEF,-0.2307,-0.0124,-0.0273,-0.0100,0.0470
2026-05-25,baa_g12,IWM,1.6778,0.0348,0.0965,0.2277,0.4182
2026-05-25,baa_g12,LQD,-0.0727,-0.0066,-0.0187,0.0044,0.0729
2026-05-25,baa_g12,QQQ,2.8002,0.1015,0.1946,0.1992,0.4054
2026-05-25,baa_g12,SHY,0.0236,-0.0014,-0.0028,0.0088,0.0342
2026-05-25,baa_g12,SPY,1.5699,0.0525,0.0957,0.1317,0.2939
2026-05-25,baa_g12,TLT,-0.3971,-0.0180,-0.0460,-0.0258,0.0542
2026-05-25,baa_g12,VGK,0.7156,0.0230,-0.0069,0.1359,0.1951
2026-05-25,baa_g12,VNQ,0.6651,0.0134,0.0307,0.1151,0.1512
2026-05-25,baa_g4,AGG,-0.0850,-0.0068,-0.0167,0.0032,0.0575
2026-05-25,baa_g4,EEM,1.8964,0.0566,0.0686,0.2409,0.4607
2026-05-25,baa_g4,EFA,0.8187,0.0271,-0.0047,0.1442,0.2243
2026-05-25,baa_g4,IEF,-0.2307,-0.0124,-0.0273,-0.0100,0.0470
2026-05-25,baa_g4,LQD,-0.0727,-0.0066,-0.0187,0.0044,0.0729
2026-05-25,baa_g4,SHY,0.0236,-0.0014,-0.0028,0.0088,0.0342
2026-05-25,baa_g4,SPY,1.5699,0.0525,0.0957,0.1317,0.2939
2026-05-25,gem,AGG,0.0575,-0.0068,-0.0167,0.0032,0.0575
2026-05-25,gem,EFA,0.2243,0.0271,-0.0047,0.1442,0.2243
2026-05-25,gem,SPY,0.2939,0.0525,0.0957,0.1317,0.2939
2026-05-25,haa,AGG,-0.0850,-0.0068,-0.0167,0.0032,0.0575
2026-05-25,haa,EEM,1.8964,0.0566,0.0686,0.2409,0.4607
2026-05-25,haa,EFA,0.8187,0.0271,-0.0047,0.1442,0.2243
2026-05-25,haa,IEF,-0.2307,-0.0124,-0.0273,-0.0100,0.0470
2026-05-25,haa,LQD,-0.0727,-0.0066,-0.0187,0.0044,0.0729
2026-05-25,haa,SHY,0.0236,-0.0014,-0.0028,0.0088,0.0342
2026-05-25,haa,SPY,1.5699,0.0525,0.0957,0.1317,0.2939
2026-05-25,permanent,BIL,0.1470,0.0030,0.0089,0.0184,0.0394
2026-05-25,permanent,GLD,-0.4796,-0.0399,-0.1402,0.1036,0.3531
2026-05-25,permanent,SPY,1.5699,0.0525,0.0957,0.1317,0.2939
2026-05-25,permanent,TLT,-0.3971,-0.0180,-0.0460,-0.0258,0.0542
2026-05-25,all_weather,DBC,2.4289,0.0217,0.2339,0.3785,0.4751
2026-05-25,all_weather,GLD,-0.4796,-0.0399,-0.1402,0.1036,0.3531
2026-05-25,all_weather,IEF,-0.2307,-0.0124,-0.0273,-0.0100,0.0470
2026-05-25,all_weather,SPY,1.5699,0.0525,0.0957,0.1317,0.2939
2026-05-25,all_weather,TLT,-0.3971,-0.0180,-0.0460,-0.0258,0.0542
2026-05-25,golden_butterfly,GLD,-0.4796,-0.0399,-0.1402,0.1036,0.3531
2026-05-25,golden_butterfly,SHY,0.0236,-0.0014,-0.0028,0.0088,0.0342
2026-05-25,golden_butterfly,SPY,1.5699,0.0525,0.0957,0.1317,0.2939
2026-05-25,golden_butterfly,TLT,-0.3971,-0.0180,-0.0460,-0.0258,0.0542
2026-05-25,golden_butterfly,VBR,0.7559,0.0052,0.0242,0.1667,0.2630
2026-05-25,gtaa,DBC,2.4289,0.0217,0.2339,0.3785,0.4751
2026-05-25,gtaa,EFA,0.8187,0.0271,-0.0047,0.1442,0.2243
2026-05-25,gtaa,IEF,-0.2307,-0.0124,-0.0273,-0.0100,0.0470
2026-05-25,gtaa,SHY,0.0236,-0.0014,-0.0028,0.0088,0.0342
2026-05-25,gtaa,SPY,1.5699,0.0525,0.0957,0.1317,0.2939
2026-05-25,gtaa,VNQ,0.6651,0.0134,0.0307,0.1151,0.1512
2026-05-25,ivy,DBC,2.4289,0.0217,0.2339,0.3785,0.4751
2026-05-25,ivy,EFA,0.8187,0.0271,-0.0047,0.1442,0.2243
2026-05-25,ivy,IEF,-0.2307,-0.0124,-0.0273,-0.0100,0.0470
2026-05-25,ivy,SHY,0.0236,-0.0014,-0.0028,0.0088,0.0342
2026-05-25,ivy,VNQ,0.6651,0.0134,0.0307,0.1151,0.1512
2026-05-25,ivy,VTI,1.5200,0.0486,0.0936,0.1344,0.2942
2026-05-25,faa,AGG,-0.0212,-0.0068,-0.0167,0.0032,0.0575
2026-05-25,faa,DBC,0.6072,0.0217,0.2339,0.3785,0.4751
2026-05-25,faa,EEM,0.4741,0.0566,0.0686,0.2409,0.4607
2026-05-25,faa,EFA,0.2047,0.0271,-0.0047,0.1442,0.2243
2026-05-25,faa,SHY,0.0059,-0.0014,-0.0028,0.0088,0.0342
2026-05-25,faa,SPY,0.3925,0.0525,0.0957,0.1317,0.2939
2026-05-25,faa,VNQ,0.1663,0.0134,0.0307,0.1151,0.1512
2026-05-25,eaa,DBC,0.6072,0.0217,0.2339,0.3785,0.4751
2026-05-25,eaa,EEM,0.4741,0.0566,0.0686,0.2409,0.4607
2026-05-25,eaa,EFA,0.2047,0.0271,-0.0047,0.1442,0.2243
2026-05-25,eaa,GLD,-0.1199,-0.0399,-0.1402,0.1036,0.3531
2026-05-25,eaa,IEF,-0.0577,-0.0124,-0.0273,-0.0100,0.0470
2026-05-25,eaa,SHY,0.0059,-0.0014,-0.0028,0.0088,0.0342
2026-05-25,eaa,SPY,0.3925,0.0525,0.0957,0.1317,0.2939
2026-05-25,eaa,VNQ,0.1663,0.0134,0.0307,0.1151,0.1512
2026-05-25,laa,GLD,-0.4796,-0.0399,-0.1402,0.1036,0.3531
2026-05-25,laa,IEF,-0.2307,-0.0124,-0.0273,-0.0100,0.0470
2026-05-25,laa,IWD,1.3635,0.0388,0.0635,0.1796,0.2847
2026-05-25,laa,QQQ,2.8002,0.1015,0.1946,0.1992,0.4054
2026-05-25,laa,SHY,0.0236,-0.0014,-0.0028,0.0088,0.0342
2026-05-25,laa,SPY,1.5699,0.0525,0.0957,0.1317,0.2939
2026-05-26,daa,BND,-0.0703,-0.0061,-0.0140,0.0036,0.0521
2026-05-26,daa,DBC,2.1615,0.0075,0.2170,0.3712,0.4607
2026-05-26,daa,EEM,2.3102,0.0696,0.0887,0.3020,0.5165
2026-05-26,daa,EWJ,1.5719,0.0621,0.0166,0.2103,0.3402
2026-05-26,daa,GLD,-0.5684,-0.0495,-0.1324,0.0985,0.3585
2026-05-26,daa,HYG,0.1649,0.0005,0.0061,0.0297,0.0752
2026-05-26,daa,IEF,-0.2012,-0.0111,-0.0240,-0.0091,0.0465
2026-05-26,daa,IWM,1.9675,0.0477,0.1026,0.2716,0.4417
2026-05-26,daa,LQD,-0.0257,-0.0041,-0.0152,0.0064,0.0710
2026-05-26,daa,QQQ,2.8873,0.0974,0.2000,0.2471,0.4243
2026-05-26,daa,SHY,0.0233,-0.0017,-0.0020,0.0087,0.0343
2026-05-26,daa,SPY,1.5768,0.0496,0.0931,0.1549,0.2998
2026-05-26,daa,TLT,-0.3756,-0.0165,-0.0444,-0.0263,0.0523
2026-05-26,daa,VGK,0.8340,0.0254,-0.0006,0.1621,0.2075
2026-05-26,daa,VNQ,0.7669,0.0192,0.0319,0.1239,0.1608
2026-05-26,daa,VWO,0.9238,0.0188,0.0247,0.1507,0.2984
2026-05-26,vaa,AGG,-0.0675,-0.0062,-0.0145,0.0040,0.0567
2026-05-26,vaa,EEM,2.3104,0.0696,0.0887,0.3020,0.5165
2026-05-26,vaa,EFA,0.9552,0.0308,0.0023,0.1705,0.2358
2026-05-26,vaa,IEF,-0.2012,-0.0111,-0.0240,-0.0091,0.0465
2026-05-26,vaa,LQD,-0.0257,-0.0041,-0.0152,0.0064,0.0710
2026-05-26,vaa,SHY,0.0233,-0.0017,-0.0020,0.0087,0.0343
2026-05-26,vaa,SPY,1.5770,0.0496,0.0932,0.1549,0.2998
2026-05-26,paa,DBC,2.1615,0.0075,0.2170,0.3712,0.4607
2026-05-26,paa,EEM,2.3104,0.0696,0.0887,0.3020,0.5165
2026-05-26,paa,EWJ,1.5742,0.0622,0.0167,0.2105,0.3403
2026-05-26,paa,GLD,-0.5610,-0.0492,-0.1320,0.0990,0.3591
2026-05-26,paa,HYG,0.1637,0.0004,0.0061,0.0296,0.0751
2026-05-26,paa,IEF,-0.2012,-0.0111,-0.0240,-0.0091,0.0465
2026-05-26,paa,IWM,1.9701,0.0478,0.1028,0.2717,0.4419
2026-05-26,paa,LQD,-0.0257,-0.0041,-0.0152,0.0064,0.0710
2026-05-26,paa,QQQ,2.8916,0.0976,0.2003,0.2474,0.4245
2026-05-26,paa,SHY,0.0221,-0.0018,-0.0020,0.0087,0.0343
2026-05-26,paa,SPY,1.5786,0.0496,0.0932,0.1550,0.2999
2026-05-26,paa,TLT,-0.3770,-0.0165,-0.0445,-0.0264,0.0522
2026-05-26,paa,VGK,0.8362,0.0255,-0.0005,0.1622,0.2076
2026-05-26,paa,VNQ,0.7719,0.0195,0.0322,0.1242,0.1611
2026-05-26,baa_g12,DBC,2.1510,0.0070,0.2164,0.3705,0.4599
2026-05-26,baa_g12,EEM,2.3119,0.0697,0.0888,0.3021,0.5166
2026-05-26,baa_g12,EWJ,1.5742,0.0622,0.0167,0.2105,0.3403
2026-05-26,baa_g12,GLD,-0.5522,-0.0487,-0.1316,0.0995,0.3597
2026-05-26,baa_g12,HYG,0.1661,0.0006,0.0062,0.0297,0.0752
2026-05-26,baa_g12,IEF,-0.2012,-0.0111,-0.0240,-0.0091,0.0465
2026-05-26,baa_g12,IWM,1.9733,0.0480,0.1029,0.2719,0.4421
2026-05-26,baa_g12,LQD,-0.0248,-0.0040,-0.0152,0.0064,0.0710
2026-05-26,baa_g12,QQQ,2.8919,0.0976,0.2003,0.2474,0.4245
2026-05-26,baa_g12,SHY,0.0233,-0.0017,-0.0020,0.0087,0.0343
2026-05-26,baa_g12,SPY,1.5806,0.0498,0.0933,0.1551,0.3001
2026-05-26,baa_g12,TLT,-0.3752,-0.0164,-0.0444,-0.0263,0.0523
2026-05-26,baa_g12,VGK,0.8417,0.0258,-0.0002,0.1625,0.2080
2026-05-26,baa_g12,VNQ,0.7740,0.0196,0.0323,0.1243,0.1612
2026-05-26,baa_g4,AGG,-0.0646,-0.0060,-0.0144,0.0042,0.0569
2026-05-26,baa_g4,EEM,2.3135,0.0697,0.0889,0.3022,0.5167
2026-05-26,baa_g4,EFA,0.9582,0.0309,0.0024,0.1707,0.2360
2026-05-26,baa_g4,IEF,-0.2012,-0.0111,-0.0240,-0.0091,0.0465
2026-05-26,baa_g4,LQD,-0.0248,-0.0040,-0.0152,0.0064,0.0710
2026-05-26,baa_g4,SHY,0.0233,-0.0017,-0.0020,0.0087,0.0343
2026-05-26,baa_g4,SPY,1.5808,0.0498,0.0933,0.1551,0.3001
2026-05-26,gem,AGG,0.0569,-0.0060,-0.0144,0.0042,0.0569
2026-05-26,gem,EFA,0.2363,0.0312,0.0027,0.1710,0.2363
2026-05-26,gem,SPY,0.3003,0.0499,0.0935,0.1553,0.3003
2026-05-26,haa,AGG,-0.0636,-0.0060,-0.0143,0.0043,0.0569
2026-05-26,haa,EEM,2.3213,0.0701,0.0893,0.3027,0.5173
2026-05-26,haa,EFA,0.9656,0.0313,0.0028,0.1712,0.2364
2026-05-26,haa,IEF,-0.1972,-0.0109,-0.0238,-0.0089,0.0467
2026-05-26,haa,LQD,-0.0222,-0.0039,-0.0150,0.0066,0.0712
2026-05-26,haa,SHY,0.0230,-0.0017,-0.0020,0.0087,0.0343
2026-05-26,haa,SPY,1.5853,0.0500,0.0936,0.1553,0.3004
2026-05-26,permanent,BIL,0.1455,0.0029,0.0088,0.0183,0.0393
2026-05-26,permanent,GLD,-0.5481,-0.0485,-0.1314,0.0997,0.3600
2026-05-26,permanent,SPY,1.5839,0.0499,0.0935,0.1553,0.3003
2026-05-26,permanent,TLT,-0.3711,-0.0162,-0.0442,-0.0261,0.0526
2026-05-26,all_weather,DBC,2.1510,0.0070,0.2164,0.3705,0.4599
2026-05-26,all_weather,GLD,-0.5481,-0.0485,-0.1314,0.0997,0.3600
2026-05-26,all_weather,IEF,-0.1982,-0.0110,-0.0238,-0.0089,0.0467
2026-05-26,all_weather,SPY,1.5847,0.0500,0.0936,0.1553,0.3003
2026-05-26,all_weather,TLT,-0.3730,-0.0163,-0.0443,-0.0262,0.0524
2026-05-26,golden_butterfly,GLD,-0.5476,-0.0485,-0.1314,0.0998,0.3601
2026-05-26,golden_butterfly,SHY,0.0244,-0.0017,-0.0019,0.0088,0.0344
2026-05-26,golden_butterfly,SPY,1.5853,0.0500,0.0936,0.1553,0.3004
2026-05-26,golden_butterfly,TLT,-0.3730,-0.0163,-0.0443,-0.0262,0.0524
2026-05-26,golden_butterfly,VBR,0.9898,0.0179,0.0273,0.1944,0.2767
2026-05-26,gtaa,DBC,2.1510,0.0070,0.2164,0.3705,0.4599
2026-05-26,gtaa,EFA,0.9627,0.0311,0.0027,0.1710,0.2363
2026-05-26,gtaa,IEF,-0.1992,-0.0110,-0.0239,-0.0090,0.0466
2026-05-26,gtaa,SHY,0.0244,-0.0017,-0.0019,0.0088,0.0344
2026-05-26,gtaa,SPY,1.5853,0.0500,0.0936,0.1553,0.3004
2026-05-26,gtaa,VNQ,0.7740,0.0196,0.0323,0.1243,0.1612
2026-05-26,ivy,DBC,2.1510,0.0070,0.2164,0.3705,0.4599
2026-05-26,ivy,EFA,0.9618,0.0311,0.0026,0.1709,0.2362
2026-05-26,ivy,IEF,-0.1992,-0.0110,-0.0239,-0.0090,0.0466
2026-05-26,ivy,SHY,0.0244,-0.0017,-0.0019,0.0088,0.0344
2026-05-26,ivy,VNQ,0.7740,0.0196,0.0323,0.1243,0.1612
2026-05-26,ivy,VTI,1.5737,0.0486,0.0917,0.1602,0.3028
2026-05-26,faa,AGG,-0.0159,-0.0060,-0.0143,0.0043,0.0569
2026-05-26,faa,DBC,0.5377,0.0070,0.2164,0.3705,0.4599
2026-05-26,faa,EEM,0.5803,0.0701,0.0893,0.3027,0.5173
2026-05-26,faa,EFA,0.2404,0.0311,0.0026,0.1709,0.2362
2026-05-26,faa,SHY,0.0061,-0.0017,-0.0019,0.0088,0.0344
2026-05-26,faa,SPY,0.3966,0.0500,0.0936,0.1554,0.3004
2026-05-26,faa,VNQ,0.1922,0.0193,0.0320,0.1240,0.1609
2026-05-26,eaa,DBC,0.5377,0.0070,0.2164,0.3705,0.4599
2026-05-26,eaa,EEM,0.5807,0.0702,0.0893,0.3028,0.5174
2026-05-26,eaa,EFA,0.2402,0.0311,0.0026,0.1709,0.2361
2026-05-26,eaa,GLD,-0.1373,-0.0486,-0.1315,0.0997,0.3600
2026-05-26,eaa,IEF,-0.0498,-0.0110,-0.0239,-0.0090,0.0466
2026-05-26,eaa,SHY,0.0061,-0.0017,-0.0019,0.0088,0.0344
2026-05-26,eaa,SPY,0.3962,0.0500,0.0936,0.1553,0.3003
2026-05-26,eaa,VNQ,0.1912,0.0191,0.0318,0.1238,0.1607
2026-05-26,laa,GLD,-0.5494,-0.0486,-0.1315,0.0997,0.3599
2026-05-26,laa,IEF,-0.1992,-0.0110,-0.0239,-0.0090,0.0466
2026-05-26,laa,IWD,1.5161,0.0461,0.0654,0.2014,0.2984
2026-05-26,laa,QQQ,2.9006,0.0981,0.2008,0.2479,0.4251
2026-05-26,laa,SHY,0.0244,-0.0017,-0.0019,0.0088,0.0344
2026-05-26,laa,SPY,1.5847,0.0500,0.0936,0.1553,0.3003
2026-05-27,daa,BND,-0.0304,-0.0032,-0.0124,0.0026,0.0520
2026-05-27,daa,DBC,1.6425,-0.0206,0.1907,0.3521,0.4228
2026-05-27,daa,EEM,2.3023,0.0725,0.0781,0.3038,0.5121
2026-05-27,daa,EWJ,1.2740,0.0510,-0.0031,0.1775,0.3196
2026-05-27,daa,GLD,-0.6538,-0.0503,-0.1376,0.0909,0.3181
2026-05-27,daa,HYG,0.1564,0.0005,0.0052,0.0266,0.0759
2026-05-27,daa,IEF,-0.1501,-0.0073,-0.0216,-0.0108,0.0452
2026-05-27,daa,IWM,1.8950,0.0476,0.0993,0.2387,0.4488
2026-05-27,daa,LQD,0.0302,0.0003,-0.0134,0.0044,0.0718
2026-05-27,daa,QQQ,2.7973,0.0964,0.1824,0.2373,0.4370
2026-05-27,daa,SHY,0.0333,-0.0010,-0.0012,0.0080,0.0342
2026-05-27,daa,SPY,1.5189,0.0485,0.0847,0.1443,0.3097
2026-05-27,daa,TLT,-0.2641,-0.0084,-0.0414,-0.0261,0.0540
2026-05-27,daa,VGK,0.8228,0.0305,-0.0098,0.1437,0.2085
2026-05-27,daa,VNQ,0.8184,0.0253,0.0353,0.1066,0.1602
2026-05-27,daa,VWO,1.0087,0.0260,0.0212,0.1578,0.2958
2026-05-27,vaa,AGG,-0.0260,-0.0032,-0.0126,0.0031,0.0567
2026-05-27,vaa,EEM,2.3039,0.0726,0.0782,0.3039,0.5122
2026-05-27,vaa,EFA,0.8790,0.0322,-0.0096,0.1499,0.2311
2026-05-27,vaa,IEF,-0.1501,-0.0073,-0.0216,-0.0108,0.0452
2026-05-27,vaa,LQD,0.0316,0.0004,-0.0134,0.0044,0.0719
2026-05-27,vaa,SHY,0.0345,-0.0009,-0.0012,0.0081,0.0343
2026-05-27,vaa,SPY,1.5182,0.0484,0.0847,0.1442,0.3096
2026-05-27,paa,DBC,1.6460,-0.0204,0.1909,0.3523,0.4230
2026-05-27,paa,EEM,2.3039,0.0726,0.0782,0.3039,0.5122
2026-05-27,paa,EWJ,1.2760,0.0511,-0.0030,0.1776,0.3198
2026-05-27,paa,GLD,-0.6519,-0.0502,-0.1375,0.0910,0.3182
2026-05-27,paa,HYG,0.1567,0.0006,0.0052,0.0267,0.0759
2026-05-27,paa,IEF,-0.1511,-0.0073,-0.0217,-0.0108,0.0451
2026-05-27,paa,IWM,1.8982,0.0478,0.0995,0.2389,0.4490
2026-05-27,paa,LQD,0.0337,0.0005,-0.0133,0.0046,0.0720
2026-05-27,paa,QQQ,2.7979,0.0964,0.1824,0.2373,0.4370
2026-05-27,paa,SHY,0.0345,-0.0009,-0.0012,0.0081,0.0343
2026-05-27,paa,SPY,1.5178,0.0484,0.0847,0.1442,0.3096
2026-05-27,paa,TLT,-0.2640,-0.0083,-0.0414,-0.0261,0.0540
2026-05-27,paa,VGK,0.8228,0.0305,-0.0098,0.1437,0.2085
2026-05-27,paa,VNQ,0.8153,0.0252,0.0351,0.1064,0.1600
2026-05-27,baa_g12,DBC,1.6460,-0.0204,0.1909,0.3523,0.4230
2026-05-27,baa_g12,EEM,2.3117,0.0730,0.0786,0.3044,0.5127
2026-05-27,baa_g12,EWJ,1.2782,0.0512,-0.0029,0.1777,0.3199
2026-05-27,baa_g12,GLD,-0.6487,-0.0500,-0.1374,0.0912,0.3185
2026-05-27,baa_g12,HYG,0.1556,0.0005,0.0052,0.0266,0.0758
2026-05-27,baa_g12,IEF,-0.1501,-0.0073,-0.0216,-0.0108,0.0452
2026-05-27,baa_g12,IWM,1.8964,0.0477,0.0994,0.2388,0.4489
2026-05-27,baa_g12,LQD,0.0328,0.0004,-0.0133,0.0045,0.0719
2026-05-27,baa_g12,QQQ,2.7964,0.0963,0.1823,0.2372,0.4369
2026-05-27,baa_g12,SHY,0.0333,-0.0010,-0.0012,0.0080,0.0342
2026-05-27,baa_g12,SPY,1.5170,0.0484,0.0846,0.1442,0.3095
2026-05-27,baa_g12,TLT,-0.2673,-0.0085,-0.0416,-0.0263,0.0538
2026-05-27,baa_g12,VGK,0.8206,0.0304,-0.0099,0.1436,0.2083
2026-05-27,baa_g12,VNQ,0.8041,0.0246,0.0346,0.1058,0.1594
2026-05-27,baa_g4,AGG,-0.0250,-0.0032,-0.0125,0.0032,0.0568
2026-05-27,baa_g4,EEM,2.3039,0.0726,0.0782,0.3039,0.5122
2026-05-27,baa_g4,EFA,0.8771,0.0321,-0.0097,0.1498,0.2310
2026-05-27,baa_g4,IEF,-0.1511,-0.0073,-0.0217,-0.0108,0.0451
2026-05-27,baa_g4,LQD,0.0323,0.0004,-0.0133,0.0045,0.0719
2026-05-27,baa_g4,SHY,0.0333,-0.0010,-0.0012,0.0080,0.0342
2026-05-27,baa_g4,SPY,1.5162,0.0483,0.0846,0.1441,0.3095
2026-05-27,gem,AGG,0.0568,-0.0032,-0.0125,0.0032,0.0568
2026-05-27,gem,EFA,0.2309,0.0321,-0.0097,0.1498,0.2309
2026-05-27,gem,SPY,0.3095,0.0483,0.0846,0.1441,0.3095
2026-05-27,haa,AGG,-0.0250,-0.0032,-0.0125,0.0032,0.0568
2026-05-27,haa,EEM,2.3039,0.0726,0.0782,0.3039,0.5122
2026-05-27,haa,EFA,0.8771,0.0321,-0.0097,0.1498,0.2310
2026-05-27,haa,IEF,-0.1501,-0.0073,-0.0216,-0.0108,0.0452
2026-05-27,haa,LQD,0.0315,0.0004,-0.0134,0.0044,0.0718
2026-05-27,haa,SHY,0.0322,-0.0011,-0.0013,0.0079,0.0342
2026-05-27,haa,SPY,1.5195,0.0485,0.0848,0.1443,0.3097
2026-05-27,permanent,BIL,0.1454,0.0029,0.0088,0.0182,0.0390
2026-05-27,permanent,GLD,-0.6457,-0.0498,-0.1372,0.0914,0.3187
2026-05-27,permanent,SPY,1.5193,0.0485,0.0848,0.1443,0.3097
2026-05-27,permanent,TLT,-0.2673,-0.0085,-0.0416,-0.0263,0.0538
2026-05-27,all_weather,DBC,1.6565,-0.0199,0.1915,0.3530,0.4238
2026-05-27,all_weather,GLD,-0.6466,-0.0499,-0.1373,0.0913,0.3186
2026-05-27,all_weather,IEF,-0.1501,-0.0073,-0.0216,-0.0108,0.0452
2026-05-27,all_weather,SPY,1.5190,0.0485,0.0847,0.1443,0.3097
2026-05-27,all_weather,TLT,-0.2673,-0.0085,-0.0416,-0.0263,0.0538
2026-05-27,golden_butterfly,GLD,-0.6475,-0.0499,-0.1373,0.0912,0.3185
2026-05-27,golden_butterfly,SHY,0.0333,-0.0010,-0.0012,0.0080,0.0342
2026-05-27,golden_butterfly,SPY,1.5186,0.0485,0.0847,0.1443,0.3096
2026-05-27,golden_butterfly,TLT,-0.2673,-0.0085,-0.0416,-0.0263,0.0538
2026-05-27,golden_butterfly,VBR,0.9034,0.0154,0.0260,0.1659,0.2825
2026-05-27,gtaa,DBC,1.6531,-0.0201,0.1913,0.3528,0.4235
2026-05-27,gtaa,EFA,0.8790,0.0322,-0.0096,0.1499,0.2311
2026-05-27,gtaa,IEF,-0.1511,-0.0073,-0.0217,-0.0108,0.0451
2026-05-27,gtaa,SHY,0.0333,-0.0010,-0.0012,0.0080,0.0342
2026-05-27,gtaa,SPY,1.5189,0.0485,0.0847,0.1443,0.3097
2026-05-27,gtaa,VNQ,0.8184,0.0253,0.0353,0.1066,0.1602
2026-05-27,ivy,DBC,1.6531,-0.0201,0.1913,0.3528,0.4235
2026-05-27,ivy,EFA,0.8790,0.0322,-0.0096,0.1499,0.2311
2026-05-27,ivy,IEF,-0.1501,-0.0073,-0.0216,-0.0108,0.0452
2026-05-27,ivy,SHY,0.0333,-0.0010,-0.0012,0.0080,0.0342
2026-05-27,ivy,VNQ,0.8216,0.0255,0.0355,0.1067,0.1604
2026-05-27,ivy,VTI,1.5048,0.0472,0.0834,0.1470,0.3105
2026-05-27,faa,AGG,-0.0063,-0.0032,-0.0125,0.0032,0.0568
2026-05-27,faa,DBC,0.4133,-0.0201,0.1913,0.3528,0.4235
2026-05-27,faa,EEM,0.5767,0.0728,0.0783,0.3041,0.5124
2026-05-27,faa,EFA,0.2198,0.0322,-0.0096,0.1499,0.2311
2026-05-27,faa,SHY,0.0080,-0.0011,-0.0013,0.0079,0.0342
2026-05-27,faa,SPY,0.3797,0.0485,0.0847,0.1443,0.3097
2026-05-27,faa,VNQ,0.2046,0.0253,0.0353,0.1066,0.1602
2026-05-27,eaa,DBC,0.4133,-0.0201,0.1913,0.3528,0.4235
2026-05-27,eaa,EEM,0.5764,0.0727,0.0783,0.3040,0.5123
2026-05-27,eaa,EFA,0.2200,0.0323,-0.0096,0.1500,0.2312
2026-05-27,eaa,GLD,-0.1621,-0.0500,-0.1373,0.0912,0.3185
2026-05-27,eaa,IEF,-0.0373,-0.0072,-0.0216,-0.0107,0.0452
2026-05-27,eaa,SHY,0.0082,-0.0010,-0.0013,0.0080,0.0342
2026-05-27,eaa,SPY,0.3805,0.0486,0.0849,0.1444,0.3098
2026-05-27,eaa,VNQ,0.2046,0.0253,0.0353,0.1066,0.1602
2026-05-27,laa,GLD,-0.6484,-0.0500,-0.1373,0.0912,0.3185
2026-05-27,laa,IEF,-0.1501,-0.0073,-0.0216,-0.0108,0.0452
2026-05-27,laa,IWD,1.4382,0.0445,0.0607,0.1813,0.2991
2026-05-27,laa,QQQ,2.7994,0.0965,0.1825,0.2374,0.4371
2026-05-27,laa,SHY,0.0327,-0.0010,-0.0013,0.0080,0.0342
2026-05-27,laa,SPY,1.5238,0.0487,0.0850,0.1445,0.3100
2026-05-28,daa,BND,0.0000,-0.0007,-0.0117,0.0030,0.0493
2026-05-28,daa,DBC,1.6688,-0.0227,0.1975,0.3537,0.4443
2026-05-28,daa,EEM,2.5816,0.0901,0.0950,0.2980,0.5248
2026-05-28,daa,EWJ,1.3967,0.0606,0.0042,0.1786,0.2958
2026-05-28,daa,GLD,-0.2230,-0.0189,-0.1331,0.0887,0.3593
2026-05-28,daa,HYG,0.1813,0.0028,0.0070,0.0247,0.0703
2026-05-28,daa,IEF,-0.1157,-0.0042,-0.0221,-0.0102,0.0431
2026-05-28,daa,IWM,2.0803,0.0671,0.1008,0.2246,0.4224
2026-05-28,daa,LQD,0.0675,0.0031,-0.0108,0.0037,0.0657
2026-05-28,daa,QQQ,3.1260,0.1192,0.2095,0.2192,0.4188
2026-05-28,daa,SHY,0.0455,-0.0000,-0.0012,0.0083,0.0342
2026-05-28,daa,SPY,1.6780,0.0604,0.0979,0.1350,0.2913
2026-05-28,daa,TLT,-0.2186,-0.0041,-0.0402,-0.0265,0.0450
2026-05-28,daa,VGK,0.8685,0.0349,-0.0093,0.1463,0.1939
2026-05-28,daa,VNQ,0.6049,0.0135,0.0258,0.1009,0.1376
2026-05-28,daa,VWO,1.0533,0.0294,0.0303,0.1419,0.2956
2026-05-28,vaa,AGG,0.0061,-0.0006,-0.0119,0.0034,0.0543
2026-05-28,vaa,EEM,2.5738,0.0897,0.0946,0.2975,0.5242
2026-05-28,vaa,EFA,0.9457,0.0381,-0.0072,0.1508,0.2154
2026-05-28,vaa,IEF,-0.1177,-0.0043,-0.0222,-0.0103,0.0430
2026-05-28,vaa,LQD,0.0667,0.0031,-0.0108,0.0037,0.0656
2026-05-28,vaa,SHY,0.0466,0.0000,-0.0012,0.0083,0.0343
2026-05-28,vaa,SPY,1.6769,0.0604,0.0978,0.1349,0.2912
2026-05-28,paa,DBC,1.6584,-0.0232,0.1969,0.3530,0.4436
2026-05-28,paa,EEM,2.5691,0.0895,0.0943,0.2972,0.5239
2026-05-28,paa,EWJ,1.3934,0.0604,0.0040,0.1784,0.2956
2026-05-28,paa,GLD,-0.2271,-0.0192,-0.1333,0.0885,0.3590
2026-05-28,paa,HYG,0.1813,0.0028,0.0070,0.0247,0.0703
2026-05-28,paa,IEF,-0.1167,-0.0042,-0.0221,-0.0102,0.0430
2026-05-28,paa,IWM,2.0824,0.0672,0.1009,0.2248,0.4226
2026-05-28,paa,LQD,0.0667,0.0031,-0.0108,0.0037,0.0656
2026-05-28,paa,QQQ,3.1262,0.1192,0.2095,0.2192,0.4188
2026-05-28,paa,SHY,0.0455,-0.0000,-0.0012,0.0083,0.0342
2026-05-28,paa,SPY,1.6786,0.0605,0.0979,0.1350,0.2913
2026-05-28,paa,TLT,-0.2193,-0.0042,-0.0402,-0.0265,0.0449
2026-05-28,paa,VGK,0.8685,0.0349,-0.0093,0.1463,0.1939
2026-05-28,paa,VNQ,0.6080,0.0137,0.0259,0.1011,0.1377
2026-05-28,baa_g12,DBC,1.6584,-0.0232,0.1969,0.3530,0.4436
2026-05-28,baa_g12,EEM,2.5659,0.0893,0.0942,0.2970,0.5237
2026-05-28,baa_g12,EWJ,1.3923,0.0604,0.0039,0.1784,0.2955
2026-05-28,baa_g12,GLD,-0.2253,-0.0191,-0.1332,0.0886,0.3592
2026-05-28,baa_g12,HYG,0.1813,0.0028,0.0070,0.0247,0.0703
2026-05-28,baa_g12,IEF,-0.1167,-0.0042,-0.0221,-0.0102,0.0430
2026-05-28,baa_g12,IWM,2.0897,0.0676,0.1013,0.2252,0.4231
2026-05-28,baa_g12,LQD,0.0693,0.0032,-0.0107,0.0038,0.0658
2026-05-28,baa_g12,QQQ,3.1318,0.1195,0.2098,0.2195,0.4192
2026-05-28,baa_g12,SHY,0.0467,0.0000,-0.0012,0.0083,0.0343
2026-05-28,baa_g12,SPY,1.6810,0.0606,0.0980,0.1351,0.2915
2026-05-28,baa_g12,TLT,-0.2175,-0.0041,-0.0401,-0.0265,0.0450
2026-05-28,baa_g12,VGK,0.8696,0.0350,-0.0093,0.1464,0.1940
2026-05-28,baa_g12,VNQ,0.6078,0.0137,0.0259,0.1011,0.1377
2026-05-28,baa_g4,AGG,0.0061,-0.0006,-0.0119,0.0034,0.0543
2026-05-28,baa_g4,EEM,2.5675,0.0894,0.0942,0.2971,0.5238
2026-05-28,baa_g4,EFA,0.9457,0.0381,-0.0072,0.1508,0.2154
2026-05-28,baa_g4,IEF,-0.1167,-0.0042,-0.0221,-0.0102,0.0430
2026-05-28,baa_g4,LQD,0.0675,0.0031,-0.0108,0.0037,0.0657
2026-05-28,baa_g4,SHY,0.0467,0.0000,-0.0012,0.0083,0.0343
2026-05-28,baa_g4,SPY,1.6799,0.0605,0.0980,0.1351,0.2914
2026-05-28,gem,AGG,0.0543,-0.0006,-0.0120,0.0034,0.0543
2026-05-28,gem,EFA,0.2155,0.0382,-0.0071,0.1509,0.2155
2026-05-28,gem,SPY,0.2914,0.0605,0.0979,0.1351,0.2914
2026-05-28,haa,AGG,0.0052,-0.0006,-0.0120,0.0033,0.0543
2026-05-28,haa,EEM,2.5722,0.0896,0.0945,0.2974,0.5241
2026-05-28,haa,EFA,0.9447,0.0381,-0.0072,0.1507,0.2153
2026-05-28,haa,IEF,-0.1187,-0.0043,-0.0222,-0.0103,0.0429
2026-05-28,haa,LQD,0.0658,0.0030,-0.0109,0.0036,0.0656
2026-05-28,haa,SHY,0.0455,-0.0000,-0.0012,0.0083,0.0342
2026-05-28,haa,SPY,1.6801,0.0605,0.0980,0.1351,0.2914
2026-05-28,permanent,BIL,0.1468,0.0030,0.0089,0.0184,0.0391
2026-05-28,permanent,GLD,-0.2348,-0.0196,-0.1337,0.0880,0.3585
2026-05-28,permanent,SPY,1.6804,0.0606,0.0980,0.1351,0.2915
2026-05-28,permanent,TLT,-0.2208,-0.0043,-0.0403,-0.0266,0.0448
2026-05-28,all_weather,DBC,1.6619,-0.0231,0.1971,0.3533,0.4438
2026-05-28,all_weather,GLD,-0.2355,-0.0196,-0.1337,0.0880,0.3584
2026-05-28,all_weather,IEF,-0.1178,-0.0043,-0.0222,-0.0103,0.0430
2026-05-28,all_weather,SPY,1.6807,0.0606,0.0980,0.1351,0.2915
2026-05-28,all_weather,TLT,-0.2216,-0.0043,-0.0403,-0.0267,0.0448
2026-05-28,golden_butterfly,GLD,-0.2366,-0.0196,-0.1337,0.0879,0.3584
2026-05-28,golden_butterfly,SHY,0.0455,-0.0000,-0.0012,0.0083,0.0342
2026-05-28,golden_butterfly,SPY,1.6799,0.0605,0.0980,0.1351,0.2914
2026-05-28,golden_butterfly,TLT,-0.2208,-0.0043,-0.0403,-0.0266,0.0448
2026-05-28,golden_butterfly,VBR,0.9243,0.0219,0.0218,0.1593,0.2556
2026-05-28,gtaa,DBC,1.6619,-0.0231,0.1971,0.3533,0.4438
2026-05-28,gtaa,EFA,0.9428,0.0380,-0.0073,0.1506,0.2152
2026-05-28,gtaa,IEF,-0.1177,-0.0043,-0.0222,-0.0103,0.0430
2026-05-28,gtaa,SHY,0.0455,-0.0000,-0.0012,0.0083,0.0342
2026-05-28,gtaa,SPY,1.6803,0.0606,0.0980,0.1351,0.2914
2026-05-28,gtaa,VNQ,0.6009,0.0133,0.0256,0.1007,0.1373
2026-05-28,ivy,DBC,1.6619,-0.0231,0.1971,0.3533,0.4438
2026-05-28,ivy,EFA,0.9409,0.0379,-0.0074,0.1505,0.2151
2026-05-28,ivy,IEF,-0.1167,-0.0042,-0.0221,-0.0102,0.0430
2026-05-28,ivy,SHY,0.0443,-0.0001,-0.0013,0.0082,0.0342
2026-05-28,ivy,VNQ,0.6019,0.0134,0.0256,0.1008,0.1374
2026-05-28,ivy,VTI,1.6727,0.0602,0.0952,0.1379,0.2930
2026-05-28,faa,AGG,0.0013,-0.0006,-0.0120,0.0033,0.0543
2026-05-28,faa,DBC,0.4155,-0.0231,0.1971,0.3533,0.4438
2026-05-28,faa,EEM,0.6431,0.0896,0.0945,0.2974,0.5241
2026-05-28,faa,EFA,0.2348,0.0378,-0.0075,0.1504,0.2150
2026-05-28,faa,SHY,0.0111,-0.0001,-0.0013,0.0082,0.0342
2026-05-28,faa,SPY,0.4197,0.0605,0.0979,0.1350,0.2913
2026-05-28,faa,VNQ,0.1507,0.0134,0.0257,0.1008,0.1374
2026-05-28,eaa,DBC,0.4155,-0.0231,0.1971,0.3533,0.4438
2026-05-28,eaa,EEM,0.6427,0.0895,0.0944,0.2973,0.5240
2026-05-28,eaa,EFA,0.2350,0.0378,-0.0075,0.1504,0.2150
2026-05-28,eaa,GLD,-0.0589,-0.0196,-0.1337,0.0880,0.3584
2026-05-28,eaa,IEF,-0.0292,-0.0042,-0.0221,-0.0102,0.0430
2026-05-28,eaa,SHY,0.0111,-0.0001,-0.0013,0.0082,0.0342
2026-05-28,eaa,SPY,0.4202,0.0606,0.0980,0.1351,0.2915
2026-05-28,eaa,VNQ,0.1507,0.0134,0.0257,0.1008,0.1374
2026-05-28,laa,GLD,-0.2330,-0.0195,-0.1336,0.0881,0.3586
2026-05-28,laa,IEF,-0.1161,-0.0042,-0.0221,-0.0102,0.0431
2026-05-28,laa,IWD,1.4788,0.0498,0.0618,0.1760,0.2815
2026-05-28,laa,QQQ,3.1297,0.1194,0.2097,0.2194,0.4190
2026-05-28,laa,SHY,0.0444,-0.0001,-0.0013,0.0082,0.0342
2026-05-28,laa,SPY,1.6811,0.0606,0.0980,0.1352,0.2915
2026-05-29,daa,BND,0.0632,0.0048,-0.0127,0.0018,0.0527
2026-05-29,daa,DBC,1.1552,-0.0549,0.1703,0.3483,0.4356
2026-05-29,daa,EEM,2.6212,0.0938,0.0957,0.2916,0.5296
2026-05-29,daa,EWJ,1.5531,0.0710,0.0065,0.1774,0.3209
2026-05-29,daa,GLD,0.0573,0.0019,-0.1355,0.1003,0.3765
2026-05-29,daa,HYG,0.2506,0.0077,0.0101,0.0227,0.0726
2026-05-29,daa,IEF,-0.0557,0.0017,-0.0249,-0.0116,0.0471
2026-05-29,daa,IWM,2.0490,0.0663,0.1118,0.1896,0.4269
2026-05-29,daa,LQD,0.1650,0.0104,-0.0088,0.0026,0.0700
2026-05-29,daa,QQQ,3.0741,0.1136,0.2146,0.2130,0.4266
2026-05-29,daa,SHY,0.0674,0.0019,-0.0019,0.0083,0.0356
2026-05-29,daa,SPY,1.7135,0.0619,0.1046,0.1258,0.3005
2026-05-29,daa,TLT,-0.1390,0.0042,-0.0455,-0.0285,0.0500
2026-05-29,daa,VGK,0.9963,0.0470,-0.0067,0.1267,0.2053
2026-05-29,daa,VNQ,0.4444,0.0096,0.0120,0.0781,0.1254
2026-05-29,daa,VWO,1.0840,0.0321,0.0318,0.1351,0.3016
2026-05-29,vaa,AGG,0.0715,0.0050,-0.0128,0.0029,0.0574
2026-05-29,vaa,EEM,2.6228,0.0939,0.0958,0.2917,0.5297
2026-05-29,vaa,EFA,1.0720,0.0490,-0.0052,0.1374,0.2298
2026-05-29,vaa,IEF,-0.0557,0.0017,-0.0249,-0.0116,0.0471
2026-05-29,vaa,LQD,0.1650,0.0104,-0.0088,0.0026,0.0700
2026-05-29,vaa,SHY,0.0674,0.0019,-0.0019,0.0083,0.0356
2026-05-29,vaa,SPY,1.7160,0.0621,0.1047,0.1260,0.3006
2026-05-29,paa,DBC,1.1552,-0.0549,0.1703,0.3483,0.4356
2026-05-29,paa,EEM,2.6243,0.0940,0.0959,0.2918,0.5298
2026-05-29,paa,EWJ,1.5575,0.0712,0.0067,0.1776,0.3212
2026-05-29,paa,GLD,0.0667,0.0024,-0.1351,0.1008,0.3772
2026-05-29,paa,HYG,0.2530,0.0078,0.0102,0.0229,0.0728
2026-05-29,paa,IEF,-0.0557,0.0017,-0.0249,-0.0116,0.0471
2026-05-29,paa,IWM,2.0476,0.0662,0.1117,0.1895,0.4268
2026-05-29,paa,LQD,0.1668,0.0105,-0.0087,0.0027,0.0701
2026-05-29,paa,QQQ,3.0843,0.1141,0.2152,0.2136,0.4273
2026-05-29,paa,SHY,0.0697,0.0020,-0.0018,0.0084,0.0357
2026-05-29,paa,SPY,1.7186,0.0622,0.1048,0.1261,0.3008
2026-05-29,paa,TLT,-0.1346,0.0044,-0.0453,-0.0283,0.0503
2026-05-29,paa,VGK,1.0030,0.0474,-0.0064,0.1271,0.2057
2026-05-29,paa,VNQ,0.4434,0.0095,0.0119,0.0780,0.1253
2026-05-29,baa_g12,DBC,1.1655,-0.0544,0.1709,0.3490,0.4364
2026-05-29,baa_g12,EEM,2.6291,0.0942,0.0961,0.2921,0.5302
2026-05-29,baa_g12,EWJ,1.5534,0.0710,0.0065,0.1774,0.3209
2026-05-29,baa_g12,GLD,0.0678,0.0024,-0.1350,0.1009,0.3772
2026-05-29,baa_g12,HYG,0.2530,0.0078,0.0102,0.0229,0.0728
2026-05-29,baa_g12,IEF,-0.0527,0.0018,-0.0247,-0.0114,0.0473
2026-05-29,baa_g12,IWM,2.0505,0.0664,0.1119,0.1897,0.4270
2026-05-29,baa_g12,LQD,0.1668,0.0105,-0.0087,0.0027,0.0701
2026-05-29,baa_g12,QQQ,3.0855,0.1142,0.2153,0.2136,0.4273
2026-05-29,baa_g12,SHY,0.0685,0.0020,-0.0019,0.0083,0.0357
2026-05-29,baa_g12,SPY,1.7193,0.0622,0.1049,0.1261,0.3008
2026-05-29,baa_g12,TLT,-0.1324,0.0045,-0.0452,-0.0281,0.0504
2026-05-29,baa_g12,VGK,1.0030,0.0474,-0.0064,0.1271,0.2057
2026-05-29,baa_g12,VNQ,0.4414,0.0094,0.0118,0.0779,0.1252
2026-05-29,baa_g4,AGG,0.0725,0.0050,-0.0128,0.0029,0.0575
2026-05-29,baa_g4,EEM,2.6306,0.0943,0.0962,0.2921,0.5303
2026-05-29,baa_g4,EFA,1.0749,0.0492,-0.0051,0.1375,0.2300
2026-05-29,baa_g4,IEF,-0.0517,0.0019,-0.0247,-0.0114,0.0474
2026-05-29,baa_g4,LQD,0.1677,0.0106,-0.0087,0.0027,0.0702
2026-05-29,baa_g4,SHY,0.0697,0.0020,-0.0018,0.0084,0.0357
2026-05-29,baa_g4,SPY,1.7215,0.0623,0.1050,0.1263,0.3009
2026-05-29,gem,AGG,0.0575,0.0050,-0.0128,0.0029,0.0575
2026-05-29,gem,EFA,0.2300,0.0492,-0.0050,0.1376,0.2300
2026-05-29,gem,SPY,0.3010,0.0624,0.1050,0.1263,0.3010
2026-05-29,haa,AGG,0.0734,0.0051,-0.0127,0.0030,0.0575
2026-05-29,haa,EEM,2.6322,0.0944,0.0963,0.2922,0.5304
2026-05-29,haa,EFA,1.0768,0.0493,-0.0050,0.1376,0.2301
2026-05-29,haa,IEF,-0.0517,0.0019,-0.0247,-0.0114,0.0474
2026-05-29,haa,LQD,0.1694,0.0107,-0.0086,0.0028,0.0703
2026-05-29,haa,SHY,0.0705,0.0021,-0.0018,0.0084,0.0358
2026-05-29,haa,SPY,1.7231,0.0624,0.1051,0.1263,0.3011
2026-05-29,permanent,BIL,0.1474,0.0031,0.0087,0.0183,0.0391
2026-05-29,permanent,GLD,0.0719,0.0026,-0.1349,0.1011,0.3775
2026-05-29,permanent,SPY,1.7246,0.0625,0.1051,0.1264,0.3011
2026-05-29,permanent,TLT,-0.1291,0.0047,-0.0450,-0.0280,0.0506
2026-05-29,all_weather,DBC,1.1655,-0.0544,0.1709,0.3490,0.4364
2026-05-29,all_weather,GLD,0.0701,0.0025,-0.1349,0.1010,0.3774
2026-05-29,all_weather,IEF,-0.0507,0.0019,-0.0246,-0.0113,0.0474
2026-05-29,all_weather,SPY,1.7245,0.0625,0.1051,0.1264,0.3011
2026-05-29,all_weather,TLT,-0.1291,0.0047,-0.0450,-0.0280,0.0506
2026-05-29,golden_butterfly,GLD,0.0701,0.0025,-0.1349,0.1010,0.3774
2026-05-29,golden_butterfly,SHY,0.0697,0.0020,-0.0018,0.0084,0.0357
2026-05-29,golden_butterfly,SPY,1.7242,0.0625,0.1051,0.1264,0.3011
2026-05-29,golden_butterfly,TLT,-0.1291,0.0047,-0.0450,-0.0280,0.0506
2026-05-29,golden_butterfly,VBR,1.0109,0.0289,0.0307,0.1354,0.2705
2026-05-29,gtaa,DBC,1.1651,-0.0544,0.1709,0.3490,0.4363
2026-05-29,gtaa,EFA,1.0797,0.0494,-0.0048,0.1378,0.2303
2026-05-29,gtaa,IEF,-0.0507,0.0019,-0.0246,-0.0113,0.0474
2026-05-29,gtaa,SHY,0.0697,0.0020,-0.0018,0.0084,0.0357
2026-05-29,gtaa,SPY,1.7226,0.0624,0.1050,0.1263,0.3010
2026-05-29,gtaa,VNQ,0.4343,0.0091,0.0114,0.0775,0.1248
2026-05-29,ivy,DBC,1.1651,-0.0544,0.1709,0.3490,0.4363
2026-05-29,ivy,EFA,1.0797,0.0494,-0.0048,0.1378,0.2303
2026-05-29,ivy,IEF,-0.0507,0.0019,-0.0246,-0.0113,0.0474
2026-05-29,ivy,SHY,0.0697,0.0020,-0.0018,0.0084,0.0357
2026-05-29,ivy,VNQ,0.4343,0.0091,0.0114,0.0775,0.1248
2026-05-29,ivy,VTI,1.7232,0.0630,0.1024,0.1275,0.3025
2026-05-29,faa,AGG,0.0186,0.0051,-0.0127,0.0030,0.0576
2026-05-29,faa,DBC,0.2913,-0.0544,0.1709,0.3490,0.4363
2026-05-29,faa,EEM,0.6581,0.0944,0.0963,0.2922,0.5304
2026-05-29,faa,EFA,0.2692,0.0493,-0.0050,0.1376,0.2301
2026-05-29,faa,SHY,0.0177,0.0021,-0.0018,0.0084,0.0358
2026-05-29,faa,SPY,0.4307,0.0624,0.1051,0.1263,0.3010
2026-05-29,faa,VNQ,0.1081,0.0090,0.0113,0.0774,0.1247
2026-05-29,eaa,DBC,0.2913,-0.0544,0.1709,0.3490,0.4363
2026-05-29,eaa,EEM,0.6573,0.0942,0.0961,0.2921,0.5302
2026-05-29,eaa,EFA,0.2692,0.0493,-0.0050,0.1376,0.2301
2026-05-29,eaa,GLD,0.0164,0.0023,-0.1352,0.1007,0.3771
2026-05-29,eaa,IEF,-0.0127,0.0019,-0.0246,-0.0113,0.0474
2026-05-29,eaa,SHY,0.0177,0.0021,-0.0018,0.0084,0.0358
2026-05-29,eaa,SPY,0.4303,0.0623,0.1050,0.1262,0.3009
2026-05-29,eaa,VNQ,0.1078,0.0089,0.0113,0.0773,0.1246
2026-05-29,laa,GLD,0.0658,0.0023,-0.1351,0.1008,0.3771
2026-05-29,laa,IEF,-0.0508,0.0019,-0.0246,-0.0113,0.0474
2026-05-29,laa,IWD,1.4173,0.0479,0.0592,0.1580,0.2894
2026-05-29,laa,QQQ,3.0849,0.1141,0.2152,0.2136,0.4273
2026-05-29,laa,SHY,0.0697,0.0020,-0.0018,0.0084,0.0357
2026-05-29,laa,SPY,1.7206,0.0623,0.1049,0.1262,0.3009
2026-06-01,daa,BND,0.0351,0.0022,-0.0097,-0.0004,0.0478
2026-06-01,daa,DBC,1.4203,-0.0355,0.1621,0.3623,0.4736
2026-06-01,daa,EEM,2.8803,0.0952,0.1396,0.3106,0.5576
2026-06-01,daa,EWJ,1.2666,0.0430,0.0303,0.1580,0.3129
2026-06-01,daa,GLD,-0.5036,-0.0294,-0.1608,0.0733,0.3455
2026-06-01,daa,HYG,0.1923,0.0035,0.0097,0.0207,0.0699
2026-06-01,daa,IEF,-0.0916,-0.0019,-0.0206,-0.0140,0.0411
2026-06-01,daa,IWM,1.6317,0.0396,0.0974,0.1746,0.4172
2026-06-01,daa,LQD,0.1340,0.0083,-0.0065,-0.0018,0.0642
2026-06-01,daa,QQQ,3.0931,0.1120,0.2226,0.2119,0.4350
2026-06-01,daa,SHY,0.0495,0.0003,-0.0007,0.0078,0.0339
2026-06-01,daa,SPY,1.6436,0.0555,0.1081,0.1224,0.3003
2026-06-01,daa,TLT,-0.0948,0.0058,-0.0352,-0.0321,0.0411
2026-06-01,daa,VGK,0.6320,0.0161,0.0078,0.1086,0.1911
2026-06-01,daa,VNQ,-0.1104,-0.0233,-0.0087,0.0541,0.0953
2026-06-01,daa,VWO,1.1088,0.0253,0.0556,0.1386,0.3061
2026-06-01,vaa,AGG,0.0423,0.0024,-0.0099,0.0002,0.0524
2026-06-01,vaa,EEM,2.8787,0.0952,0.1395,0.3105,0.5575
2026-06-01,vaa,EFA,0.7448,0.0202,0.0106,0.1203,0.2192
2026-06-01,vaa,IEF,-0.0886,-0.0017,-0.0204,-0.0139,0.0413
2026-06-01,vaa,LQD,0.1375,0.0085,-0.0063,-0.0017,0.0644
2026-06-01,vaa,SHY,0.0483,0.0002,-0.0008,0.0077,0.0338
2026-06-01,vaa,SPY,1.6400,0.0553,0.1080,0.1222,0.3001
2026-06-01,paa,DBC,1.4169,-0.0357,0.1620,0.3620,0.4734
2026-06-01,paa,EEM,2.8849,0.0955,0.1398,0.3109,0.5580
2026-06-01,paa,EWJ,1.2655,0.0430,0.0303,0.1579,0.3128
2026-06-01,paa,GLD,-0.5000,-0.0292,-0.1606,0.0735,0.3458
2026-06-01,paa,HYG,0.1935,0.0036,0.0097,0.0207,0.0700
2026-06-01,paa,IEF,-0.0906,-0.0018,-0.0205,-0.0140,0.0412
2026-06-01,paa,IWM,1.6302,0.0396,0.0973,0.1745,0.4171
2026-06-01,paa,LQD,0.1375,0.0085,-0.0063,-0.0017,0.0644
2026-06-01,paa,QQQ,3.0898,0.1118,0.2224,0.2117,0.4348
2026-06-01,paa,SHY,0.0483,0.0002,-0.0008,0.0077,0.0338
2026-06-01,paa,SPY,1.6414,0.0554,0.1080,0.1223,0.3002
2026-06-01,paa,TLT,-0.0948,0.0058,-0.0352,-0.0321,0.0411
2026-06-01,paa,VGK,0.6276,0.0158,0.0075,0.1083,0.1908
2026-06-01,paa,VNQ,0.0121,-0.0169,-0.0023,0.0609,0.1024
2026-06-01,baa_g12,DBC,1.4169,-0.0357,0.1620,0.3620,0.4734
2026-06-01,baa_g12,EEM,2.8912,0.0958,0.1402,0.3113,0.5584
2026-06-01,baa_g12,EWJ,1.2655,0.0430,0.0303,0.1579,0.3128
2026-06-01,baa_g12,GLD,-0.4951,-0.0289,-0.1604,0.0738,0.3462
2026-06-01,baa_g12,HYG,0.1935,0.0036,0.0097,0.0207,0.0700
2026-06-01,baa_g12,IEF,0.0038,0.0032,-0.0157,-0.0090,0.0464
2026-06-01,baa_g12,IWM,1.6331,0.0397,0.0975,0.1747,0.4173
2026-06-01,baa_g12,LQD,0.1375,0.0085,-0.0063,-0.0017,0.0644
2026-06-01,baa_g12,QQQ,3.0871,0.1117,0.2223,0.2115,0.4346
2026-06-01,baa_g12,SHY,0.1157,0.0037,0.0027,0.0113,0.0375
2026-06-01,baa_g12,SPY,1.6436,0.0555,0.1081,0.1224,0.3003
2026-06-01,baa_g12,TLT,-0.0904,0.0060,-0.0350,-0.0319,0.0413
2026-06-01,baa_g12,VGK,0.6276,0.0158,0.0075,0.1083,0.1908
2026-06-01,baa_g12,VNQ,-0.1104,-0.0233,-0.0087,0.0541,0.0953
2026-06-01,baa_g4,AGG,0.0282,0.0017,-0.0107,-0.0006,0.0516
2026-06-01,baa_g4,EEM,2.8912,0.0958,0.1402,0.3113,0.5584
2026-06-01,baa_g4,EFA,0.7505,0.0205,0.0108,0.1206,0.2196
2026-06-01,baa_g4,IEF,0.0038,0.0032,-0.0157,-0.0090,0.0464
2026-06-01,baa_g4,LQD,0.1375,0.0085,-0.0063,-0.0017,0.0644
2026-06-01,baa_g4,SHY,0.1157,0.0037,0.0027,0.0113,0.0375
2026-06-01,baa_g4,SPY,1.6397,0.0553,0.1079,0.1222,0.3001
2026-06-01,gem,AGG,0.0516,0.0017,-0.0107,-0.0006,0.0516
2026-06-01,gem,EFA,0.2196,0.0205,0.0108,0.1206,0.2196
2026-06-01,gem,SPY,0.3001,0.0553,0.1079,0.1222,0.3001
2026-06-01,haa,AGG,0.0442,0.0025,-0.0098,0.0003,0.0525
2026-06-01,haa,EEM,2.8912,0.0958,0.1402,0.3113,0.5584
2026-06-01,haa,EFA,0.7505,0.0205,0.0108,0.1206,0.2196
2026-06-01,haa,IEF,0.0038,0.0032,-0.0157,-0.0090,0.0464
2026-06-01,haa,LQD,0.1375,0.0085,-0.0063,-0.0017,0.0644
2026-06-01,haa,SHY,0.1157,0.0037,0.0027,0.0113,0.0375
2026-06-01,haa,SPY,1.6436,0.0555,0.1081,0.1224,0.3003
2026-06-01,permanent,BIL,0.1492,0.0032,0.0088,0.0184,0.0392
2026-06-01,permanent,GLD,-0.4902,-0.0287,-0.1602,0.0741,0.3465
2026-06-01,permanent,SPY,1.6438,0.0555,0.1082,0.1224,0.3003
2026-06-01,permanent,TLT,-0.0904,0.0060,-0.0350,-0.0319,0.0413
2026-06-01,all_weather,DBC,1.4169,-0.0357,0.1620,0.3620,0.4734
2026-06-01,all_weather,GLD,-0.4914,-0.0287,-0.1602,0.0740,0.3464
2026-06-01,all_weather,IEF,-0.0866,-0.0016,-0.0203,-0.0138,0.0414
2026-06-01,all_weather,SPY,1.6419,0.0554,0.1081,0.1223,0.3002
2026-06-01,all_weather,TLT,-0.0926,0.0059,-0.0351,-0.0320,0.0412
2026-06-01,golden_butterfly,GLD,-0.4929,-0.0288,-0.1603,0.0739,0.3463
2026-06-01,golden_butterfly,SHY,0.1157,0.0037,0.0027,0.0113,0.0375
2026-06-01,golden_butterfly,SPY,1.6422,0.0554,0.1081,0.1223,0.3002
2026-06-01,golden_butterfly,TLT,-0.0919,0.0059,-0.0350,-0.0320,0.0413
2026-06-01,golden_butterfly,VBR,0.6702,0.0070,0.0216,0.1212,0.2574
2026-06-01,gtaa,DBC,1.4169,-0.0357,0.1620,0.3620,0.4734
2026-06-01,gtaa,EFA,0.7505,0.0205,0.0108,0.1206,0.2196
2026-06-01,gtaa,IEF,-0.0866,-0.0016,-0.0203,-0.0138,0.0414
2026-06-01,gtaa,SHY,0.1157,0.0037,0.0027,0.0113,0.0375
2026-06-01,gtaa,SPY,1.6427,0.0555,0.1081,0.1223,0.3002
2026-06-01,gtaa,VNQ,-0.0321,-0.0192,-0.0046,0.0584,0.0998
2026-06-01,ivy,DBC,1.4169,-0.0357,0.1620,0.3620,0.4734
2026-06-01,ivy,EFA,0.7505,0.0205,0.0108,0.1206,0.2196
2026-06-01,ivy,IEF,-0.0866,-0.0016,-0.0203,-0.0138,0.0414
2026-06-01,ivy,SHY,0.1157,0.0037,0.0027,0.0113,0.0375
2026-06-01,ivy,VNQ,-0.1124,-0.0234,-0.0088,0.0540,0.0952
2026-06-01,ivy,VTI,1.6295,0.0549,0.1052,0.1238,0.3030
2026-06-01,faa,AGG,0.0106,0.0024,-0.0099,0.0002,0.0524
2026-06-01,faa,DBC,0.3542,-0.0357,0.1620,0.3620,0.4734
2026-06-01,faa,EEM,0.7197,0.0952,0.1395,0.3105,0.5575
2026-06-01,faa,EFA,0.1886,0.0207,0.0110,0.1208,0.2198
2026-06-01,faa,SHY,0.0121,0.0002,-0.0008,0.0077,0.0338
2026-06-01,faa,SPY,0.4108,0.0555,0.1081,0.1224,0.3003
2026-06-01,faa,VNQ,-0.0276,-0.0233,-0.0087,0.0541,0.0953
2026-06-01,eaa,DBC,0.3542,-0.0357,0.1620,0.3620,0.4734
2026-06-01,eaa,EEM,0.7197,0.0952,0.1395,0.3105,0.5575
2026-06-01,eaa,EFA,0.1886,0.0207,0.0110,0.1208,0.2198
2026-06-01,eaa,GLD,-0.1236,-0.0289,-0.1604,0.0739,0.3462
2026-06-01,eaa,IEF,-0.0231,-0.0019,-0.0206,-0.0141,0.0411
2026-06-01,eaa,SHY,0.0121,0.0002,-0.0008,0.0077,0.0338
2026-06-01,eaa,SPY,0.4109,0.0555,0.1081,0.1224,0.3003
2026-06-01,eaa,VNQ,-0.0276,-0.0233,-0.0087,0.0541,0.0953
2026-06-01,laa,GLD,-0.4897,-0.0287,-0.1602,0.0741,0.3466
2026-06-01,laa,IEF,-0.0926,-0.0019,-0.0206,-0.0141,0.0411
2026-06-01,laa,IWD,1.1367,0.0269,0.0587,0.1489,0.2820
2026-06-01,laa,QQQ,3.0931,0.1120,0.2226,0.2119,0.4350
2026-06-01,laa,SHY,0.0483,0.0002,-0.0008,0.0077,0.0338
2026-06-01,laa,SPY,1.6436,0.0555,0.1081,0.1224,0.3003
2026-06-02,daa,BND,0.0291,0.0011,-0.0084,0.0015,0.0461
2026-06-02,daa,DBC,1.5691,-0.0226,0.1623,0.3499,0.4908
2026-06-02,daa,EEM,3.2885,0.1018,0.2095,0.3194,0.5897
2026-06-02,daa,EWJ,1.6692,0.0588,0.0768,0.1685,0.3192
2026-06-02,daa,GLD,-0.3182,-0.0266,-0.1201,0.0620,0.3568
2026-06-02,daa,HYG,0.1955,0.0029,0.0123,0.0208,0.0696
2026-06-02,daa,IEF,-0.0889,-0.0022,-0.0191,-0.0119,0.0384
2026-06-02,daa,IWM,1.8162,0.0434,0.1261,0.1775,0.4363
2026-06-02,daa,LQD,0.1184,0.0068,-0.0059,-0.0001,0.0612
2026-06-02,daa,QQQ,3.0597,0.1043,0.2391,0.2053,0.4411
2026-06-02,daa,SHY,0.0457,0.0000,-0.0007,0.0077,0.0326
2026-06-02,daa,SPY,1.6525,0.0534,0.1188,0.1171,0.3027
2026-06-02,daa,TLT,-0.0849,0.0042,-0.0313,-0.0256,0.0416
2026-06-02,daa,VGK,0.8152,0.0198,0.0430,0.1055,0.1946
2026-06-02,daa,VNQ,0.0143,-0.0165,0.0007,0.0549,0.0998
2026-06-02,daa,VWO,1.5037,0.0367,0.1073,0.1484,0.3375
2026-06-02,vaa,AGG,0.0330,0.0012,-0.0087,0.0017,0.0499
2026-06-02,vaa,EEM,3.2886,0.1018,0.2095,0.3194,0.5897
2026-06-02,vaa,EFA,0.9926,0.0276,0.0483,0.1222,0.2237
2026-06-02,vaa,IEF,-0.0879,-0.0022,-0.0191,-0.0119,0.0385
2026-06-02,vaa,LQD,0.1175,0.0067,-0.0060,-0.0001,0.0612
2026-06-02,vaa,SHY,0.0470,0.0001,-0.0006,0.0078,0.0326
2026-06-02,vaa,SPY,1.6517,0.0533,0.1188,0.1171,0.3027
2026-06-02,paa,DBC,1.5691,-0.0226,0.1623,0.3499,0.4908
2026-06-02,paa,EEM,3.2870,0.1017,0.2094,0.3193,0.5896
2026-06-02,paa,EWJ,1.6692,0.0588,0.0768,0.1685,0.3192
2026-06-02,paa,GLD,-0.3178,-0.0265,-0.1200,0.0620,0.3569
2026-06-02,paa,HYG,0.1955,0.0029,0.0123,0.0208,0.0696
2026-06-02,paa,IEF,-0.0879,-0.0022,-0.0191,-0.0119,0.0385
2026-06-02,paa,IWM,1.8141,0.0433,0.1259,0.1774,0.4361
2026-06-02,paa,LQD,0.1175,0.0067,-0.0060,-0.0001,0.0612
2026-06-02,paa,QQQ,3.0635,0.1045,0.2393,0.2055,0.4413
2026-06-02,paa,SHY,0.0457,0.0000,-0.0007,0.0077,0.0326
2026-06-02,paa,SPY,1.6539,0.0534,0.1189,0.1172,0.3028
2026-06-02,paa,TLT,-0.0849,0.0042,-0.0313,-0.0256,0.0416
2026-06-02,paa,VGK,0.8174,0.0199,0.0431,0.1057,0.1948
2026-06-02,paa,VNQ,0.0133,-0.0166,0.0006,0.0549,0.0997
2026-06-02,baa_g12,DBC,1.5691,-0.0226,0.1623,0.3499,0.4908
2026-06-02,baa_g12,EEM,3.2886,0.1018,0.2095,0.3194,0.5897
2026-06-02,baa_g12,EWJ,1.6725,0.0590,0.0769,0.1686,0.3194
2026-06-02,baa_g12,GLD,-0.3167,-0.0265,-0.1200,0.0621,0.3570
2026-06-02,baa_g12,HYG,0.1955,0.0029,0.0123,0.0208,0.0696
2026-06-02,baa_g12,IEF,-0.0869,-0.0021,-0.0190,-0.0118,0.0385
2026-06-02,baa_g12,IWM,1.8155,0.0434,0.1260,0.1774,0.4362
2026-06-02,baa_g12,LQD,0.1193,0.0068,-0.0059,-0.0000,0.0613
2026-06-02,baa_g12,QQQ,3.0649,0.1046,0.2394,0.2056,0.4414
2026-06-02,baa_g12,SHY,0.0468,0.0001,-0.0006,0.0078,0.0326
2026-06-02,baa_g12,SPY,1.6533,0.0534,0.1189,0.1172,0.3028
2026-06-02,baa_g12,TLT,-0.0827,0.0043,-0.0312,-0.0255,0.0417
2026-06-02,baa_g12,VGK,0.8174,0.0199,0.0431,0.1057,0.1948
2026-06-02,baa_g12,VNQ,0.0072,-0.0169,0.0003,0.0545,0.0994
2026-06-02,baa_g4,AGG,0.0349,0.0013,-0.0086,0.0018,0.0500
2026-06-02,baa_g4,EEM,3.2933,0.1021,0.2098,0.3197,0.5901
2026-06-02,baa_g4,EFA,0.9953,0.0278,0.0484,0.1223,0.2238
2026-06-02,baa_g4,IEF,-0.0871,-0.0022,-0.0190,-0.0118,0.0385
2026-06-02,baa_g4,LQD,0.1193,0.0068,-0.0059,-0.0000,0.0613
2026-06-02,baa_g4,SHY,0.0457,0.0000,-0.0007,0.0077,0.0326
2026-06-02,baa_g4,SPY,1.6566,0.0536,0.1191,0.1173,0.3030
2026-06-02,gem,AGG,0.0500,0.0013,-0.0087,0.0017,0.0500
2026-06-02,gem,EFA,0.2238,0.0278,0.0484,0.1223,0.2238
2026-06-02,gem,SPY,0.3030,0.0536,0.1191,0.1173,0.3030
2026-06-02,haa,AGG,0.0340,0.0013,-0.0087,0.0017,0.0500
2026-06-02,haa,EEM,3.2933,0.1021,0.2098,0.3197,0.5901
2026-06-02,haa,EFA,0.9944,0.0277,0.0484,0.1223,0.2238
2026-06-02,haa,IEF,-0.0889,-0.0022,-0.0191,-0.0119,0.0384
2026-06-02,haa,LQD,0.1193,0.0068,-0.0059,-0.0000,0.0613
2026-06-02,haa,SHY,0.0457,0.0000,-0.0007,0.0077,0.0326
2026-06-02,haa,SPY,1.6560,0.0535,0.1190,0.1173,0.3029
2026-06-02,permanent,BIL,0.1455,0.0029,0.0088,0.0181,0.0390
2026-06-02,permanent,GLD,-0.3171,-0.0265,-0.1200,0.0621,0.3569
2026-06-02,permanent,SPY,1.6569,0.0536,0.1191,0.1173,0.3030
2026-06-02,permanent,TLT,-0.0849,0.0042,-0.0313,-0.0256,0.0416
2026-06-02,all_weather,DBC,1.5691,-0.0226,0.1623,0.3499,0.4908
2026-06-02,all_weather,GLD,-0.3144,-0.0264,-0.1199,0.0622,0.3571
2026-06-02,all_weather,IEF,-0.0884,-0.0022,-0.0191,-0.0119,0.0385
2026-06-02,all_weather,SPY,1.6566,0.0536,0.1191,0.1173,0.3030
2026-06-02,all_weather,TLT,-0.0860,0.0041,-0.0314,-0.0256,0.0415
2026-06-02,golden_butterfly,GLD,-0.3135,-0.0263,-0.1198,0.0623,0.3572
2026-06-02,golden_butterfly,SHY,0.0457,0.0000,-0.0007,0.0077,0.0326
2026-06-02,golden_butterfly,SPY,1.6577,0.0536,0.1191,0.1174,0.3030
2026-06-02,golden_butterfly,TLT,-0.0860,0.0041,-0.0314,-0.0256,0.0415
2026-06-02,golden_butterfly,VBR,0.9519,0.0197,0.0459,0.1284,0.2755
2026-06-02,gtaa,DBC,1.5691,-0.0226,0.1623,0.3499,0.4908
2026-06-02,gtaa,EFA,0.9944,0.0277,0.0484,0.1223,0.2238
2026-06-02,gtaa,IEF,-0.0879,-0.0022,-0.0191,-0.0119,0.0385
2026-06-02,gtaa,SHY,0.0457,0.0000,-0.0007,0.0077,0.0326
2026-06-02,gtaa,SPY,1.6596,0.0537,0.1192,0.1175,0.3032
2026-06-02,gtaa,VNQ,0.0052,-0.0170,0.0002,0.0544,0.0992
2026-06-02,ivy,DBC,1.5691,-0.0226,0.1623,0.3499,0.4908
2026-06-02,ivy,EFA,0.9953,0.0278,0.0484,0.1223,0.2238
2026-06-02,ivy,IEF,-0.0879,-0.0022,-0.0191,-0.0119,0.0385
2026-06-02,ivy,SHY,0.0468,0.0001,-0.0006,0.0078,0.0326
2026-06-02,ivy,VNQ,0.0052,-0.0170,0.0002,0.0544,0.0992
2026-06-02,ivy,VTI,1.6591,0.0534,0.1183,0.1195,0.3064
2026-06-02,faa,AGG,0.0085,0.0013,-0.0087,0.0017,0.0500
2026-06-02,faa,DBC,0.3923,-0.0226,0.1623,0.3499,0.4908
2026-06-02,faa,EEM,0.8257,0.1025,0.2103,0.3203,0.5908
2026-06-02,faa,EFA,0.2491,0.0278,0.0485,0.1224,0.2239
2026-06-02,faa,SHY,0.0117,0.0001,-0.0006,0.0078,0.0326
2026-06-02,faa,SPY,0.4148,0.0537,0.1192,0.1175,0.3031
2026-06-02,faa,VNQ,0.0008,-0.0171,0.0001,0.0543,0.0991
2026-06-02,eaa,DBC,0.3923,-0.0226,0.1623,0.3499,0.4908
2026-06-02,eaa,EEM,0.8257,0.1025,0.2103,0.3203,0.5908
2026-06-02,eaa,EFA,0.2491,0.0278,0.0485,0.1224,0.2239
2026-06-02,eaa,GLD,-0.0792,-0.0265,-0.1200,0.0621,0.3569
2026-06-02,eaa,IEF,-0.0223,-0.0023,-0.0191,-0.0119,0.0384
2026-06-02,eaa,SHY,0.0114,0.0000,-0.0007,0.0077,0.0326
2026-06-02,eaa,SPY,0.4148,0.0537,0.1192,0.1175,0.3031
2026-06-02,eaa,VNQ,0.0012,-0.0170,0.0002,0.0544,0.0992
2026-06-02,laa,GLD,-0.3148,-0.0264,-0.1199,0.0622,0.3571
2026-06-02,laa,IEF,-0.0899,-0.0023,-0.0192,-0.0120,0.0384
2026-06-02,laa,IWD,1.3584,0.0369,0.0811,0.1499,0.2915
2026-06-02,laa,QQQ,3.0798,0.1053,0.2402,0.2064,0.4424
2026-06-02,laa,SHY,0.0457,0.0000,-0.0007,0.0077,0.0326
2026-06-02,laa,SPY,1.6596,0.0537,0.1192,0.1175,0.3032
2026-06-03,daa,BND,0.0465,0.0026,-0.0096,0.0035,0.0464
2026-06-03,daa,DBC,1.4205,-0.0329,0.1591,0.3547,0.4690
2026-06-03,daa,EEM,2.9583,0.0887,0.1818,0.3041,0.5588
2026-06-03,daa,EWJ,1.7260,0.0671,0.0615,0.1820,0.3106
2026-06-03,daa,GLD,-0.3170,-0.0154,-0.1345,0.0477,0.3102
2026-06-03,daa,HYG,0.1776,0.0037,0.0063,0.0202,0.0672
2026-06-03,daa,IEF,-0.0645,-0.0008,-0.0193,-0.0088,0.0396
2026-06-03,daa,IWM,1.5819,0.0346,0.1003,0.1765,0.4126
2026-06-03,daa,LQD,0.1157,0.0073,-0.0095,0.0026,0.0613
2026-06-03,daa,QQQ,3.0117,0.1066,0.2207,0.2096,0.4301
2026-06-03,daa,SHY,0.0537,0.0006,-0.0007,0.0080,0.0328
2026-06-03,daa,SPY,1.5652,0.0518,0.1053,0.1165,0.2888
2026-06-03,daa,TLT,-0.0107,0.0084,-0.0316,-0.0166,0.0478
2026-06-03,daa,VGK,0.8099,0.0294,0.0213,0.1004,0.1717
2026-06-03,daa,VNQ,0.1601,-0.0075,0.0022,0.0702,0.1014
2026-06-03,daa,VWO,1.2619,0.0280,0.0863,0.1348,0.3112
2026-06-03,vaa,AGG,0.0502,0.0026,-0.0101,0.0043,0.0508
2026-06-03,vaa,EEM,2.9630,0.0889,0.1820,0.3043,0.5591
2026-06-03,vaa,EFA,0.9813,0.0353,0.0284,0.1206,0.2030
2026-06-03,vaa,IEF,-0.0655,-0.0008,-0.0193,-0.0089,0.0396
2026-06-03,vaa,LQD,0.1157,0.0073,-0.0095,0.0026,0.0613
2026-06-03,vaa,SHY,0.0560,0.0008,-0.0006,0.0081,0.0329
2026-06-03,vaa,SPY,1.5636,0.0518,0.1052,0.1164,0.2887
2026-06-03,paa,DBC,1.4205,-0.0329,0.1591,0.3547,0.4690
2026-06-03,paa,EEM,2.9615,0.0888,0.1820,0.3042,0.5590
2026-06-03,paa,EWJ,1.7271,0.0672,0.0615,0.1821,0.3106
2026-06-03,paa,GLD,-0.3172,-0.0154,-0.1345,0.0477,0.3101
2026-06-03,paa,HYG,0.1776,0.0037,0.0063,0.0202,0.0672
2026-06-03,paa,IEF,-0.0645,-0.0008,-0.0193,-0.0088,0.0396
2026-06-03,paa,IWM,1.5873,0.0349,0.1006,0.1768,0.4130
2026-06-03,paa,LQD,0.1166,0.0073,-0.0095,0.0026,0.0614
2026-06-03,paa,QQQ,3.0185,0.1070,0.2211,0.2100,0.4305
2026-06-03,paa,SHY,0.0548,0.0007,-0.0006,0.0081,0.0329
2026-06-03,paa,SPY,1.5660,0.0519,0.1054,0.1166,0.2889
2026-06-03,paa,TLT,-0.0107,0.0084,-0.0316,-0.0166,0.0478
2026-06-03,paa,VGK,0.8099,0.0294,0.0213,0.1004,0.1717
2026-06-03,paa,VNQ,0.1662,-0.0072,0.0025,0.0705,0.1017
2026-06-03,baa_g12,DBC,1.4162,-0.0331,0.1589,0.3544,0.4687
2026-06-03,baa_g12,EEM,2.9662,0.0891,0.1822,0.3045,0.5593
2026-06-03,baa_g12,EWJ,1.7260,0.0671,0.0615,0.1820,0.3106
2026-06-03,baa_g12,GLD,-0.3159,-0.0153,-0.1345,0.0477,0.3102
2026-06-03,baa_g12,HYG,0.1788,0.0038,0.0064,0.0202,0.0673
2026-06-03,baa_g12,IEF,-0.0661,-0.0009,-0.0194,-0.0089,0.0395
2026-06-03,baa_g12,IWM,1.5830,0.0347,0.1003,0.1766,0.4127
2026-06-03,baa_g12,LQD,0.1166,0.0073,-0.0095,0.0026,0.0614
2026-06-03,baa_g12,QQQ,3.0118,0.1066,0.2207,0.2096,0.4301
2026-06-03,baa_g12,SHY,0.0560,0.0008,-0.0006,0.0081,0.0329
2026-06-03,baa_g12,SPY,1.5636,0.0518,0.1052,0.1164,0.2887
2026-06-03,baa_g12,TLT,-0.0112,0.0084,-0.0316,-0.0167,0.0478
2026-06-03,baa_g12,VGK,0.8076,0.0292,0.0212,0.1003,0.1716
2026-06-03,baa_g12,VNQ,0.1540,-0.0079,0.0019,0.0698,0.1010
2026-06-03,baa_g4,AGG,0.0490,0.0025,-0.0102,0.0042,0.0508
2026-06-03,baa_g4,EEM,2.9678,0.0892,0.1823,0.3046,0.5594
2026-06-03,baa_g4,EFA,0.9813,0.0353,0.0284,0.1206,0.2030
2026-06-03,baa_g4,IEF,-0.0655,-0.0008,-0.0193,-0.0089,0.0396
2026-06-03,baa_g4,LQD,0.1166,0.0073,-0.0095,0.0026,0.0614
2026-06-03,baa_g4,SHY,0.0560,0.0008,-0.0006,0.0081,0.0329
2026-06-03,baa_g4,SPY,1.5679,0.0520,0.1055,0.1167,0.2890
2026-06-03,gem,AGG,0.0508,0.0025,-0.0102,0.0042,0.0508
2026-06-03,gem,EFA,0.2031,0.0354,0.0285,0.1207,0.2031
2026-06-03,gem,SPY,0.2890,0.0520,0.1055,0.1167,0.2890
2026-06-03,haa,AGG,0.0492,0.0026,-0.0102,0.0042,0.0508
2026-06-03,haa,EEM,2.9772,0.0896,0.1828,0.3052,0.5601
2026-06-03,haa,EFA,0.9842,0.0355,0.0285,0.1208,0.2032
2026-06-03,haa,IEF,-0.0655,-0.0008,-0.0193,-0.0089,0.0396
2026-06-03,haa,LQD,0.1175,0.0074,-0.0094,0.0027,0.0614
2026-06-03,haa,SHY,0.0560,0.0008,-0.0006,0.0081,0.0329
2026-06-03,haa,SPY,1.5663,0.0519,0.1054,0.1166,0.2889
2026-06-03,permanent,BIL,0.1435,0.0028,0.0088,0.0181,0.0389
2026-06-03,permanent,GLD,-0.3154,-0.0153,-0.1344,0.0478,0.3103
2026-06-03,permanent,SPY,1.5663,0.0519,0.1054,0.1166,0.2889
2026-06-03,permanent,TLT,-0.0129,0.0083,-0.0317,-0.0168,0.0477
2026-06-03,all_weather,DBC,1.4137,-0.0332,0.1588,0.3542,0.4686
2026-06-03,all_weather,GLD,-0.3136,-0.0152,-0.1344,0.0479,0.3104
2026-06-03,all_weather,IEF,-0.0655,-0.0008,-0.0193,-0.0089,0.0396
2026-06-03,all_weather,SPY,1.5693,0.0520,0.1055,0.1167,0.2891
2026-06-03,all_weather,TLT,-0.0129,0.0083,-0.0317,-0.0168,0.0477
2026-06-03,golden_butterfly,GLD,-0.3136,-0.0152,-0.1344,0.0479,0.3104
2026-06-03,golden_butterfly,SHY,0.0544,0.0007,-0.0007,0.0080,0.0328
2026-06-03,golden_butterfly,SPY,1.5679,0.0520,0.1055,0.1167,0.2890
2026-06-03,golden_butterfly,TLT,-0.0151,0.0082,-0.0318,-0.0169,0.0476
2026-06-03,golden_butterfly,VBR,0.9906,0.0254,0.0385,0.1286,0.2751
2026-06-03,gtaa,DBC,1.4137,-0.0332,0.1588,0.3542,0.4686
2026-06-03,gtaa,EFA,0.9851,0.0355,0.0286,0.1208,0.2032
2026-06-03,gtaa,IEF,-0.0665,-0.0009,-0.0194,-0.0089,0.0395
2026-06-03,gtaa,SHY,0.0560,0.0008,-0.0006,0.0081,0.0329
2026-06-03,gtaa,SPY,1.5674,0.0519,0.1054,0.1166,0.2889
2026-06-03,gtaa,VNQ,0.1591,-0.0076,0.0022,0.0701,0.1013
2026-06-03,ivy,DBC,1.4137,-0.0332,0.1588,0.3542,0.4686
2026-06-03,ivy,EFA,0.9842,0.0355,0.0285,0.1208,0.2032
2026-06-03,ivy,IEF,-0.0665,-0.0009,-0.0194,-0.0089,0.0395
2026-06-03,ivy,SHY,0.0548,0.0007,-0.0006,0.0081,0.0329
2026-06-03,ivy,VNQ,0.1581,-0.0076,0.0021,0.0701,0.1013
2026-06-03,ivy,VTI,1.5598,0.0513,0.1038,0.1186,0.2923
2026-06-03,faa,AGG,0.0125,0.0026,-0.0101,0.0042,0.0508
2026-06-03,faa,DBC,0.3534,-0.0332,0.1588,0.3542,0.4686
2026-06-03,faa,EEM,0.7415,0.0891,0.1822,0.3045,0.5593
2026-06-03,faa,EFA,0.2456,0.0354,0.0284,0.1207,0.2031
2026-06-03,faa,SHY,0.0140,0.0008,-0.0006,0.0081,0.0329
2026-06-03,faa,SPY,0.3908,0.0517,0.1052,0.1164,0.2887
2026-06-03,faa,VNQ,0.0395,-0.0076,0.0021,0.0701,0.1013
2026-06-03,eaa,DBC,0.3534,-0.0332,0.1588,0.3542,0.4686
2026-06-03,eaa,EEM,0.7412,0.0890,0.1821,0.3044,0.5592
2026-06-03,eaa,EFA,0.2456,0.0354,0.0284,0.1207,0.2031
2026-06-03,eaa,GLD,-0.0795,-0.0154,-0.1346,0.0476,0.3101
2026-06-03,eaa,IEF,-0.0164,-0.0008,-0.0193,-0.0089,0.0396
2026-06-03,eaa,SHY,0.0140,0.0008,-0.0006,0.0081,0.0329
2026-06-03,eaa,SPY,0.3907,0.0517,0.1052,0.1164,0.2887
2026-06-03,eaa,VNQ,0.0388,-0.0078,0.0020,0.0699,0.1011
2026-06-03,laa,GLD,-0.3200,-0.0155,-0.1347,0.0475,0.3099
2026-06-03,laa,IEF,-0.0655,-0.0008,-0.0193,-0.0089,0.0396
2026-06-03,laa,IWD,1.4424,0.0437,0.0774,0.1589,0.2908
2026-06-03,laa,QQQ,3.0098,0.1065,0.2206,0.2095,0.4300
2026-06-03,laa,SHY,0.0548,0.0007,-0.0006,0.0081,0.0329
2026-06-03,laa,SPY,1.5617,0.0517,0.1051,0.1163,0.2886
2026-06-04,daa,BND,0.0621,0.0023,-0.0058,0.0041,0.0491
2026-06-04,daa,DBC,1.0543,-0.0455,0.1229,0.3372,0.4344
2026-06-04,daa,EEM,2.6135,0.0574,0.2000,0.2918,0.5410
2026-06-04,daa,EWJ,1.7071,0.0532,0.0945,0.1825,0.3262
2026-06-04,daa,GLD,-0.2298,-0.0175,-0.1183,0.0613,0.3304
2026-06-04,daa,HYG,0.1962,0.0036,0.0117,0.0197,0.0667
2026-06-04,daa,IEF,-0.0445,-0.0009,-0.0149,-0.0083,0.0421
2026-06-04,daa,IWM,1.7490,0.0326,0.1384,0.1963,0.4109
2026-06-04,daa,LQD,0.1283,0.0058,-0.0033,0.0042,0.0632
2026-06-04,daa,QQQ,2.7636,0.0893,0.2209,0.1967,0.4149
2026-06-04,daa,SHY,0.0645,0.0009,0.0008,0.0082,0.0338
2026-06-04,daa,SPY,1.5443,0.0468,0.1151,0.1181,0.2856
2026-06-04,daa,TLT,-0.0240,0.0048,-0.0258,-0.0152,0.0517
2026-06-04,daa,VGK,0.8928,0.0231,0.0524,0.1061,0.1933
2026-06-04,daa,VNQ,0.2755,-0.0054,0.0178,0.0797,0.1095
2026-06-04,daa,VWO,1.1774,0.0164,0.1000,0.1365,0.3073
2026-06-04,vaa,AGG,0.0637,0.0021,-0.0059,0.0043,0.0530
2026-06-04,vaa,EEM,2.6135,0.0574,0.2000,0.2918,0.5410
2026-06-04,vaa,EFA,1.0303,0.0278,0.0576,0.1235,0.2194
2026-06-04,vaa,IEF,-0.0435,-0.0008,-0.0148,-0.0082,0.0421
2026-06-04,vaa,LQD,0.1274,0.0058,-0.0034,0.0042,0.0632
2026-06-04,vaa,SHY,0.0649,0.0009,0.0008,0.0082,0.0339
2026-06-04,vaa,SPY,1.5445,0.0469,0.1151,0.1181,0.2857
2026-06-04,paa,DBC,1.0543,-0.0455,0.1229,0.3372,0.4344
2026-06-04,paa,EEM,2.6135,0.0574,0.2000,0.2918,0.5410
2026-06-04,paa,EWJ,1.7038,0.0530,0.0943,0.1823,0.3260
2026-06-04,paa,GLD,-0.2321,-0.0176,-0.1184,0.0612,0.3302
2026-06-04,paa,HYG,0.1962,0.0036,0.0117,0.0197,0.0667
2026-06-04,paa,IEF,-0.0435,-0.0008,-0.0148,-0.0082,0.0421
2026-06-04,paa,IWM,1.7479,0.0326,0.1384,0.1962,0.4109
2026-06-04,paa,LQD,0.1274,0.0058,-0.0034,0.0042,0.0632
2026-06-04,paa,QQQ,2.7636,0.0893,0.2209,0.1967,0.4149
2026-06-04,paa,SHY,0.0649,0.0009,0.0008,0.0082,0.0339
2026-06-04,paa,SPY,1.5462,0.0469,0.1152,0.1182,0.2858
2026-06-04,paa,TLT,-0.0268,0.0047,-0.0259,-0.0153,0.0515
2026-06-04,paa,VGK,0.8906,0.0230,0.0523,0.1060,0.1932
2026-06-04,paa,VNQ,0.2735,-0.0055,0.0177,0.0796,0.1094
2026-06-04,baa_g12,DBC,1.0544,-0.0455,0.1229,0.3372,0.4344
2026-06-04,baa_g12,EEM,2.6151,0.0575,0.2001,0.2919,0.5411
2026-06-04,baa_g12,EWJ,1.7038,0.0530,0.0943,0.1823,0.3260
2026-06-04,baa_g12,GLD,-0.2289,-0.0174,-0.1183,0.0613,0.3305
2026-06-04,baa_g12,HYG,0.1962,0.0036,0.0117,0.0197,0.0667
2026-06-04,baa_g12,IEF,-0.0435,-0.0008,-0.0148,-0.0082,0.0421
2026-06-04,baa_g12,IWM,1.7493,0.0327,0.1385,0.1963,0.4110
2026-06-04,baa_g12,LQD,0.1274,0.0058,-0.0034,0.0042,0.0632
2026-06-04,baa_g12,QQQ,2.7640,0.0893,0.2209,0.1968,0.4149
2026-06-04,baa_g12,SHY,0.0649,0.0009,0.0008,0.0082,0.0339
2026-06-04,baa_g12,SPY,1.5443,0.0468,0.1151,0.1181,0.2856
2026-06-04,baa_g12,TLT,-0.0295,0.0045,-0.0260,-0.0155,0.0514
2026-06-04,baa_g12,VGK,0.8917,0.0231,0.0523,0.1061,0.1932
2026-06-04,baa_g12,VNQ,0.2684,-0.0057,0.0174,0.0793,0.1091
2026-06-04,baa_g4,AGG,0.0628,0.0021,-0.0059,0.0043,0.0530
2026-06-04,baa_g4,EEM,2.6198,0.0577,0.2003,0.2922,0.5414
2026-06-04,baa_g4,EFA,1.0274,0.0276,0.0575,0.1233,0.2192
2026-06-04,baa_g4,IEF,-0.0466,-0.0010,-0.0150,-0.0084,0.0420
2026-06-04,baa_g4,LQD,0.1248,0.0056,-0.0035,0.0040,0.0630
2026-06-04,baa_g4,SHY,0.0649,0.0009,0.0008,0.0082,0.0339
2026-06-04,baa_g4,SPY,1.5437,0.0468,0.1151,0.1180,0.2856
2026-06-04,gem,AGG,0.0529,0.0020,-0.0060,0.0042,0.0529
2026-06-04,gem,EFA,0.2192,0.0276,0.0574,0.1233,0.2192
2026-06-04,gem,SPY,0.2856,0.0468,0.1151,0.1180,0.2856
2026-06-04,haa,AGG,0.0608,0.0020,-0.0060,0.0042,0.0528
2026-06-04,haa,EEM,2.6120,0.0573,0.1999,0.2917,0.5409
2026-06-04,haa,EFA,1.0255,0.0275,0.0574,0.1232,0.2191
2026-06-04,haa,IEF,-0.0476,-0.0010,-0.0150,-0.0084,0.0419
2026-06-04,haa,LQD,0.1309,0.0060,-0.0032,0.0044,0.0634
2026-06-04,haa,SHY,0.0649,0.0009,0.0008,0.0082,0.0339
2026-06-04,haa,SPY,1.5443,0.0468,0.1151,0.1181,0.2856
2026-06-04,permanent,BIL,0.1437,0.0028,0.0088,0.0179,0.0388
2026-06-04,permanent,GLD,-0.2289,-0.0174,-0.1183,0.0613,0.3305
2026-06-04,permanent,SPY,1.5443,0.0468,0.1151,0.1181,0.2856
2026-06-04,permanent,TLT,-0.0251,0.0048,-0.0258,-0.0152,0.0516
2026-06-04,all_weather,DBC,1.0611,-0.0452,0.1233,0.3377,0.4349
2026-06-04,all_weather,GLD,-0.2289,-0.0174,-0.1183,0.0613,0.3305
2026-06-04,all_weather,IEF,-0.0435,-0.0008,-0.0148,-0.0082,0.0421
2026-06-04,all_weather,SPY,1.5451,0.0469,0.1152,0.1181,0.2857
2026-06-04,all_weather,TLT,-0.0240,0.0048,-0.0258,-0.0152,0.0517
2026-06-04,golden_butterfly,GLD,-0.2302,-0.0175,-0.1184,0.0613,0.3304
2026-06-04,golden_butterfly,SHY,0.0649,0.0009,0.0008,0.0082,0.0339
2026-06-04,golden_butterfly,SPY,1.5446,0.0469,0.1151,0.1181,0.2857
2026-06-04,golden_butterfly,TLT,-0.0262,0.0047,-0.0259,-0.0153,0.0516
2026-06-04,golden_butterfly,VBR,0.9979,0.0187,0.0580,0.1382,0.2649
2026-06-04,gtaa,DBC,1.0611,-0.0452,0.1233,0.3377,0.4349
2026-06-04,gtaa,EFA,1.0293,0.0277,0.0576,0.1234,0.2194
2026-06-04,gtaa,IEF,-0.0456,-0.0009,-0.0149,-0.0083,0.0420
2026-06-04,gtaa,SHY,0.0637,0.0009,0.0008,0.0081,0.0338
2026-06-04,gtaa,SPY,1.5448,0.0469,0.1151,0.1181,0.2857
2026-06-04,gtaa,VNQ,0.2624,-0.0061,0.0171,0.0790,0.1087
2026-06-04,ivy,DBC,1.0577,-0.0454,0.1231,0.3374,0.4347
2026-06-04,ivy,EFA,1.0303,0.0278,0.0576,0.1235,0.2194
2026-06-04,ivy,IEF,-0.0456,-0.0009,-0.0149,-0.0083,0.0420
2026-06-04,ivy,SHY,0.0649,0.0009,0.0008,0.0082,0.0339
2026-06-04,ivy,VNQ,0.2624,-0.0061,0.0171,0.0790,0.1087
2026-06-04,ivy,VTI,1.5562,0.0468,0.1156,0.1219,0.2888
2026-06-04,faa,AGG,0.0163,0.0022,-0.0058,0.0044,0.0531
2026-06-04,faa,DBC,0.2644,-0.0454,0.1231,0.3374,0.4347
2026-06-04,faa,EEM,0.6569,0.0581,0.2008,0.2926,0.5420
2026-06-04,faa,EFA,0.2571,0.0277,0.0575,0.1234,0.2193
2026-06-04,faa,SHY,0.0162,0.0009,0.0008,0.0082,0.0339
2026-06-04,faa,SPY,0.3862,0.0469,0.1151,0.1181,0.2857
2026-06-04,faa,VNQ,0.0653,-0.0061,0.0170,0.0789,0.1087
2026-06-04,eaa,DBC,0.2644,-0.0454,0.1231,0.3374,0.4347
2026-06-04,eaa,EEM,0.6569,0.0581,0.2008,0.2926,0.5420
2026-06-04,eaa,EFA,0.2571,0.0277,0.0575,0.1234,0.2193
2026-06-04,eaa,GLD,-0.0583,-0.0176,-0.1185,0.0611,0.3302
2026-06-04,eaa,IEF,-0.0114,-0.0009,-0.0149,-0.0083,0.0420
2026-06-04,eaa,SHY,0.0162,0.0009,0.0008,0.0082,0.0339
2026-06-04,eaa,SPY,0.3862,0.0469,0.1152,0.1181,0.2857
2026-06-04,eaa,VNQ,0.0648,-0.0062,0.0169,0.0788,0.1085
2026-06-04,laa,GLD,-0.2314,-0.0175,-0.1184,0.0612,0.3303
2026-06-04,laa,IEF,-0.0456,-0.0009,-0.0149,-0.0083,0.0420
2026-06-04,laa,IWD,1.4739,0.0387,0.0967,0.1663,0.2907
2026-06-04,laa,QQQ,2.7732,0.0898,0.2214,0.1973,0.4155
2026-06-04,laa,SHY,0.0649,0.0009,0.0008,0.0082,0.0339
2026-06-04,laa,SPY,1.5443,0.0468,0.1151,0.1181,0.2856
2026-06-05,daa,BND,-0.0667,-0.0058,-0.0084,-0.0013,0.0386
2026-06-05,daa,DBC,0.8831,-0.0326,0.0623,0.3060,0.4129
2026-06-05,daa,EEM,1.0671,-0.0313,0.1406,0.2204,0.4390
2026-06-05,daa,EWJ,0.9480,0.0013,0.0829,0.1528,0.2959
2026-06-05,daa,GLD,-1.2131,-0.0762,-0.1592,0.0290,0.2805
2026-06-05,daa,HYG,0.1149,-0.0026,0.0134,0.0155,0.0613
2026-06-05,daa,IEF,-0.2024,-0.0105,-0.0189,-0.0150,0.0296
2026-06-05,daa,IWM,1.0823,-0.0098,0.1339,0.1435,0.3771
2026-06-05,daa,LQD,-0.0423,-0.0050,-0.0059,-0.0039,0.0493
2026-06-05,daa,QQQ,1.7829,0.0286,0.1947,0.1507,0.3600
2026-06-05,daa,SHY,0.0113,-0.0021,-0.0014,0.0059,0.0302
2026-06-05,daa,SPY,1.0562,0.0139,0.1096,0.0941,0.2628
2026-06-05,daa,TLT,-0.1902,-0.0063,-0.0256,-0.0215,0.0312
2026-06-05,daa,VGK,0.2747,-0.0192,0.0436,0.0819,0.1672
2026-06-05,daa,VNQ,0.5272,0.0004,0.0494,0.0983,0.1283
2026-06-05,daa,VWO,0.2886,-0.0383,0.0726,0.1020,0.2535
2026-06-05,vaa,AGG,-0.0666,-0.0060,-0.0086,-0.0015,0.0427
2026-06-05,vaa,EEM,1.0656,-0.0313,0.1405,0.2203,0.4389
2026-06-05,vaa,EFA,0.3514,-0.0183,0.0469,0.0963,0.1910
2026-06-05,vaa,IEF,-0.2034,-0.0106,-0.0190,-0.0150,0.0295
2026-06-05,vaa,LQD,-0.0423,-0.0050,-0.0059,-0.0039,0.0493
2026-06-05,vaa,SHY,0.0115,-0.0021,-0.0014,0.0059,0.0302
2026-06-05,vaa,SPY,1.0519,0.0137,0.1093,0.0939,0.2626
2026-06-05,paa,DBC,0.8831,-0.0326,0.0623,0.3060,0.4129
2026-06-05,paa,EEM,1.0610,-0.0316,0.1403,0.2200,0.4386
2026-06-05,paa,EWJ,0.9469,0.0012,0.0828,0.1527,0.2958
2026-06-05,paa,GLD,-1.2057,-0.0758,-0.1589,0.0295,0.2810
2026-06-05,paa,HYG,0.1137,-0.0027,0.0134,0.0155,0.0612
2026-06-05,paa,IEF,-0.2024,-0.0105,-0.0189,-0.0150,0.0296
2026-06-05,paa,IWM,1.0744,-0.0102,0.1335,0.1430,0.3766
2026-06-05,paa,LQD,-0.0406,-0.0049,-0.0058,-0.0038,0.0494
2026-06-05,paa,QQQ,1.7737,0.0281,0.1942,0.1502,0.3594
2026-06-05,paa,SHY,0.0124,-0.0020,-0.0013,0.0059,0.0303
2026-06-05,paa,SPY,1.0535,0.0138,0.1094,0.0940,0.2627
2026-06-05,paa,TLT,-0.1835,-0.0060,-0.0253,-0.0211,0.0316
2026-06-05,paa,VGK,0.2747,-0.0192,0.0436,0.0819,0.1672
2026-06-05,paa,VNQ,0.5282,0.0005,0.0494,0.0983,0.1283
2026-06-05,baa_g12,DBC,0.8933,-0.0321,0.0629,0.3067,0.4137
2026-06-05,baa_g12,EEM,1.0594,-0.0316,0.1402,0.2199,0.4385
2026-06-05,baa_g12,EWJ,0.9512,0.0014,0.0830,0.1530,0.2961
2026-06-05,baa_g12,GLD,-1.1941,-0.0752,-0.1583,0.0301,0.2819
2026-06-05,baa_g12,HYG,0.1149,-0.0026,0.0134,0.0155,0.0613
2026-06-05,baa_g12,IEF,-0.2014,-0.0105,-0.0189,-0.0149,0.0296
2026-06-05,baa_g12,IWM,1.0802,-0.0099,0.1338,0.1434,0.3770
2026-06-05,baa_g12,LQD,-0.0414,-0.0050,-0.0058,-0.0039,0.0494
2026-06-05,baa_g12,QQQ,1.7796,0.0284,0.1945,0.1505,0.3597
2026-06-05,baa_g12,SHY,0.0101,-0.0022,-0.0014,0.0058,0.0302
2026-06-05,baa_g12,SPY,1.0531,0.0137,0.1094,0.0940,0.2626
2026-06-05,baa_g12,TLT,-0.1879,-0.0062,-0.0255,-0.0213,0.0313
2026-06-05,baa_g12,VGK,0.2791,-0.0190,0.0439,0.0821,0.1675
2026-06-05,baa_g12,VNQ,0.5232,0.0002,0.0491,0.0980,0.1280
2026-06-05,baa_g4,AGG,-0.0638,-0.0058,-0.0084,-0.0014,0.0429
2026-06-05,baa_g4,EEM,1.0548,-0.0319,0.1399,0.2196,0.4381
2026-06-05,baa_g4,EFA,0.3524,-0.0183,0.0470,0.0964,0.1910
2026-06-05,baa_g4,IEF,-0.2004,-0.0104,-0.0188,-0.0149,0.0297
2026-06-05,baa_g4,LQD,-0.0414,-0.0050,-0.0058,-0.0039,0.0494
2026-06-05,baa_g4,SHY,0.0108,-0.0021,-0.0014,0.0058,0.0302
2026-06-05,baa_g4,SPY,1.0605,0.0141,0.1098,0.0944,0.2631
2026-06-05,gem,AGG,0.0427,-0.0059,-0.0085,-0.0015,0.0427
2026-06-05,gem,EFA,0.1912,-0.0181,0.0471,0.0965,0.1912
2026-06-05,gem,SPY,0.2632,0.0142,0.1099,0.0944,0.2632
2026-06-05,haa,AGG,-0.0657,-0.0059,-0.0085,-0.0015,0.0427
2026-06-05,haa,EEM,1.0640,-0.0314,0.1404,0.2202,0.4388
2026-06-05,haa,EFA,0.3524,-0.0183,0.0470,0.0964,0.1910
2026-06-05,haa,IEF,-0.2024,-0.0105,-0.0189,-0.0150,0.0296
2026-06-05,haa,LQD,-0.0414,-0.0050,-0.0058,-0.0039,0.0494
2026-06-05,haa,SHY,0.0113,-0.0021,-0.0014,0.0059,0.0302
2026-06-05,haa,SPY,1.0589,0.0140,0.1097,0.0943,0.2630
2026-06-05,permanent,BIL,0.1494,0.0032,0.0089,0.0181,0.0391
2026-06-05,permanent,GLD,-1.1950,-0.0753,-0.1584,0.0301,0.2818
2026-06-05,permanent,SPY,1.0573,0.0140,0.1096,0.0942,0.2629
2026-06-05,permanent,TLT,-0.1890,-0.0063,-0.0256,-0.0214,0.0313
2026-06-05,all_weather,DBC,0.9002,-0.0318,0.0632,0.3072,0.4142
2026-06-05,all_weather,GLD,-1.1939,-0.0752,-0.1583,0.0301,0.2819
2026-06-05,all_weather,IEF,-0.2024,-0.0105,-0.0189,-0.0150,0.0296
2026-06-05,all_weather,SPY,1.0587,0.0140,0.1097,0.0943,0.2630
2026-06-05,all_weather,TLT,-0.1890,-0.0063,-0.0256,-0.0214,0.0313
2026-06-05,golden_butterfly,GLD,-1.1954,-0.0753,-0.1584,0.0301,0.2818
2026-06-05,golden_butterfly,SHY,0.0113,-0.0021,-0.0014,0.0059,0.0302
2026-06-05,golden_butterfly,SPY,1.0593,0.0141,0.1098,0.0943,0.2630
2026-06-05,golden_butterfly,TLT,-0.1890,-0.0063,-0.0256,-0.0214,0.0313
2026-06-05,golden_butterfly,VBR,0.7743,-0.0013,0.0727,0.1182,0.2626
2026-06-05,gtaa,DBC,0.9002,-0.0318,0.0632,0.3072,0.4142
2026-06-05,gtaa,EFA,0.3514,-0.0183,0.0469,0.0963,0.1910
2026-06-05,gtaa,IEF,-0.2024,-0.0105,-0.0189,-0.0150,0.0296
2026-06-05,gtaa,SHY,0.0113,-0.0021,-0.0014,0.0059,0.0302
2026-06-05,gtaa,SPY,1.0605,0.0141,0.1098,0.0944,0.2631
2026-06-05,gtaa,VNQ,0.5272,0.0004,0.0494,0.0983,0.1283
2026-06-05,ivy,DBC,0.9002,-0.0318,0.0632,0.3072,0.4142
2026-06-05,ivy,EFA,0.3514,-0.0183,0.0469,0.0963,0.1910
2026-06-05,ivy,IEF,-0.2024,-0.0105,-0.0189,-0.0150,0.0296
2026-06-05,ivy,SHY,0.0113,-0.0021,-0.0014,0.0059,0.0302
2026-06-05,ivy,VNQ,0.5312,0.0006,0.0496,0.0985,0.1285
2026-06-05,ivy,VTI,1.0565,0.0133,0.1099,0.0960,0.2648
2026-06-05,faa,AGG,-0.0162,-0.0059,-0.0085,-0.0014,0.0428
2026-06-05,faa,DBC,0.2250,-0.0318,0.0632,0.3072,0.4142
2026-06-05,faa,EEM,0.2629,-0.0320,0.1397,0.2195,0.4379
2026-06-05,faa,EFA,0.0879,-0.0183,0.0469,0.0963,0.1910
2026-06-05,faa,SHY,0.0028,-0.0021,-0.0014,0.0059,0.0302
2026-06-05,faa,SPY,0.2637,0.0138,0.1095,0.0940,0.2627
2026-06-05,faa,VNQ,0.1323,0.0005,0.0495,0.0984,0.1284
2026-06-05,eaa,DBC,0.2250,-0.0318,0.0632,0.3072,0.4142
2026-06-05,eaa,EEM,0.2618,-0.0322,0.1395,0.2192,0.4376
2026-06-05,eaa,EFA,0.0869,-0.0185,0.0467,0.0961,0.1907
2026-06-05,eaa,GLD,-0.2991,-0.0754,-0.1585,0.0300,0.2817
2026-06-05,eaa,IEF,-0.0506,-0.0105,-0.0189,-0.0150,0.0296
2026-06-05,eaa,SHY,0.0028,-0.0021,-0.0014,0.0059,0.0302
2026-06-05,eaa,SPY,0.2622,0.0135,0.1092,0.0937,0.2624
2026-06-05,eaa,VNQ,0.1323,0.0005,0.0495,0.0984,0.1284
2026-06-05,laa,GLD,-1.1939,-0.0752,-0.1583,0.0301,0.2819
2026-06-05,laa,IEF,-0.2024,-0.0105,-0.0189,-0.0150,0.0296
2026-06-05,laa,IWD,1.1309,0.0150,0.0973,0.1413,0.2796
2026-06-05,laa,QQQ,1.7725,0.0280,0.1941,0.1501,0.3593
2026-06-05,laa,SHY,0.0113,-0.0021,-0.0014,0.0059,0.0302
2026-06-05,laa,SPY,1.0479,0.0135,0.1091,0.0937,0.2623
2026-06-08,daa,BND,-0.0439,-0.0033,-0.0113,0.0004,0.0404
2026-06-08,daa,DBC,1.1134,-0.0241,0.0877,0.3158,0.4206
2026-06-08,daa,EEM,1.3261,-0.0086,0.1295,0.2326,0.4457
2026-06-08,daa,EWJ,1.0502,0.0124,0.0757,0.1429,0.3127
2026-06-08,daa,GLD,-1.1926,-0.0764,-0.1562,0.0299,0.2889
2026-06-08,daa,HYG,0.1364,0.0012,0.0074,0.0148,0.0635
2026-06-08,daa,IEF,-0.1761,-0.0079,-0.0223,-0.0123,0.0322
2026-06-08,daa,IWM,1.2803,0.0099,0.1260,0.1378,0.3817
2026-06-08,daa,LQD,-0.0142,-0.0011,-0.0120,-0.0024,0.0523
2026-06-08,daa,QQQ,1.8646,0.0356,0.1857,0.1583,0.3780
2026-06-08,daa,SHY,0.0279,-0.0009,-0.0015,0.0069,0.0317
2026-06-08,daa,SPY,1.0038,0.0142,0.0969,0.0903,0.2654
2026-06-08,daa,TLT,-0.2115,-0.0044,-0.0370,-0.0192,0.0273
2026-06-08,daa,VGK,0.5476,0.0042,0.0403,0.0841,0.1678
2026-06-08,daa,VNQ,0.3093,-0.0078,0.0309,0.0840,0.1118
2026-06-08,daa,VWO,0.3509,-0.0287,0.0608,0.1006,0.2515
2026-06-08,vaa,AGG,-0.0467,-0.0038,-0.0119,0.0007,0.0451
2026-06-08,vaa,EEM,1.3230,-0.0087,0.1293,0.2324,0.4454
2026-06-08,vaa,EFA,0.5703,0.0017,0.0412,0.0953,0.1939
2026-06-08,vaa,IEF,-0.1761,-0.0079,-0.0223,-0.0123,0.0322
2026-06-08,vaa,LQD,-0.0150,-0.0012,-0.0121,-0.0024,0.0523
2026-06-08,vaa,SHY,0.0279,-0.0009,-0.0015,0.0069,0.0317
2026-06-08,vaa,SPY,1.0025,0.0141,0.0968,0.0902,0.2654
2026-06-08,paa,DBC,1.1134,-0.0241,0.0877,0.3158,0.4206
2026-06-08,paa,EEM,1.3184,-0.0089,0.1291,0.2321,0.4451
2026-06-08,paa,EWJ,1.0469,0.0123,0.0755,0.1427,0.3125
2026-06-08,paa,GLD,-1.1958,-0.0765,-0.1564,0.0297,0.2887
2026-06-08,paa,HYG,0.1364,0.0012,0.0074,0.0148,0.0635
2026-06-08,paa,IEF,-0.1761,-0.0079,-0.0223,-0.0123,0.0322
2026-06-08,paa,IWM,1.2731,0.0096,0.1256,0.1374,0.3812
2026-06-08,paa,LQD,-0.0150,-0.0012,-0.0121,-0.0024,0.0523
2026-06-08,paa,QQQ,1.8504,0.0349,0.1849,0.1575,0.3771
2026-06-08,paa,SHY,0.0268,-0.0010,-0.0016,0.0068,0.0316
2026-06-08,paa,SPY,0.9933,0.0137,0.0963,0.0897,0.2648
2026-06-08,paa,TLT,-0.2127,-0.0044,-0.0370,-0.0192,0.0273
2026-06-08,paa,VGK,0.5398,0.0038,0.0399,0.0837,0.1673
2026-06-08,paa,VNQ,0.3063,-0.0080,0.0307,0.0838,0.1116
2026-06-08,baa_g12,DBC,1.1134,-0.0241,0.0877,0.3158,0.4206
2026-06-08,baa_g12,EEM,1.3138,-0.0092,0.1288,0.2318,0.4448
2026-06-08,baa_g12,EWJ,1.0415,0.0120,0.0752,0.1424,0.3122
2026-06-08,baa_g12,GLD,-1.1967,-0.0766,-0.1564,0.0297,0.2887
2026-06-08,baa_g12,HYG,0.1352,0.0011,0.0073,0.0147,0.0635
2026-06-08,baa_g12,IEF,-0.1776,-0.0079,-0.0224,-0.0124,0.0322
2026-06-08,baa_g12,IWM,1.2671,0.0093,0.1252,0.1371,0.3808
2026-06-08,baa_g12,LQD,-0.0177,-0.0013,-0.0122,-0.0025,0.0521
2026-06-08,baa_g12,QQQ,1.8454,0.0347,0.1846,0.1572,0.3768
2026-06-08,baa_g12,SHY,0.0256,-0.0011,-0.0017,0.0068,0.0315
2026-06-08,baa_g12,SPY,0.9925,0.0136,0.0963,0.0897,0.2647
2026-06-08,baa_g12,TLT,-0.2115,-0.0044,-0.0370,-0.0192,0.0273
2026-06-08,baa_g12,VGK,0.5398,0.0038,0.0399,0.0837,0.1673
2026-06-08,baa_g12,VNQ,0.3023,-0.0082,0.0305,0.0836,0.1114
2026-06-08,baa_g4,AGG,-0.0496,-0.0039,-0.0121,0.0005,0.0450
2026-06-08,baa_g4,EEM,1.3046,-0.0096,0.1283,0.2313,0.4441
2026-06-08,baa_g4,EFA,0.5645,0.0015,0.0409,0.0949,0.1935
2026-06-08,baa_g4,IEF,-0.1771,-0.0079,-0.0224,-0.0124,0.0322
2026-06-08,baa_g4,LQD,-0.0194,-0.0014,-0.0123,-0.0026,0.0520
2026-06-08,baa_g4,SHY,0.0256,-0.0011,-0.0017,0.0068,0.0315
2026-06-08,baa_g4,SPY,0.9871,0.0133,0.0960,0.0894,0.2644
2026-06-08,gem,AGG,0.0450,-0.0039,-0.0121,0.0005,0.0450
2026-06-08,gem,EFA,0.1935,0.0015,0.0409,0.0949,0.1935
2026-06-08,gem,SPY,0.2643,0.0133,0.0959,0.0893,0.2643
2026-06-08,haa,AGG,-0.0496,-0.0039,-0.0121,0.0005,0.0450
2026-06-08,haa,EEM,1.2984,-0.0099,0.1280,0.2309,0.4437
2026-06-08,haa,EFA,0.5645,0.0015,0.0409,0.0949,0.1935
2026-06-08,haa,IEF,-0.1771,-0.0079,-0.0224,-0.0124,0.0322
2026-06-08,haa,LQD,-0.0194,-0.0014,-0.0123,-0.0026,0.0520
2026-06-08,haa,SHY,0.0256,-0.0011,-0.0017,0.0068,0.0315
2026-06-08,haa,SPY,0.9825,0.0131,0.0957,0.0891,0.2641
2026-06-08,permanent,BIL,0.1470,0.0031,0.0088,0.0180,0.0391
2026-06-08,permanent,GLD,-1.1998,-0.0767,-0.1566,0.0295,0.2884
2026-06-08,permanent,SPY,0.9817,0.0131,0.0957,0.0891,0.2640
2026-06-08,permanent,TLT,-0.2115,-0.0044,-0.0370,-0.0192,0.0273
2026-06-08,all_weather,DBC,1.1134,-0.0241,0.0877,0.3158,0.4206
2026-06-08,all_weather,GLD,-1.1989,-0.0767,-0.1565,0.0296,0.2885
2026-06-08,all_weather,IEF,-0.1771,-0.0079,-0.0224,-0.0124,0.0322
2026-06-08,all_weather,SPY,0.9815,0.0131,0.0957,0.0891,0.2640
2026-06-08,all_weather,TLT,-0.2127,-0.0044,-0.0370,-0.0192,0.0273
2026-06-08,golden_butterfly,GLD,-1.1967,-0.0766,-0.1564,0.0297,0.2887
2026-06-08,golden_butterfly,SHY,0.0256,-0.0011,-0.0017,0.0068,0.0315
2026-06-08,golden_butterfly,SPY,0.9833,0.0131,0.0958,0.0892,0.2641
2026-06-08,golden_butterfly,TLT,-0.2127,-0.0044,-0.0370,-0.0192,0.0273
2026-06-08,golden_butterfly,VBR,0.9346,0.0122,0.0707,0.1193,0.2667
2026-06-08,gtaa,DBC,1.1134,-0.0241,0.0877,0.3158,0.4206
2026-06-08,gtaa,EFA,0.5598,0.0012,0.0407,0.0947,0.1932
2026-06-08,gtaa,IEF,-0.1771,-0.0079,-0.0224,-0.0124,0.0322
2026-06-08,gtaa,SHY,0.0256,-0.0011,-0.0017,0.0068,0.0315
2026-06-08,gtaa,SPY,0.9890,0.0134,0.0961,0.0895,0.2645
2026-06-08,gtaa,VNQ,0.3053,-0.0080,0.0307,0.0838,0.1115
2026-06-08,ivy,DBC,1.1100,-0.0243,0.0875,0.3156,0.4203
2026-06-08,ivy,EFA,0.5617,0.0013,0.0408,0.0948,0.1933
2026-06-08,ivy,IEF,-0.1771,-0.0079,-0.0224,-0.0124,0.0322
2026-06-08,ivy,SHY,0.0256,-0.0011,-0.0017,0.0068,0.0315
2026-06-08,ivy,VNQ,0.3053,-0.0080,0.0307,0.0838,0.1115
2026-06-08,ivy,VTI,1.0202,0.0151,0.0972,0.0911,0.2682
2026-06-08,faa,AGG,-0.0122,-0.0039,-0.0120,0.0006,0.0450
2026-06-08,faa,DBC,0.2775,-0.0243,0.0875,0.3156,0.4203
2026-06-08,faa,EEM,0.3269,-0.0095,0.1285,0.2314,0.4443
2026-06-08,faa,EFA,0.1409,0.0014,0.0409,0.0949,0.1935
2026-06-08,faa,SHY,0.0065,-0.0010,-0.0016,0.0068,0.0316
2026-06-08,faa,SPY,0.2484,0.0137,0.0963,0.0897,0.2648
2026-06-08,faa,VNQ,0.0761,-0.0081,0.0306,0.0837,0.1115
2026-06-08,eaa,DBC,0.2775,-0.0243,0.0875,0.3156,0.4203
2026-06-08,eaa,EEM,0.3277,-0.0093,0.1287,0.2316,0.4446
2026-06-08,eaa,EFA,0.1409,0.0014,0.0409,0.0949,0.1935
2026-06-08,eaa,GLD,-0.2983,-0.0764,-0.1562,0.0299,0.2889
2026-06-08,eaa,IEF,-0.0443,-0.0079,-0.0224,-0.0124,0.0322
2026-06-08,eaa,SHY,0.0067,-0.0010,-0.0016,0.0068,0.0316
2026-06-08,eaa,SPY,0.2479,0.0136,0.0962,0.0896,0.2647
2026-06-08,eaa,VNQ,0.0766,-0.0080,0.0307,0.0838,0.1116
2026-06-08,laa,GLD,-1.2025,-0.0769,-0.1567,0.0293,0.2882
2026-06-08,laa,IEF,-0.1791,-0.0080,-0.0225,-0.0125,0.0321
2026-06-08,laa,IWD,1.2399,0.0256,0.0921,0.1416,0.2818
2026-06-08,laa,QQQ,1.8431,0.0345,0.1844,0.1571,0.3766
2026-06-08,laa,SHY,0.0268,-0.0010,-0.0016,0.0068,0.0316
2026-06-08,laa,SPY,0.9898,0.0135,0.0961,0.0895,0.2645
2026-06-09,daa,BND,-0.0323,-0.0047,-0.0071,0.0028,0.0474
2026-06-09,daa,DBC,0.6695,-0.0416,0.0522,0.2867,0.3865
2026-06-09,daa,EEM,0.8136,-0.0397,0.1119,0.2090,0.4241
2026-06-09,daa,EWJ,0.5468,-0.0157,0.0498,0.1251,0.2860
2026-06-09,daa,GLD,-1.5921,-0.0979,-0.1811,0.0126,0.2822
2026-06-09,daa,HYG,0.1107,-0.0018,0.0095,0.0153,0.0642
2026-06-09,daa,IEF,-0.1533,-0.0089,-0.0177,-0.0087,0.0421
2026-06-09,daa,IWM,0.9958,-0.0066,0.1162,0.1315,0.3466
2026-06-09,daa,LQD,-0.0115,-0.0044,-0.0043,-0.0004,0.0597
2026-06-09,daa,QQQ,0.9735,-0.0168,0.1520,0.1208,0.3259
2026-06-09,daa,SHY,0.0331,-0.0012,-0.0004,0.0078,0.0340
2026-06-09,daa,SPY,0.6001,-0.0090,0.0824,0.0721,0.2341
2026-06-09,daa,TLT,-0.1665,-0.0072,-0.0245,-0.0124,0.0429
2026-06-09,daa,VGK,0.3929,-0.0071,0.0381,0.0818,0.1625
2026-06-09,daa,VNQ,0.6714,0.0097,0.0532,0.1070,0.1287
2026-06-09,daa,VWO,0.1173,-0.0404,0.0466,0.0889,0.2379
2026-06-09,vaa,AGG,-0.0310,-0.0049,-0.0075,0.0030,0.0518
2026-06-09,vaa,EEM,0.8151,-0.0396,0.1120,0.2091,0.4242
2026-06-09,vaa,EFA,0.3270,-0.0139,0.0332,0.0893,0.1831
2026-06-09,vaa,IEF,-0.1544,-0.0090,-0.0177,-0.0088,0.0421
2026-06-09,vaa,LQD,-0.0114,-0.0044,-0.0043,-0.0004,0.0597
2026-06-09,vaa,SHY,0.0331,-0.0012,-0.0004,0.0078,0.0340
2026-06-09,vaa,SPY,0.6075,-0.0086,0.0828,0.0725,0.2345
2026-06-09,paa,DBC,0.6695,-0.0416,0.0522,0.2867,0.3865
2026-06-09,paa,EEM,0.8303,-0.0389,0.1128,0.2100,0.4253
2026-06-09,paa,EWJ,0.5522,-0.0155,0.0501,0.1254,0.2863
2026-06-09,paa,GLD,-1.5908,-0.0978,-0.1811,0.0127,0.2823
2026-06-09,paa,HYG,0.1083,-0.0020,0.0094,0.0152,0.0641
2026-06-09,paa,IEF,-0.1544,-0.0090,-0.0177,-0.0088,0.0421
2026-06-09,paa,IWM,1.0153,-0.0056,0.1173,0.1326,0.3479
2026-06-09,paa,LQD,-0.0106,-0.0044,-0.0042,-0.0004,0.0597
2026-06-09,paa,QQQ,1.0032,-0.0154,0.1537,0.1225,0.3279
2026-06-09,paa,SHY,0.0342,-0.0012,-0.0003,0.0079,0.0340
2026-06-09,paa,SPY,0.6151,-0.0082,0.0832,0.0730,0.2350
2026-06-09,paa,TLT,-0.1698,-0.0074,-0.0247,-0.0126,0.0427
2026-06-09,paa,VGK,0.3973,-0.0069,0.0384,0.0821,0.1628
2026-06-09,paa,VNQ,0.6704,0.0096,0.0531,0.1069,0.1286
2026-06-09,baa_g12,DBC,0.6695,-0.0416,0.0522,0.2867,0.3865
2026-06-09,baa_g12,EEM,0.8394,-0.0384,0.1133,0.2105,0.4260
2026-06-09,baa_g12,EWJ,0.5705,-0.0145,0.0511,0.1264,0.2875
2026-06-09,baa_g12,GLD,-1.5837,-0.0975,-0.1807,0.0131,0.2828
2026-06-09,baa_g12,HYG,0.1083,-0.0020,0.0094,0.0152,0.0641
2026-06-09,baa_g12,IEF,-0.1550,-0.0090,-0.0178,-0.0088,0.0420
2026-06-09,baa_g12,IWM,1.0075,-0.0060,0.1169,0.1322,0.3474
2026-06-09,baa_g12,LQD,-0.0114,-0.0044,-0.0043,-0.0004,0.0597
2026-06-09,baa_g12,QQQ,1.0001,-0.0155,0.1535,0.1223,0.3277
2026-06-09,baa_g12,SHY,0.0331,-0.0012,-0.0004,0.0078,0.0340
2026-06-09,baa_g12,SPY,0.6186,-0.0081,0.0834,0.0731,0.2352
2026-06-09,baa_g12,TLT,-0.1683,-0.0073,-0.0246,-0.0125,0.0428
2026-06-09,baa_g12,VGK,0.3996,-0.0068,0.0385,0.0822,0.1629
2026-06-09,baa_g12,VNQ,0.6714,0.0097,0.0532,0.1070,0.1287
2026-06-09,baa_g4,AGG,-0.0326,-0.0050,-0.0076,0.0029,0.0517
2026-06-09,baa_g4,EEM,0.8439,-0.0382,0.1136,0.2108,0.4263
2026-06-09,baa_g4,EFA,0.3365,-0.0135,0.0337,0.0898,0.1837
2026-06-09,baa_g4,IEF,-0.1564,-0.0091,-0.0178,-0.0089,0.0420
2026-06-09,baa_g4,LQD,-0.0114,-0.0044,-0.0043,-0.0004,0.0597
2026-06-09,baa_g4,SHY,0.0319,-0.0013,-0.0005,0.0077,0.0339
2026-06-09,baa_g4,SPY,0.6175,-0.0081,0.0834,0.0731,0.2352
2026-06-09,gem,AGG,0.0517,-0.0050,-0.0076,0.0029,0.0517
2026-06-09,gem,EFA,0.1837,-0.0135,0.0337,0.0898,0.1837
2026-06-09,gem,SPY,0.2352,-0.0081,0.0834,0.0731,0.2352
2026-06-09,haa,AGG,-0.0326,-0.0050,-0.0076,0.0029,0.0517
2026-06-09,haa,EEM,0.8333,-0.0387,0.1130,0.2102,0.4255
2026-06-09,haa,EFA,0.3327,-0.0137,0.0335,0.0896,0.1835
2026-06-09,haa,IEF,-0.1564,-0.0091,-0.0178,-0.0089,0.0420
2026-06-09,haa,LQD,-0.0123,-0.0045,-0.0043,-0.0005,0.0596
2026-06-09,haa,SHY,0.0319,-0.0013,-0.0005,0.0077,0.0339
2026-06-09,haa,SPY,0.6102,-0.0085,0.0830,0.0727,0.2347
2026-06-09,permanent,BIL,0.1463,0.0030,0.0089,0.0180,0.0389
2026-06-09,permanent,GLD,-1.5935,-0.0980,-0.1812,0.0125,0.2821
2026-06-09,permanent,SPY,0.6049,-0.0087,0.0827,0.0724,0.2344
2026-06-09,permanent,TLT,-0.1709,-0.0074,-0.0247,-0.0127,0.0426
2026-06-09,all_weather,DBC,0.6864,-0.0408,0.0531,0.2878,0.3877
2026-06-09,all_weather,GLD,-1.5952,-0.0981,-0.1813,0.0124,0.2820
2026-06-09,all_weather,IEF,-0.1574,-0.0092,-0.0179,-0.0089,0.0419
2026-06-09,all_weather,SPY,0.6103,-0.0085,0.0830,0.0727,0.2347
2026-06-09,all_weather,TLT,-0.1709,-0.0074,-0.0247,-0.0127,0.0426
2026-06-09,golden_butterfly,GLD,-1.5948,-0.0980,-0.1813,0.0124,0.2820
2026-06-09,golden_butterfly,SHY,0.0319,-0.0013,-0.0005,0.0077,0.0339
2026-06-09,golden_butterfly,SPY,0.6107,-0.0085,0.0830,0.0727,0.2347
2026-06-09,golden_butterfly,TLT,-0.1720,-0.0075,-0.0248,-0.0127,0.0425
2026-06-09,golden_butterfly,VBR,0.9273,0.0095,0.0796,0.1201,0.2544
2026-06-09,gtaa,DBC,0.6864,-0.0408,0.0531,0.2878,0.3877
2026-06-09,gtaa,EFA,0.3327,-0.0137,0.0335,0.0896,0.1835
2026-06-09,gtaa,IEF,-0.1564,-0.0091,-0.0178,-0.0089,0.0420
2026-06-09,gtaa,SHY,0.0331,-0.0012,-0.0004,0.0078,0.0340
2026-06-09,gtaa,SPY,0.6165,-0.0082,0.0833,0.0730,0.2351
2026-06-09,gtaa,VNQ,0.6765,0.0099,0.0534,0.1073,0.1290
2026-06-09,ivy,DBC,0.6864,-0.0408,0.0531,0.2878,0.3877
2026-06-09,ivy,EFA,0.3402,-0.0133,0.0339,0.0901,0.1840
2026-06-09,ivy,IEF,-0.1564,-0.0091,-0.0178,-0.0089,0.0420
2026-06-09,ivy,SHY,0.0331,-0.0012,-0.0004,0.0078,0.0340
2026-06-09,ivy,VNQ,0.6727,0.0097,0.0532,0.1071,0.1287
2026-06-09,ivy,VTI,0.6686,-0.0053,0.0857,0.0757,0.2376
2026-06-09,faa,AGG,-0.0082,-0.0050,-0.0076,0.0029,0.0517
2026-06-09,faa,DBC,0.1716,-0.0408,0.0531,0.2878,0.3877
2026-06-09,faa,EEM,0.2087,-0.0386,0.1131,0.2103,0.4256
2026-06-09,faa,EFA,0.0844,-0.0134,0.0337,0.0899,0.1838
2026-06-09,faa,SHY,0.0083,-0.0012,-0.0004,0.0078,0.0340
2026-06-09,faa,SPY,0.1560,-0.0078,0.0837,0.0734,0.2356
2026-06-09,faa,VNQ,0.1681,0.0097,0.0532,0.1071,0.1287
2026-06-09,eaa,DBC,0.1716,-0.0408,0.0531,0.2878,0.3877
2026-06-09,eaa,EEM,0.2098,-0.0384,0.1133,0.2105,0.4260
2026-06-09,eaa,EFA,0.0858,-0.0131,0.0340,0.0902,0.1841
2026-06-09,eaa,GLD,-0.3964,-0.0976,-0.1808,0.0130,0.2827
2026-06-09,eaa,IEF,-0.0387,-0.0090,-0.0177,-0.0088,0.0421
2026-06-09,eaa,SHY,0.0080,-0.0013,-0.0005,0.0077,0.0339
2026-06-09,eaa,SPY,0.1585,-0.0073,0.0843,0.0740,0.2362
2026-06-09,eaa,VNQ,0.1676,0.0096,0.0531,0.1069,0.1286
2026-06-09,laa,GLD,-1.5855,-0.0976,-0.1808,0.0130,0.2827
2026-06-09,laa,IEF,-0.1546,-0.0090,-0.0177,-0.0088,0.0421
2026-06-09,laa,IWD,1.0278,0.0117,0.0893,0.1340,0.2624
2026-06-09,laa,QQQ,1.0275,-0.0142,0.1551,0.1238,0.3295
2026-06-09,laa,SHY,0.0331,-0.0012,-0.0004,0.0078,0.0340
2026-06-09,laa,SPY,0.6336,-0.0073,0.0843,0.0740,0.2362
2026-06-10,daa,BND,0.0109,-0.0026,-0.0029,0.0040,0.0454
2026-06-10,daa,DBC,0.5064,-0.0570,0.0412,0.3141,0.3971
2026-06-10,daa,EEM,0.8207,-0.0381,0.1100,0.2126,0.4133
2026-06-10,daa,EWJ,0.3951,-0.0259,0.0483,0.1207,0.2713
2026-06-10,daa,GLD,-2.2020,-0.1307,-0.2066,-0.0197,0.2323
2026-06-10,daa,HYG,0.1362,-0.0005,0.0111,0.0172,0.0630
2026-06-10,daa,IEF,-0.1030,-0.0061,-0.0137,-0.0072,0.0397
2026-06-10,daa,IWM,1.0922,-0.0034,0.1267,0.1394,0.3472
2026-06-10,daa,LQD,0.0428,-0.0024,0.0035,0.0012,0.0560
2026-06-10,daa,QQQ,0.9604,-0.0188,0.1532,0.1240,0.3252
2026-06-10,daa,SHY,0.0518,-0.0001,0.0008,0.0082,0.0334
2026-06-10,daa,SPY,0.5785,-0.0115,0.0835,0.0751,0.2326
2026-06-10,daa,TLT,-0.0788,-0.0033,-0.0139,-0.0113,0.0395
2026-06-10,daa,VGK,0.3844,-0.0069,0.0366,0.0809,0.1589
2026-06-10,daa,VNQ,0.8245,0.0142,0.0697,0.1213,0.1330
2026-06-10,daa,VWO,0.1413,-0.0380,0.0456,0.0929,0.2290
2026-06-10,vaa,AGG,0.0147,-0.0026,-0.0033,0.0043,0.0502
2026-06-10,vaa,EEM,0.8055,-0.0389,0.1091,0.2117,0.4122
2026-06-10,vaa,EFA,0.2951,-0.0156,0.0315,0.0886,0.1788
2026-06-10,vaa,IEF,-0.1030,-0.0061,-0.0137,-0.0072,0.0397
2026-06-10,vaa,LQD,0.0414,-0.0025,0.0034,0.0011,0.0559
2026-06-10,vaa,SHY,0.0518,-0.0001,0.0008,0.0082,0.0334
2026-06-10,vaa,SPY,0.5721,-0.0118,0.0831,0.0747,0.2322
2026-06-10,paa,DBC,0.4964,-0.0575,0.0407,0.3134,0.3964
2026-06-10,paa,EEM,0.8070,-0.0388,0.1092,0.2118,0.4123
2026-06-10,paa,EWJ,0.3864,-0.0263,0.0478,0.1202,0.2707
2026-06-10,paa,GLD,-2.2037,-0.1308,-0.2067,-0.0198,0.2321
2026-06-10,paa,HYG,0.1350,-0.0005,0.0111,0.0171,0.0629
2026-06-10,paa,IEF,-0.1030,-0.0061,-0.0137,-0.0072,0.0397
2026-06-10,paa,IWM,1.0915,-0.0034,0.1266,0.1393,0.3471
2026-06-10,paa,LQD,0.0414,-0.0025,0.0034,0.0011,0.0559
2026-06-10,paa,QQQ,0.9573,-0.0189,0.1530,0.1238,0.3250
2026-06-10,paa,SHY,0.0495,-0.0002,0.0006,0.0081,0.0333
2026-06-10,paa,SPY,0.5748,-0.0117,0.0833,0.0749,0.2324
2026-06-10,paa,TLT,-0.0788,-0.0033,-0.0139,-0.0113,0.0395
2026-06-10,paa,VGK,0.3822,-0.0070,0.0365,0.0808,0.1587
2026-06-10,paa,VNQ,0.8154,0.0137,0.0692,0.1208,0.1325
2026-06-10,baa_g12,DBC,0.4964,-0.0575,0.0407,0.3134,0.3964
2026-06-10,baa_g12,EEM,0.8116,-0.0386,0.1095,0.2121,0.4126
2026-06-10,baa_g12,EWJ,0.3864,-0.0263,0.0478,0.1202,0.2707
2026-06-10,baa_g12,GLD,-2.2064,-0.1309,-0.2068,-0.0199,0.2319
2026-06-10,baa_g12,HYG,0.1338,-0.0006,0.0110,0.0170,0.0629
2026-06-10,baa_g12,IEF,-0.1030,-0.0061,-0.0137,-0.0072,0.0397
2026-06-10,baa_g12,IWM,1.0893,-0.0035,0.1265,0.1392,0.3470
2026-06-10,baa_g12,LQD,0.0414,-0.0025,0.0034,0.0011,0.0559
2026-06-10,baa_g12,QQQ,0.9563,-0.0190,0.1529,0.1237,0.3249
2026-06-10,baa_g12,SHY,0.0495,-0.0002,0.0006,0.0081,0.0333
2026-06-10,baa_g12,SPY,0.5761,-0.0116,0.0833,0.0749,0.2325
2026-06-10,baa_g12,TLT,-0.0788,-0.0033,-0.0139,-0.0113,0.0395
2026-06-10,baa_g12,VGK,0.3833,-0.0069,0.0365,0.0808,0.1588
2026-06-10,baa_g12,VNQ,0.8225,0.0141,0.0696,0.1212,0.1329
2026-06-10,baa_g4,AGG,0.0147,-0.0026,-0.0033,0.0043,0.0502
2026-06-10,baa_g4,EEM,0.8192,-0.0382,0.1099,0.2126,0.4132
2026-06-10,baa_g4,EFA,0.2980,-0.0154,0.0316,0.0888,0.1790
2026-06-10,baa_g4,IEF,-0.1030,-0.0061,-0.0137,-0.0072,0.0397
2026-06-10,baa_g4,LQD,0.0414,-0.0025,0.0034,0.0011,0.0559
2026-06-10,baa_g4,SHY,0.0511,-0.0001,0.0007,0.0082,0.0334
2026-06-10,baa_g4,SPY,0.5828,-0.0113,0.0837,0.0753,0.2329
2026-06-10,gem,AGG,0.0502,-0.0026,-0.0033,0.0043,0.0502
2026-06-10,gem,EFA,0.1791,-0.0153,0.0317,0.0889,0.1791
2026-06-10,gem,SPY,0.2331,-0.0111,0.0839,0.0755,0.2331
2026-06-10,haa,AGG,0.0157,-0.0025,-0.0032,0.0044,0.0502
2026-06-10,haa,EEM,0.8267,-0.0379,0.1103,0.2130,0.4137
2026-06-10,haa,EFA,0.3027,-0.0152,0.0319,0.0891,0.1793
2026-06-10,haa,IEF,-0.1030,-0.0061,-0.0137,-0.0072,0.0397
2026-06-10,haa,LQD,0.0441,-0.0024,0.0035,0.0012,0.0561
2026-06-10,haa,SHY,0.0495,-0.0002,0.0006,0.0081,0.0333
2026-06-10,haa,SPY,0.5858,-0.0111,0.0839,0.0755,0.2331
2026-06-10,permanent,BIL,0.1443,0.0028,0.0089,0.0179,0.0387
2026-06-10,permanent,GLD,-2.2033,-0.1308,-0.2067,-0.0197,0.2322
2026-06-10,permanent,SPY,0.5855,-0.0112,0.0839,0.0755,0.2330
2026-06-10,permanent,TLT,-0.0755,-0.0032,-0.0137,-0.0112,0.0397
2026-06-10,all_weather,DBC,0.4964,-0.0575,0.0407,0.3134,0.3964
2026-06-10,all_weather,GLD,-2.1989,-0.1305,-0.2065,-0.0195,0.2325
2026-06-10,all_weather,IEF,-0.1019,-0.0061,-0.0136,-0.0071,0.0397
2026-06-10,all_weather,SPY,0.5879,-0.0110,0.0840,0.0756,0.2332
2026-06-10,all_weather,TLT,-0.0760,-0.0032,-0.0137,-0.0112,0.0396
2026-06-10,golden_butterfly,GLD,-2.2006,-0.1306,-0.2066,-0.0196,0.2324
2026-06-10,golden_butterfly,SHY,0.0495,-0.0002,0.0006,0.0081,0.0333
2026-06-10,golden_butterfly,SPY,0.5886,-0.0110,0.0840,0.0756,0.2332
2026-06-10,golden_butterfly,TLT,-0.0755,-0.0032,-0.0137,-0.0112,0.0397
2026-06-10,golden_butterfly,VBR,1.0562,0.0178,0.0833,0.1288,0.2517
2026-06-10,gtaa,DBC,0.5055,-0.0570,0.0412,0.3140,0.3971
2026-06-10,gtaa,EFA,0.3017,-0.0152,0.0318,0.0890,0.1792
2026-06-10,gtaa,IEF,-0.1010,-0.0060,-0.0136,-0.0071,0.0398
2026-06-10,gtaa,SHY,0.0507,-0.0002,0.0007,0.0082,0.0334
2026-06-10,gtaa,SPY,0.5812,-0.0114,0.0836,0.0752,0.2328
2026-06-10,gtaa,VNQ,0.8194,0.0139,0.0694,0.1210,0.1327
2026-06-10,ivy,DBC,0.5055,-0.0570,0.0412,0.3140,0.3971
2026-06-10,ivy,EFA,0.2970,-0.0155,0.0316,0.0887,0.1789
2026-06-10,ivy,IEF,-0.1010,-0.0060,-0.0136,-0.0071,0.0398
2026-06-10,ivy,SHY,0.0507,-0.0002,0.0007,0.0082,0.0334
2026-06-10,ivy,VNQ,0.8164,0.0138,0.0693,0.1209,0.1325
2026-06-10,ivy,VTI,0.6386,-0.0080,0.0858,0.0781,0.2357
2026-06-10,faa,AGG,0.0034,-0.0026,-0.0033,0.0043,0.0501
2026-06-10,faa,DBC,0.1258,-0.0571,0.0411,0.3138,0.3969
2026-06-10,faa,EEM,0.2029,-0.0386,0.1095,0.2121,0.4126
2026-06-10,faa,EFA,0.0735,-0.0156,0.0314,0.0886,0.1788
2026-06-10,faa,SHY,0.0124,-0.0002,0.0006,0.0081,0.0333
2026-06-10,faa,SPY,0.1444,-0.0116,0.0834,0.0750,0.2326
2026-06-10,faa,VNQ,0.2041,0.0138,0.0693,0.1209,0.1325
2026-06-10,eaa,DBC,0.1274,-0.0568,0.0414,0.3143,0.3974
2026-06-10,eaa,EEM,0.2025,-0.0387,0.1094,0.2120,0.4125
2026-06-10,eaa,EFA,0.0728,-0.0158,0.0313,0.0884,0.1786
2026-06-10,eaa,GLD,-0.5533,-0.1313,-0.2071,-0.0203,0.2315
2026-06-10,eaa,IEF,-0.0255,-0.0061,-0.0136,-0.0071,0.0397
2026-06-10,eaa,SHY,0.0124,-0.0002,0.0006,0.0081,0.0333
2026-06-10,eaa,SPY,0.1427,-0.0119,0.0830,0.0746,0.2321
2026-06-10,eaa,VNQ,0.2044,0.0138,0.0693,0.1209,0.1326
2026-06-10,laa,GLD,-2.2144,-0.1313,-0.2072,-0.0204,0.2314
2026-06-10,laa,IEF,-0.1040,-0.0062,-0.0137,-0.0072,0.0396
2026-06-10,laa,IWD,1.0203,0.0089,0.0921,0.1417,0.2623
2026-06-10,laa,QQQ,0.9407,-0.0198,0.1520,0.1229,0.3239
2026-06-10,laa,SHY,0.0495,-0.0002,0.0006,0.0081,0.0333
2026-06-10,laa,SPY,0.5632,-0.0123,0.0826,0.0742,0.2316
2026-06-11,daa,BND,0.1405,0.0046,0.0049,0.0089,0.0478
2026-06-11,daa,DBC,-0.0115,-0.0852,0.0045,0.3034,0.3860
2026-06-11,daa,EEM,1.7962,0.0150,0.1731,0.2427,0.4377
2026-06-11,daa,EWJ,0.8310,-0.0070,0.0859,0.1384,0.2941
2026-06-11,daa,GLD,-1.9528,-0.1193,-0.1833,-0.0158,0.2432
2026-06-11,daa,HYG,0.2472,0.0045,0.0213,0.0220,0.0643
2026-06-11,daa,IEF,0.0505,0.0025,-0.0053,-0.0005,0.0433
2026-06-11,daa,IWM,1.6123,0.0220,0.1694,0.1547,0.3608
2026-06-11,daa,LQD,0.2258,0.0073,0.0153,0.0087,0.0601
2026-06-11,daa,QQQ,1.4348,0.0046,0.1911,0.1396,0.3364
2026-06-11,daa,SHY,0.0893,0.0017,0.0036,0.0098,0.0346
2026-06-11,daa,SPY,0.7731,-0.0042,0.1066,0.0823,0.2328
2026-06-11,daa,TLT,0.2132,0.0145,-0.0010,-0.0014,0.0457
2026-06-11,daa,VGK,0.9084,0.0197,0.0714,0.1039,0.1782
2026-06-11,daa,VNQ,0.8188,0.0124,0.0753,0.1237,0.1214
2026-06-11,daa,VWO,0.6322,-0.0114,0.0810,0.1063,0.2328
2026-06-11,vaa,AGG,0.1432,0.0045,0.0046,0.0094,0.0522
2026-06-11,vaa,EEM,1.7745,0.0140,0.1719,0.2414,0.4362
2026-06-11,vaa,EFA,0.7629,0.0071,0.0658,0.1087,0.1974
2026-06-11,vaa,IEF,0.0444,0.0021,-0.0056,-0.0009,0.0430
2026-06-11,vaa,LQD,0.2170,0.0068,0.0148,0.0083,0.0596
2026-06-11,vaa,SHY,0.0870,0.0016,0.0034,0.0097,0.0344
2026-06-11,vaa,SPY,0.7556,-0.0051,0.1056,0.0813,0.2317
2026-06-11,paa,DBC,0.0082,-0.0843,0.0055,0.3048,0.3875
2026-06-11,paa,EEM,1.7776,0.0141,0.1721,0.2416,0.4365
2026-06-11,paa,EWJ,0.8180,-0.0076,0.0852,0.1377,0.2933
2026-06-11,paa,GLD,-1.9638,-0.1198,-0.1838,-0.0164,0.2424
2026-06-11,paa,HYG,0.2436,0.0043,0.0211,0.0218,0.0641
2026-06-11,paa,IEF,0.0444,0.0021,-0.0056,-0.0009,0.0430
2026-06-11,paa,IWM,1.6016,0.0215,0.1688,0.1541,0.3601
2026-06-11,paa,LQD,0.2205,0.0070,0.0150,0.0085,0.0598
2026-06-11,paa,QQQ,1.4171,0.0037,0.1900,0.1386,0.3352
2026-06-11,paa,SHY,0.0870,0.0016,0.0034,0.0097,0.0344
2026-06-11,paa,SPY,0.7634,-0.0047,0.1061,0.0818,0.2322
2026-06-11,paa,TLT,0.2098,0.0143,-0.0011,-0.0015,0.0455
2026-06-11,paa,VGK,0.9006,0.0193,0.0710,0.1035,0.1778
2026-06-11,paa,VNQ,0.8178,0.0124,0.0752,0.1236,0.1214
2026-06-11,baa_g12,DBC,-0.0017,-0.0847,0.0050,0.3041,0.3867
2026-06-11,baa_g12,EEM,1.7888,0.0147,0.1727,0.2423,0.4372
2026-06-11,baa_g12,EWJ,0.8234,-0.0073,0.0855,0.1380,0.2936
2026-06-11,baa_g12,GLD,-1.9589,-0.1196,-0.1836,-0.0161,0.2427
2026-06-11,baa_g12,HYG,0.2467,0.0045,0.0213,0.0219,0.0642
2026-06-11,baa_g12,IEF,0.0484,0.0024,-0.0054,-0.0007,0.0432
2026-06-11,baa_g12,IWM,1.6088,0.0219,0.1692,0.1545,0.3606
2026-06-11,baa_g12,LQD,0.2249,0.0072,0.0152,0.0087,0.0601
2026-06-11,baa_g12,QQQ,1.4224,0.0040,0.1903,0.1389,0.3356
2026-06-11,baa_g12,SHY,0.0858,0.0016,0.0034,0.0096,0.0344
2026-06-11,baa_g12,SPY,0.7661,-0.0046,0.1062,0.0819,0.2324
2026-06-11,baa_g12,TLT,0.2143,0.0146,-0.0009,-0.0013,0.0457
2026-06-11,baa_g12,VGK,0.9062,0.0196,0.0713,0.1038,0.1781
2026-06-11,baa_g12,VNQ,0.8198,0.0125,0.0753,0.1237,0.1215
2026-06-11,baa_g4,AGG,0.1476,0.0047,0.0048,0.0096,0.0524
2026-06-11,baa_g4,EEM,1.7931,0.0149,0.1730,0.2426,0.4375
2026-06-11,baa_g4,EFA,0.7800,0.0080,0.0667,0.1097,0.1984
2026-06-11,baa_g4,IEF,0.0484,0.0024,-0.0054,-0.0007,0.0432
2026-06-11,baa_g4,LQD,0.2240,0.0072,0.0152,0.0086,0.0600
2026-06-11,baa_g4,SHY,0.0870,0.0016,0.0034,0.0097,0.0344
2026-06-11,baa_g4,SPY,0.7685,-0.0045,0.1064,0.0820,0.2325
2026-06-11,gem,AGG,0.0524,0.0047,0.0048,0.0096,0.0524
2026-06-11,gem,EFA,0.1984,0.0080,0.0667,0.1097,0.1984
2026-06-11,gem,SPY,0.2323,-0.0046,0.1061,0.0818,0.2323
2026-06-11,haa,AGG,0.1476,0.0047,0.0048,0.0096,0.0524
2026-06-11,haa,EEM,1.7900,0.0147,0.1728,0.2424,0.4373
2026-06-11,haa,EFA,0.7781,0.0079,0.0666,0.1096,0.1983
2026-06-11,haa,IEF,0.0484,0.0024,-0.0054,-0.0007,0.0432
2026-06-11,haa,LQD,0.2232,0.0071,0.0151,0.0086,0.0600
2026-06-11,haa,SHY,0.0858,0.0016,0.0034,0.0096,0.0344
2026-06-11,haa,SPY,0.7613,-0.0048,0.1059,0.0816,0.2321
2026-06-11,permanent,BIL,0.1436,0.0028,0.0088,0.0178,0.0387
2026-06-11,permanent,GLD,-1.9562,-0.1194,-0.1835,-0.0160,0.2429
2026-06-11,permanent,SPY,0.7645,-0.0047,0.1061,0.0818,0.2323
2026-06-11,permanent,TLT,0.2154,0.0146,-0.0008,-0.0013,0.0458
2026-06-11,all_weather,DBC,-0.0082,-0.0850,0.0047,0.3037,0.3863
2026-06-11,all_weather,GLD,-1.9571,-0.1195,-0.1835,-0.0160,0.2429
2026-06-11,all_weather,IEF,0.0484,0.0024,-0.0054,-0.0007,0.0432
2026-06-11,all_weather,SPY,0.7615,-0.0048,0.1060,0.0817,0.2321
2026-06-11,all_weather,TLT,0.2143,0.0146,-0.0009,-0.0013,0.0457
2026-06-11,golden_butterfly,GLD,-1.9593,-0.1196,-0.1836,-0.0161,0.2427
2026-06-11,golden_butterfly,SHY,0.0862,0.0016,0.0034,0.0097,0.0344
2026-06-11,golden_butterfly,SPY,0.7597,-0.0049,0.1059,0.0816,0.2320
2026-06-11,golden_butterfly,TLT,0.2143,0.0146,-0.0009,-0.0013,0.0457
2026-06-11,golden_butterfly,VBR,1.3347,0.0304,0.1094,0.1383,0.2559
2026-06-11,gtaa,DBC,-0.0082,-0.0850,0.0047,0.3037,0.3863
2026-06-11,gtaa,EFA,0.7762,0.0078,0.0665,0.1095,0.1982
2026-06-11,gtaa,IEF,0.0485,0.0024,-0.0054,-0.0006,0.0432
2026-06-11,gtaa,SHY,0.0862,0.0016,0.0034,0.0097,0.0344
2026-06-11,gtaa,SPY,0.7554,-0.0051,0.1056,0.0813,0.2317
2026-06-11,gtaa,VNQ,0.8198,0.0125,0.0753,0.1237,0.1215
2026-06-11,ivy,DBC,-0.0082,-0.0850,0.0047,0.3037,0.3863
2026-06-11,ivy,EFA,0.7771,0.0078,0.0665,0.1095,0.1982
2026-06-11,ivy,IEF,0.0495,0.0024,-0.0054,-0.0006,0.0433
2026-06-11,ivy,SHY,0.0870,0.0016,0.0034,0.0097,0.0344
2026-06-11,ivy,VNQ,0.8198,0.0125,0.0753,0.1237,0.1215
2026-06-11,ivy,VTI,0.8475,0.0001,0.1099,0.0855,0.2364
2026-06-11,faa,AGG,0.0369,0.0047,0.0048,0.0096,0.0524
2026-06-11,faa,DBC,0.0004,-0.0846,0.0052,0.3043,0.3870
2026-06-11,faa,EEM,0.4475,0.0147,0.1728,0.2424,0.4373
2026-06-11,faa,EFA,0.1950,0.0080,0.0667,0.1097,0.1984
2026-06-11,faa,SHY,0.0217,0.0016,0.0034,0.0097,0.0344
2026-06-11,faa,SPY,0.1900,-0.0049,0.1059,0.0816,0.2320
2026-06-11,faa,VNQ,0.2055,0.0126,0.0754,0.1238,0.1216
2026-06-11,eaa,DBC,-0.0012,-0.0849,0.0049,0.3039,0.3865
2026-06-11,eaa,EEM,0.4475,0.0147,0.1728,0.2424,0.4373
2026-06-11,eaa,EFA,0.1957,0.0081,0.0668,0.1099,0.1986
2026-06-11,eaa,GLD,-0.4881,-0.1193,-0.1833,-0.0157,0.2432
2026-06-11,eaa,IEF,0.0134,0.0026,-0.0052,-0.0004,0.0435
2026-06-11,eaa,SHY,0.0217,0.0016,0.0034,0.0097,0.0344
2026-06-11,eaa,SPY,0.1916,-0.0046,0.1062,0.0819,0.2324
2026-06-11,eaa,VNQ,0.2067,0.0128,0.0757,0.1241,0.1219
2026-06-11,laa,GLD,-1.9443,-0.1188,-0.1829,-0.0153,0.2438
2026-06-11,laa,IEF,0.0535,0.0026,-0.0052,-0.0004,0.0435
2026-06-11,laa,IWD,1.3116,0.0212,0.1184,0.1563,0.2707
2026-06-11,laa,QQQ,1.4230,0.0040,0.1904,0.1389,0.3356
2026-06-11,laa,SHY,0.0882,0.0017,0.0035,0.0098,0.0345
2026-06-11,laa,SPY,0.7650,-0.0046,0.1062,0.0818,0.2323
2026-06-12,daa,BND,0.1314,0.0043,0.0059,0.0060,0.0445
2026-06-12,daa,DBC,-0.1863,-0.0889,-0.0045,0.2772,0.3447
2026-06-12,daa,EEM,1.8903,0.0118,0.1973,0.2510,0.4573
2026-06-12,daa,EWJ,1.0341,-0.0028,0.1136,0.1477,0.3178
2026-06-12,daa,GLD,-1.5818,-0.0996,-0.1589,-0.0037,0.2569
2026-06-12,daa,HYG,0.2749,0.0057,0.0250,0.0203,0.0663
2026-06-12,daa,IEF,0.0358,0.0020,-0.0047,-0.0042,0.0386
2026-06-12,daa,IWM,1.9712,0.0402,0.1945,0.1599,0.3912
2026-06-12,daa,LQD,0.2304,0.0072,0.0195,0.0046,0.0573
2026-06-12,daa,QQQ,1.6847,0.0113,0.2189,0.1546,0.3642
2026-06-12,daa,SHY,0.0809,0.0016,0.0031,0.0083,0.0331
2026-06-12,daa,SPY,0.9025,-0.0007,0.1231,0.0850,0.2477
2026-06-12,daa,TLT,0.2147,0.0149,0.0022,-0.0070,0.0406
2026-06-12,daa,VGK,1.0631,0.0237,0.0966,0.1009,0.1908
2026-06-12,daa,VNQ,1.0088,0.0259,0.0788,0.1251,0.1331
2026-06-12,daa,VWO,0.8103,-0.0062,0.1027,0.1133,0.2468
2026-06-12,vaa,AGG,0.1372,0.0044,0.0057,0.0065,0.0489
2026-06-12,vaa,EEM,1.8888,0.0118,0.1972,0.2509,0.4572
2026-06-12,vaa,EFA,0.9545,0.0127,0.0919,0.1101,0.2142
2026-06-12,vaa,IEF,0.0368,0.0021,-0.0047,-0.0041,0.0386
2026-06-12,vaa,LQD,0.2304,0.0072,0.0195,0.0046,0.0573
2026-06-12,vaa,SHY,0.0809,0.0016,0.0031,0.0083,0.0331
2026-06-12,vaa,SPY,0.8987,-0.0008,0.1229,0.0848,0.2475
2026-06-12,paa,DBC,-0.1863,-0.0889,-0.0045,0.2772,0.3447
2026-06-12,paa,EEM,1.8842,0.0115,0.1969,0.2506,0.4569
2026-06-12,paa,EWJ,1.0298,-0.0030,0.1134,0.1475,0.3175
2026-06-12,paa,GLD,-1.5865,-0.0999,-0.1591,-0.0040,0.2566
2026-06-12,paa,HYG,0.2749,0.0057,0.0250,0.0203,0.0663
2026-06-12,paa,IEF,0.0366,0.0021,-0.0047,-0.0041,0.0386
2026-06-12,paa,IWM,1.9705,0.0402,0.1945,0.1598,0.3911
2026-06-12,paa,LQD,0.2295,0.0071,0.0194,0.0045,0.0572
2026-06-12,paa,QQQ,1.6816,0.0112,0.2187,0.1544,0.3639
2026-06-12,paa,SHY,0.0809,0.0016,0.0031,0.0083,0.0331
2026-06-12,paa,SPY,0.8995,-0.0008,0.1230,0.0849,0.2475
2026-06-12,paa,TLT,0.2158,0.0150,0.0023,-0.0069,0.0407
2026-06-12,paa,VGK,1.0654,0.0238,0.0967,0.1010,0.1909
2026-06-12,paa,VNQ,1.0180,0.0263,0.0793,0.1256,0.1336
2026-06-12,baa_g12,DBC,-0.1863,-0.0889,-0.0045,0.2772,0.3447
2026-06-12,baa_g12,EEM,1.8888,0.0118,0.1972,0.2509,0.4572
2026-06-12,baa_g12,EWJ,1.0320,-0.0029,0.1135,0.1476,0.3177
2026-06-12,baa_g12,GLD,-1.5834,-0.0997,-0.1590,-0.0038,0.2568
2026-06-12,baa_g12,HYG,0.2737,0.0056,0.0249,0.0202,0.0663
2026-06-12,baa_g12,IEF,0.0358,0.0020,-0.0047,-0.0042,0.0386
2026-06-12,baa_g12,IWM,1.9733,0.0403,0.1946,0.1600,0.3913
2026-06-12,baa_g12,LQD,0.2312,0.0072,0.0195,0.0046,0.0573
2026-06-12,baa_g12,QQQ,1.6836,0.0112,0.2189,0.1545,0.3641
2026-06-12,baa_g12,SHY,0.0809,0.0016,0.0031,0.0083,0.0331
2026-06-12,baa_g12,SPY,0.9026,-0.0007,0.1232,0.0851,0.2477
2026-06-12,baa_g12,TLT,0.2169,0.0151,0.0023,-0.0069,0.0408
2026-06-12,baa_g12,VGK,1.0654,0.0238,0.0967,0.1010,0.1909
2026-06-12,baa_g12,VNQ,1.0180,0.0263,0.0793,0.1256,0.1336
2026-06-12,baa_g4,AGG,0.1369,0.0044,0.0057,0.0064,0.0489
2026-06-12,baa_g4,EEM,1.8888,0.0118,0.1972,0.2509,0.4572
2026-06-12,baa_g4,EFA,0.9545,0.0127,0.0919,0.1101,0.2142
2026-06-12,baa_g4,IEF,0.0358,0.0020,-0.0047,-0.0042,0.0386
2026-06-12,baa_g4,LQD,0.2304,0.0072,0.0195,0.0046,0.0573
2026-06-12,baa_g4,SHY,0.0809,0.0016,0.0031,0.0083,0.0331
2026-06-12,baa_g4,SPY,0.9022,-0.0007,0.1231,0.0850,0.2477
2026-06-12,gem,AGG,0.0489,0.0044,0.0057,0.0064,0.0489
2026-06-12,gem,EFA,0.2140,0.0126,0.0918,0.1100,0.2140
2026-06-12,gem,SPY,0.2475,-0.0009,0.1229,0.0848,0.2475
2026-06-12,haa,AGG,0.1369,0.0044,0.0057,0.0064,0.0489
2026-06-12,haa,EEM,1.8857,0.0116,0.1970,0.2507,0.4570
2026-06-12,haa,EFA,0.9526,0.0126,0.0918,0.1100,0.2140
2026-06-12,haa,IEF,0.0358,0.0020,-0.0047,-0.0042,0.0386
2026-06-12,haa,LQD,0.2307,0.0072,0.0195,0.0046,0.0573
2026-06-12,haa,SHY,0.0809,0.0016,0.0031,0.0083,0.0331
2026-06-12,haa,SPY,0.8998,-0.0008,0.1230,0.0849,0.2475
2026-06-12,permanent,BIL,0.1475,0.0031,0.0088,0.0181,0.0390
2026-06-12,permanent,GLD,-1.5825,-0.0997,-0.1589,-0.0038,0.2569
2026-06-12,permanent,SPY,0.8974,-0.0009,0.1229,0.0848,0.2474
2026-06-12,permanent,TLT,0.2158,0.0150,0.0023,-0.0069,0.0407
2026-06-12,all_weather,DBC,-0.1863,-0.0889,-0.0045,0.2772,0.3447
2026-06-12,all_weather,GLD,-1.5825,-0.0997,-0.1589,-0.0038,0.2569
2026-06-12,all_weather,IEF,0.0358,0.0020,-0.0047,-0.0042,0.0386
2026-06-12,all_weather,SPY,0.9006,-0.0008,0.1230,0.0849,0.2476
2026-06-12,all_weather,TLT,0.2153,0.0150,0.0022,-0.0070,0.0407
2026-06-12,golden_butterfly,GLD,-1.5812,-0.0996,-0.1589,-0.0037,0.2570
2026-06-12,golden_butterfly,SHY,0.0809,0.0016,0.0031,0.0083,0.0331
2026-06-12,golden_butterfly,SPY,0.9006,-0.0008,0.1230,0.0849,0.2476
2026-06-12,golden_butterfly,TLT,0.2163,0.0150,0.0023,-0.0069,0.0407
2026-06-12,golden_butterfly,VBR,1.6486,0.0501,0.1264,0.1313,0.2794
2026-06-12,gtaa,DBC,-0.1863,-0.0889,-0.0045,0.2772,0.3447
2026-06-12,gtaa,EFA,0.9554,0.0128,0.0920,0.1101,0.2142
2026-06-12,gtaa,IEF,0.0358,0.0020,-0.0047,-0.0042,0.0386
2026-06-12,gtaa,SHY,0.0809,0.0016,0.0031,0.0083,0.0331
2026-06-12,gtaa,SPY,0.9051,-0.0005,0.1233,0.0852,0.2479
2026-06-12,gtaa,VNQ,1.0190,0.0264,0.0793,0.1257,0.1336
2026-06-12,ivy,DBC,-0.1863,-0.0889,-0.0045,0.2772,0.3447
2026-06-12,ivy,EFA,0.9526,0.0126,0.0918,0.1100,0.2140
2026-06-12,ivy,IEF,0.0338,0.0019,-0.0048,-0.0043,0.0385
2026-06-12,ivy,SHY,0.0809,0.0016,0.0031,0.0083,0.0331
2026-06-12,ivy,VNQ,1.0210,0.0265,0.0794,0.1258,0.1337
2026-06-12,ivy,VTI,1.0082,0.0055,0.1279,0.0890,0.2529
2026-06-12,faa,AGG,0.0340,0.0043,0.0056,0.0064,0.0489
2026-06-12,faa,DBC,-0.0466,-0.0889,-0.0045,0.2772,0.3447
2026-06-12,faa,EEM,0.4745,0.0122,0.1977,0.2514,0.4579
2026-06-12,faa,EFA,0.2389,0.0128,0.0920,0.1101,0.2142
2026-06-12,faa,SHY,0.0202,0.0016,0.0031,0.0083,0.0331
2026-06-12,faa,SPY,0.2274,-0.0003,0.1235,0.0854,0.2482
2026-06-12,faa,VNQ,0.2547,0.0264,0.0793,0.1257,0.1336
2026-06-12,eaa,DBC,-0.0441,-0.0885,-0.0040,0.2779,0.3454
2026-06-12,eaa,EEM,0.4749,0.0123,0.1978,0.2515,0.4580
2026-06-12,eaa,EFA,0.2389,0.0128,0.0920,0.1101,0.2142
2026-06-12,eaa,GLD,-0.3947,-0.0995,-0.1588,-0.0035,0.2572
2026-06-12,eaa,IEF,0.0084,0.0019,-0.0048,-0.0043,0.0385
2026-06-12,eaa,SHY,0.0202,0.0016,0.0031,0.0083,0.0331
2026-06-12,eaa,SPY,0.2266,-0.0005,0.1234,0.0853,0.2480
2026-06-12,eaa,VNQ,0.2550,0.0264,0.0794,0.1258,0.1337
2026-06-12,laa,GLD,-1.5762,-0.0993,-0.1586,-0.0034,0.2574
2026-06-12,laa,IEF,0.0338,0.0019,-0.0048,-0.0043,0.0385
2026-06-12,laa,IWD,1.5418,0.0335,0.1338,0.1568,0.2903
2026-06-12,laa,QQQ,1.6939,0.0118,0.2195,0.1551,0.3648
2026-06-12,laa,SHY,0.0809,0.0016,0.0031,0.0083,0.0331
2026-06-12,laa,SPY,0.9097,-0.0003,0.1236,0.0854,0.2482
2026-06-15,daa,BND,0.1338,0.0055,0.0031,0.0070,0.0416
2026-06-15,daa,DBC,-0.2992,-0.0945,-0.0037,0.2616,0.3270
2026-06-15,daa,EEM,2.3684,0.0399,0.2002,0.2950,0.4990
2026-06-15,daa,EWJ,1.4506,0.0280,0.1124,0.1657,0.3337
2026-06-15,daa,GLD,-1.1260,-0.0716,-0.1386,0.0086,0.2704
2026-06-15,daa,HYG,0.2966,0.0078,0.0231,0.0218,0.0666
2026-06-15,daa,IEF,0.0431,0.0038,-0.0080,-0.0031,0.0353
2026-06-15,daa,IWM,1.9159,0.0381,0.1884,0.1513,0.4027
2026-06-15,daa,LQD,0.2342,0.0088,0.0156,0.0070,0.0524
2026-06-15,daa,QQQ,2.1389,0.0330,0.2400,0.1916,0.4000
2026-06-15,daa,SHY,0.0871,0.0023,0.0023,0.0086,0.0327
2026-06-15,daa,SPY,1.1043,0.0091,0.1316,0.1018,0.2649
2026-06-15,daa,TLT,0.1683,0.0141,-0.0049,-0.0051,0.0289
2026-06-15,daa,VGK,1.0356,0.0280,0.0815,0.0956,0.1830
2026-06-15,daa,VNQ,0.9092,0.0257,0.0633,0.1134,0.1207
2026-06-15,daa,VWO,1.1531,0.0148,0.1059,0.1396,0.2732
2026-06-15,vaa,AGG,0.1380,0.0056,0.0026,0.0072,0.0460
2026-06-15,vaa,EEM,2.3638,0.0397,0.1999,0.2947,0.4987
2026-06-15,vaa,EFA,1.0038,0.0219,0.0777,0.1096,0.2114
2026-06-15,vaa,IEF,0.0425,0.0038,-0.0080,-0.0032,0.0353
2026-06-15,vaa,LQD,0.2333,0.0087,0.0155,0.0069,0.0524
2026-06-15,vaa,SHY,0.0852,0.0022,0.0022,0.0085,0.0325
2026-06-15,vaa,SPY,1.1019,0.0090,0.1314,0.1016,0.2647
2026-06-15,paa,DBC,-0.2926,-0.0942,-0.0034,0.2620,0.3275
2026-06-15,paa,EEM,2.3638,0.0397,0.1999,0.2947,0.4987
2026-06-15,paa,EWJ,1.4454,0.0277,0.1122,0.1654,0.3333
2026-06-15,paa,GLD,-1.1287,-0.0717,-0.1387,0.0084,0.2702
2026-06-15,paa,HYG,0.2966,0.0078,0.0231,0.0218,0.0666
2026-06-15,paa,IEF,0.0431,0.0038,-0.0080,-0.0031,0.0353
2026-06-15,paa,IWM,1.9134,0.0380,0.1882,0.1512,0.4025
2026-06-15,paa,LQD,0.2333,0.0087,0.0155,0.0069,0.0524
2026-06-15,paa,QQQ,2.1304,0.0326,0.2395,0.1911,0.3994
2026-06-15,paa,SHY,0.0852,0.0022,0.0022,0.0085,0.0325
2026-06-15,paa,SPY,1.0979,0.0088,0.1312,0.1014,0.2645
2026-06-15,paa,TLT,0.1649,0.0139,-0.0051,-0.0052,0.0288
2026-06-15,paa,VGK,1.0312,0.0277,0.0812,0.0954,0.1828
2026-06-15,paa,VNQ,0.9051,0.0255,0.0631,0.1132,0.1204
2026-06-15,baa_g12,DBC,-0.2926,-0.0942,-0.0034,0.2620,0.3275
2026-06-15,baa_g12,EEM,2.3546,0.0392,0.1994,0.2942,0.4981
2026-06-15,baa_g12,EWJ,1.4465,0.0278,0.1122,0.1655,0.3334
2026-06-15,baa_g12,GLD,-1.1289,-0.0718,-0.1387,0.0084,0.2702
2026-06-15,baa_g12,HYG,0.2954,0.0078,0.0231,0.0217,0.0665
2026-06-15,baa_g12,IEF,0.0431,0.0038,-0.0080,-0.0031,0.0353
2026-06-15,baa_g12,IWM,1.9138,0.0380,0.1883,0.1512,0.4026
2026-06-15,baa_g12,LQD,0.2333,0.0087,0.0155,0.0069,0.0524
2026-06-15,baa_g12,QQQ,2.1318,0.0326,0.2396,0.1912,0.3995
2026-06-15,baa_g12,SHY,0.0869,0.0023,0.0023,0.0086,0.0326
2026-06-15,baa_g12,SPY,1.0992,0.0089,0.1313,0.1015,0.2645
2026-06-15,baa_g12,TLT,0.1649,0.0139,-0.0051,-0.0052,0.0288
2026-06-15,baa_g12,VGK,1.0323,0.0278,0.0813,0.0954,0.1828
2026-06-15,baa_g12,VNQ,0.9051,0.0255,0.0631,0.1132,0.1204
2026-06-15,baa_g4,AGG,0.1370,0.0055,0.0026,0.0071,0.0460
2026-06-15,baa_g4,EEM,2.3546,0.0392,0.1994,0.2942,0.4981
2026-06-15,baa_g4,EFA,1.0018,0.0218,0.0776,0.1094,0.2113
2026-06-15,baa_g4,IEF,0.0431,0.0038,-0.0080,-0.0031,0.0353
2026-06-15,baa_g4,LQD,0.2351,0.0088,0.0156,0.0070,0.0525
2026-06-15,baa_g4,SHY,0.0875,0.0023,0.0023,0.0086,0.0327
2026-06-15,baa_g4,SPY,1.0992,0.0089,0.1313,0.1015,0.2645
2026-06-15,gem,AGG,0.0460,0.0056,0.0026,0.0072,0.0460
2026-06-15,gem,EFA,0.2116,0.0220,0.0779,0.1097,0.2116
2026-06-15,gem,SPY,0.2646,0.0089,0.1313,0.1015,0.2646
2026-06-15,haa,AGG,0.1380,0.0056,0.0026,0.0072,0.0460
2026-06-15,haa,EEM,2.3561,0.0393,0.1995,0.2943,0.4982
2026-06-15,haa,EFA,1.0066,0.0220,0.0779,0.1097,0.2116
2026-06-15,haa,IEF,0.0431,0.0038,-0.0080,-0.0031,0.0353
2026-06-15,haa,LQD,0.2351,0.0088,0.0156,0.0070,0.0525
2026-06-15,haa,SHY,0.0875,0.0023,0.0023,0.0086,0.0327
2026-06-15,haa,SPY,1.0997,0.0089,0.1313,0.1015,0.2646
2026-06-15,permanent,BIL,0.1460,0.0030,0.0088,0.0181,0.0390
2026-06-15,permanent,GLD,-1.1242,-0.0715,-0.1385,0.0087,0.2705
2026-06-15,permanent,SPY,1.1008,0.0090,0.1314,0.1016,0.2646
2026-06-15,permanent,TLT,0.1694,0.0142,-0.0049,-0.0050,0.0290
2026-06-15,all_weather,DBC,-0.2926,-0.0942,-0.0034,0.2620,0.3275
2026-06-15,all_weather,GLD,-1.1201,-0.0713,-0.1383,0.0089,0.2708
2026-06-15,all_weather,IEF,0.0451,0.0039,-0.0079,-0.0030,0.0354
2026-06-15,all_weather,SPY,1.1039,0.0091,0.1316,0.1017,0.2648
2026-06-15,all_weather,TLT,0.1705,0.0142,-0.0048,-0.0050,0.0291
2026-06-15,golden_butterfly,GLD,-1.1217,-0.0714,-0.1384,0.0088,0.2707
2026-06-15,golden_butterfly,SHY,0.0863,0.0023,0.0023,0.0086,0.0326
2026-06-15,golden_butterfly,SPY,1.1035,0.0091,0.1315,0.1017,0.2648
2026-06-15,golden_butterfly,TLT,0.1716,0.0143,-0.0047,-0.0049,0.0291
2026-06-15,golden_butterfly,VBR,1.5571,0.0459,0.1214,0.1197,0.2807
2026-06-15,gtaa,DBC,-0.2926,-0.0942,-0.0034,0.2620,0.3275
2026-06-15,gtaa,EFA,1.0095,0.0222,0.0780,0.1099,0.2118
2026-06-15,gtaa,IEF,0.0459,0.0040,-0.0079,-0.0030,0.0354
2026-06-15,gtaa,SHY,0.0863,0.0023,0.0023,0.0086,0.0326
2026-06-15,gtaa,SPY,1.1053,0.0092,0.1316,0.1018,0.2649
2026-06-15,gtaa,VNQ,0.8990,0.0252,0.0628,0.1128,0.1201
2026-06-15,ivy,DBC,-0.2926,-0.0942,-0.0034,0.2620,0.3275
2026-06-15,ivy,EFA,1.0095,0.0222,0.0780,0.1099,0.2118
2026-06-15,ivy,IEF,0.0459,0.0040,-0.0079,-0.0030,0.0354
2026-06-15,ivy,SHY,0.0863,0.0023,0.0023,0.0086,0.0326
2026-06-15,ivy,VNQ,0.8980,0.0251,0.0627,0.1128,0.1200
2026-06-15,ivy,VTI,1.1896,0.0145,0.1349,0.1032,0.2695
2026-06-15,faa,AGG,0.0347,0.0056,0.0027,0.0072,0.0461
2026-06-15,faa,DBC,-0.0731,-0.0942,-0.0034,0.2620,0.3275
2026-06-15,faa,EEM,0.5906,0.0396,0.1998,0.2946,0.4986
2026-06-15,faa,EFA,0.2521,0.0221,0.0780,0.1098,0.2117
2026-06-15,faa,SHY,0.0216,0.0023,0.0023,0.0086,0.0326
2026-06-15,faa,SPY,0.2760,0.0091,0.1316,0.1017,0.2648
2026-06-15,faa,VNQ,0.2240,0.0250,0.0626,0.1127,0.1199
2026-06-15,eaa,DBC,-0.0731,-0.0942,-0.0034,0.2620,0.3275
2026-06-15,eaa,EEM,0.5906,0.0396,0.1998,0.2946,0.4986
2026-06-15,eaa,EFA,0.2524,0.0222,0.0780,0.1099,0.2118
2026-06-15,eaa,GLD,-0.2807,-0.0714,-0.1384,0.0088,0.2706
2026-06-15,eaa,IEF,0.0115,0.0040,-0.0079,-0.0030,0.0355
2026-06-15,eaa,SHY,0.0216,0.0023,0.0023,0.0086,0.0326
2026-06-15,eaa,SPY,0.2763,0.0092,0.1316,0.1018,0.2649
2026-06-15,eaa,VNQ,0.2240,0.0250,0.0626,0.1127,0.1199
2026-06-15,laa,GLD,-1.1224,-0.0714,-0.1384,0.0088,0.2707
2026-06-15,laa,IEF,0.0451,0.0039,-0.0079,-0.0030,0.0354
2026-06-15,laa,IWD,1.6684,0.0420,0.1355,0.1612,0.3005
2026-06-15,laa,QQQ,2.1369,0.0329,0.2399,0.1915,0.3999
2026-06-15,laa,SHY,0.0863,0.0023,0.0023,0.0086,0.0326
2026-06-15,laa,SPY,1.1048,0.0092,0.1316,0.1018,0.2649
2026-06-16,daa,BND,0.2421,0.0132,0.0029,0.0120,0.0474
2026-06-16,daa,DBC,-0.6154,-0.1064,-0.0309,0.2569,0.2719
2026-06-16,daa,EEM,2.5398,0.0622,0.1765,0.2925,0.5026
2026-06-16,daa,EWJ,1.6114,0.0397,0.1129,0.1693,0.3454
2026-06-16,daa,GLD,-0.8052,-0.0456,-0.1328,0.0071,0.2592
2026-06-16,daa,HYG,0.3409,0.0126,0.0183,0.0235,0.0696
2026-06-16,daa,IEF,0.1975,0.0148,-0.0069,0.0025,0.0421
2026-06-16,daa,IWM,2.1367,0.0578,0.1743,0.1627,0.4208
2026-06-16,daa,LQD,0.3336,0.0166,0.0113,0.0145,0.0602
2026-06-16,daa,QQQ,2.0640,0.0338,0.2164,0.1975,0.3976
2026-06-16,daa,SHY,0.1068,0.0038,0.0025,0.0087,0.0337
2026-06-16,daa,SPY,1.1835,0.0167,0.1234,0.1085,0.2732
2026-06-16,daa,TLT,0.4953,0.0360,-0.0012,0.0111,0.0457
2026-06-16,daa,VGK,1.3369,0.0505,0.0792,0.1053,0.2040
2026-06-16,daa,VNQ,1.1137,0.0424,0.0600,0.1161,0.1330
2026-06-16,daa,VWO,1.2925,0.0311,0.0904,0.1390,0.2802
2026-06-16,vaa,AGG,0.2551,0.0140,0.0026,0.0123,0.0519
2026-06-16,vaa,EEM,2.5367,0.0620,0.1763,0.2923,0.5023
2026-06-16,vaa,EFA,1.2938,0.0427,0.0782,0.1190,0.2311
2026-06-16,vaa,IEF,0.1977,0.0148,-0.0069,0.0025,0.0422
2026-06-16,vaa,LQD,0.3332,0.0166,0.0113,0.0145,0.0602
2026-06-16,vaa,SHY,0.1078,0.0039,0.0025,0.0088,0.0337
2026-06-16,vaa,SPY,1.1833,0.0166,0.1233,0.1085,0.2732
2026-06-16,paa,DBC,-0.6154,-0.1064,-0.0309,0.2569,0.2719
2026-06-16,paa,EEM,2.5414,0.0623,0.1765,0.2926,0.5027
2026-06-16,paa,EWJ,1.6114,0.0397,0.1129,0.1693,0.3454
2026-06-16,paa,GLD,-0.8045,-0.0456,-0.1328,0.0072,0.2592
2026-06-16,paa,HYG,0.3409,0.0126,0.0183,0.0235,0.0696
2026-06-16,paa,IEF,0.1968,0.0148,-0.0069,0.0024,0.0421
2026-06-16,paa,IWM,2.1360,0.0577,0.1743,0.1626,0.4208
2026-06-16,paa,LQD,0.3332,0.0166,0.0113,0.0145,0.0602
2026-06-16,paa,QQQ,2.0681,0.0340,0.2166,0.1977,0.3978
2026-06-16,paa,SHY,0.1078,0.0039,0.0025,0.0088,0.0337
2026-06-16,paa,SPY,1.1808,0.0165,0.1232,0.1084,0.2730
2026-06-16,paa,TLT,0.4954,0.0360,-0.0012,0.0111,0.0457
2026-06-16,paa,VGK,1.3380,0.0505,0.0792,0.1054,0.2041
2026-06-16,paa,VNQ,1.1096,0.0422,0.0597,0.1159,0.1328
2026-06-16,baa_g12,DBC,-0.6154,-0.1064,-0.0309,0.2569,0.2719
2026-06-16,baa_g12,EEM,2.5398,0.0622,0.1765,0.2925,0.5026
2026-06-16,baa_g12,EWJ,1.6114,0.0397,0.1129,0.1693,0.3454
2026-06-16,baa_g12,GLD,-0.8055,-0.0456,-0.1329,0.0071,0.2591
2026-06-16,baa_g12,HYG,0.3409,0.0126,0.0183,0.0235,0.0696
2026-06-16,baa_g12,IEF,0.1968,0.0148,-0.0069,0.0024,0.0421
2026-06-16,baa_g12,IWM,2.1381,0.0578,0.1744,0.1628,0.4209
2026-06-16,baa_g12,LQD,0.3332,0.0166,0.0113,0.0145,0.0602
2026-06-16,baa_g12,QQQ,2.0672,0.0340,0.2165,0.1976,0.3978
2026-06-16,baa_g12,SHY,0.1068,0.0038,0.0025,0.0087,0.0337
2026-06-16,baa_g12,SPY,1.1808,0.0165,0.1232,0.1084,0.2730
2026-06-16,baa_g12,TLT,0.4965,0.0361,-0.0012,0.0112,0.0457
2026-06-16,baa_g12,VGK,1.3369,0.0505,0.0792,0.1053,0.2040
2026-06-16,baa_g12,VNQ,1.1065,0.0420,0.0596,0.1157,0.1326
2026-06-16,baa_g4,AGG,0.2551,0.0140,0.0026,0.0123,0.0519
2026-06-16,baa_g4,EEM,2.5387,0.0621,0.1764,0.2925,0.5025
2026-06-16,baa_g4,EFA,1.2933,0.0426,0.0781,0.1190,0.2311
2026-06-16,baa_g4,IEF,0.1968,0.0148,-0.0069,0.0024,0.0421
2026-06-16,baa_g4,LQD,0.3332,0.0166,0.0113,0.0145,0.0602
2026-06-16,baa_g4,SHY,0.1068,0.0038,0.0025,0.0087,0.0337
2026-06-16,baa_g4,SPY,1.1816,0.0166,0.1232,0.1084,0.2731
2026-06-16,gem,AGG,0.0519,0.0140,0.0026,0.0123,0.0519
2026-06-16,gem,EFA,0.2311,0.0426,0.0781,0.1190,0.2311
2026-06-16,gem,SPY,0.2731,0.0166,0.1232,0.1084,0.2731
2026-06-16,haa,AGG,0.2551,0.0140,0.0026,0.0123,0.0519
2026-06-16,haa,EEM,2.5398,0.0622,0.1765,0.2925,0.5026
2026-06-16,haa,EFA,1.2916,0.0426,0.0781,0.1189,0.2310
2026-06-16,haa,IEF,0.1968,0.0148,-0.0069,0.0024,0.0421
2026-06-16,haa,LQD,0.3332,0.0166,0.0113,0.0145,0.0602
2026-06-16,haa,SHY,0.1068,0.0038,0.0025,0.0087,0.0337
2026-06-16,haa,SPY,1.1838,0.0167,0.1234,0.1086,0.2732
2026-06-16,permanent,BIL,0.1433,0.0028,0.0088,0.0177,0.0386
2026-06-16,permanent,GLD,-0.8034,-0.0455,-0.1328,0.0072,0.2593
2026-06-16,permanent,SPY,1.1853,0.0167,0.1234,0.1086,0.2733
2026-06-16,permanent,TLT,0.4987,0.0362,-0.0011,0.0113,0.0459
2026-06-16,all_weather,DBC,-0.6150,-0.1064,-0.0309,0.2569,0.2719
2026-06-16,all_weather,GLD,-0.8018,-0.0454,-0.1327,0.0073,0.2594
2026-06-16,all_weather,IEF,0.1961,0.0148,-0.0070,0.0024,0.0421
2026-06-16,all_weather,SPY,1.1834,0.0166,0.1233,0.1085,0.2732
2026-06-16,all_weather,TLT,0.4980,0.0362,-0.0011,0.0112,0.0458
2026-06-16,golden_butterfly,GLD,-0.7997,-0.0453,-0.1326,0.0074,0.2595
2026-06-16,golden_butterfly,SHY,0.1068,0.0038,0.0025,0.0087,0.0337
2026-06-16,golden_butterfly,SPY,1.1846,0.0167,0.1234,0.1086,0.2733
2026-06-16,golden_butterfly,TLT,0.4980,0.0362,-0.0011,0.0112,0.0458
2026-06-16,golden_butterfly,VBR,1.7163,0.0603,0.1099,0.1277,0.2976
2026-06-16,gtaa,DBC,-0.6150,-0.1064,-0.0309,0.2569,0.2719
2026-06-16,gtaa,EFA,1.2964,0.0428,0.0783,0.1191,0.2313
2026-06-16,gtaa,IEF,0.1978,0.0148,-0.0069,0.0025,0.0422
2026-06-16,gtaa,SHY,0.1068,0.0038,0.0025,0.0087,0.0337
2026-06-16,gtaa,SPY,1.1872,0.0168,0.1236,0.1087,0.2734
2026-06-16,gtaa,VNQ,1.1075,0.0421,0.0596,0.1158,0.1327
2026-06-16,ivy,DBC,-0.6150,-0.1064,-0.0309,0.2569,0.2719
2026-06-16,ivy,EFA,1.2972,0.0428,0.0784,0.1192,0.2313
2026-06-16,ivy,IEF,0.1978,0.0148,-0.0069,0.0025,0.0422
2026-06-16,ivy,SHY,0.1068,0.0038,0.0025,0.0087,0.0337
2026-06-16,ivy,VNQ,1.1086,0.0421,0.0597,0.1159,0.1328
2026-06-16,ivy,VTI,1.2857,0.0232,0.1263,0.1113,0.2793
2026-06-16,faa,AGG,0.0640,0.0141,0.0027,0.0124,0.0519
2026-06-16,faa,DBC,-0.1537,-0.1064,-0.0309,0.2569,0.2719
2026-06-16,faa,EEM,0.6404,0.0633,0.1777,0.2938,0.5041
2026-06-16,faa,EFA,0.3253,0.0430,0.0786,0.1194,0.2316
2026-06-16,faa,SHY,0.0273,0.0039,0.0026,0.0089,0.0338
2026-06-16,faa,SPY,0.2984,0.0172,0.1239,0.1091,0.2738
2026-06-16,faa,VNQ,0.2771,0.0421,0.0597,0.1159,0.1328
2026-06-16,eaa,DBC,-0.1537,-0.1064,-0.0309,0.2569,0.2719
2026-06-16,eaa,EEM,0.6420,0.0636,0.1780,0.2942,0.5045
2026-06-16,eaa,EFA,0.3255,0.0431,0.0786,0.1194,0.2316
2026-06-16,eaa,GLD,-0.1982,-0.0450,-0.1323,0.0078,0.2600
2026-06-16,eaa,IEF,0.0497,0.0149,-0.0068,0.0025,0.0422
2026-06-16,eaa,SHY,0.0273,0.0039,0.0026,0.0089,0.0338
2026-06-16,eaa,SPY,0.2976,0.0170,0.1237,0.1089,0.2736
2026-06-16,eaa,VNQ,0.2753,0.0417,0.0593,0.1155,0.1324
2026-06-16,laa,GLD,-0.7933,-0.0450,-0.1323,0.0078,0.2600
2026-06-16,laa,IEF,0.1988,0.0149,-0.0068,0.0025,0.0422
2026-06-16,laa,IWD,1.7635,0.0519,0.1263,0.1631,0.3093
2026-06-16,laa,QQQ,2.0925,0.0352,0.2180,0.1991,0.3995
2026-06-16,laa,SHY,0.1091,0.0039,0.0026,0.0089,0.0338
2026-06-16,laa,SPY,1.1904,0.0170,0.1237,0.1089,0.2736
2026-06-17,daa,BND,0.2204,0.0115,0.0046,0.0084,0.0469
2026-06-17,daa,DBC,-0.7329,-0.1119,-0.0478,0.2630,0.2747
2026-06-17,daa,EEM,2.8996,0.0763,0.2148,0.3115,0.5017
2026-06-17,daa,EWJ,1.9353,0.0555,0.1404,0.1731,0.3610
2026-06-17,daa,GLD,-0.6814,-0.0469,-0.1033,0.0076,0.2791
2026-06-17,daa,HYG,0.3212,0.0102,0.0222,0.0216,0.0661
2026-06-17,daa,IEF,0.1636,0.0122,-0.0054,-0.0014,0.0420
2026-06-17,daa,IWM,2.3548,0.0673,0.1972,0.1751,0.4086
2026-06-17,daa,LQD,0.3259,0.0158,0.0141,0.0106,0.0592
2026-06-17,daa,QQQ,2.1093,0.0349,0.2295,0.1995,0.3738
2026-06-17,daa,SHY,0.0850,0.0022,0.0031,0.0070,0.0326
2026-06-17,daa,SPY,1.1511,0.0125,0.1338,0.1050,0.2552
2026-06-17,daa,TLT,0.4844,0.0342,0.0015,0.0074,0.0532
2026-06-17,daa,VGK,1.2471,0.0363,0.1025,0.1000,0.2017
2026-06-17,daa,VNQ,0.7567,0.0165,0.0615,0.0978,0.1170
2026-06-17,daa,VWO,1.4733,0.0359,0.1175,0.1486,0.2752
2026-06-17,vaa,AGG,0.2268,0.0116,0.0044,0.0089,0.0515
2026-06-17,vaa,EEM,2.8949,0.0761,0.2146,0.3112,0.5014
2026-06-17,vaa,EFA,1.3353,0.0382,0.1023,0.1176,0.2325
2026-06-17,vaa,IEF,0.1626,0.0121,-0.0054,-0.0015,0.0419
2026-06-17,vaa,LQD,0.3232,0.0156,0.0139,0.0104,0.0591
2026-06-17,vaa,SHY,0.0827,0.0020,0.0030,0.0068,0.0325
2026-06-17,vaa,SPY,1.1448,0.0122,0.1335,0.1046,0.2548
2026-06-17,paa,DBC,-0.7395,-0.1122,-0.0482,0.2625,0.2742
2026-06-17,paa,EEM,2.8823,0.0754,0.2139,0.3105,0.5006
2026-06-17,paa,EWJ,1.9178,0.0546,0.1395,0.1721,0.3599
2026-06-17,paa,GLD,-0.7303,-0.0494,-0.1057,0.0049,0.2757
2026-06-17,paa,HYG,0.3164,0.0100,0.0220,0.0214,0.0658
2026-06-17,paa,IEF,0.1615,0.0121,-0.0055,-0.0015,0.0418
2026-06-17,paa,IWM,2.2840,0.0637,0.1932,0.1712,0.4039
2026-06-17,paa,LQD,0.3197,0.0154,0.0137,0.0102,0.0589
2026-06-17,paa,QQQ,2.0762,0.0332,0.2275,0.1976,0.3717
2026-06-17,paa,SHY,0.0827,0.0020,0.0030,0.0068,0.0325
2026-06-17,paa,SPY,1.1220,0.0111,0.1322,0.1034,0.2534
2026-06-17,paa,TLT,0.4868,0.0343,0.0016,0.0075,0.0533
2026-06-17,paa,VGK,1.2009,0.0339,0.1000,0.0975,0.1989
2026-06-17,paa,VNQ,0.7383,0.0156,0.0605,0.0967,0.1160
2026-06-17,baa_g12,DBC,-0.7592,-0.1131,-0.0492,0.2612,0.2729
2026-06-17,baa_g12,EEM,2.8288,0.0728,0.2109,0.3073,0.4969
2026-06-17,baa_g12,EWJ,1.8915,0.0533,0.1381,0.1706,0.3582
2026-06-17,baa_g12,GLD,-0.7563,-0.0508,-0.1069,0.0035,0.2739
2026-06-17,baa_g12,HYG,0.3152,0.0099,0.0219,0.0213,0.0657
2026-06-17,baa_g12,IEF,0.1617,0.0121,-0.0055,-0.0015,0.0419
2026-06-17,baa_g12,IWM,2.2571,0.0624,0.1917,0.1697,0.4021
2026-06-17,baa_g12,LQD,0.3213,0.0155,0.0138,0.0103,0.0590
2026-06-17,baa_g12,QQQ,2.0499,0.0320,0.2260,0.1962,0.3700
2026-06-17,baa_g12,SHY,0.0839,0.0021,0.0031,0.0069,0.0325
2026-06-17,baa_g12,SPY,1.1102,0.0105,0.1315,0.1027,0.2527
2026-06-17,baa_g12,TLT,0.4845,0.0342,0.0015,0.0074,0.0532
2026-06-17,baa_g12,VGK,1.2020,0.0340,0.1001,0.0975,0.1990
2026-06-17,baa_g12,VNQ,0.7362,0.0155,0.0604,0.0966,0.1159
2026-06-17,baa_g4,AGG,0.2277,0.0117,0.0045,0.0089,0.0515
2026-06-17,baa_g4,EEM,2.8194,0.0723,0.2104,0.3067,0.4962
2026-06-17,baa_g4,EFA,1.2926,0.0360,0.1000,0.1153,0.2299
2026-06-17,baa_g4,IEF,0.1636,0.0122,-0.0054,-0.0014,0.0420
2026-06-17,baa_g4,LQD,0.3188,0.0154,0.0137,0.0102,0.0588
2026-06-17,baa_g4,SHY,0.0862,0.0022,0.0032,0.0070,0.0327
2026-06-17,baa_g4,SPY,1.0954,0.0097,0.1307,0.1019,0.2517
2026-06-17,gem,AGG,0.0514,0.0116,0.0044,0.0088,0.0514
2026-06-17,gem,EFA,0.2299,0.0360,0.1000,0.1153,0.2299
2026-06-17,gem,SPY,0.2524,0.0103,0.1313,0.1025,0.2524
2026-06-17,haa,AGG,0.2258,0.0116,0.0044,0.0088,0.0514
2026-06-17,haa,EEM,2.8131,0.0720,0.2100,0.3063,0.4958
2026-06-17,haa,EFA,1.2917,0.0360,0.0999,0.1152,0.2299
2026-06-17,haa,IEF,0.1646,0.0122,-0.0053,-0.0014,0.0420
2026-06-17,haa,LQD,0.3170,0.0153,0.0136,0.0101,0.0587
2026-06-17,haa,SHY,0.0839,0.0021,0.0031,0.0069,0.0325
2026-06-17,haa,SPY,1.0962,0.0098,0.1308,0.1019,0.2518
2026-06-17,permanent,BIL,0.1445,0.0029,0.0087,0.0178,0.0387
2026-06-17,permanent,GLD,-0.7957,-0.0528,-0.1089,0.0013,0.2712
2026-06-17,permanent,SPY,1.0811,0.0090,0.1299,0.1011,0.2509
2026-06-17,permanent,TLT,0.4811,0.0340,0.0013,0.0073,0.0530
2026-06-17,all_weather,DBC,-0.7526,-0.1128,-0.0489,0.2616,0.2733
2026-06-17,all_weather,GLD,-0.7981,-0.0530,-0.1090,0.0012,0.2710
2026-06-17,all_weather,IEF,0.1555,0.0117,-0.0058,-0.0018,0.0415
2026-06-17,all_weather,SPY,1.0752,0.0087,0.1296,0.1008,0.2505
2026-06-17,all_weather,TLT,0.4845,0.0342,0.0015,0.0074,0.0532
2026-06-17,golden_butterfly,GLD,-0.8034,-0.0532,-0.1092,0.0009,0.2706
2026-06-17,golden_butterfly,SHY,0.0781,0.0018,0.0028,0.0066,0.0322
2026-06-17,golden_butterfly,SPY,1.0679,0.0084,0.1292,0.1004,0.2500
2026-06-17,golden_butterfly,TLT,0.4845,0.0342,0.0015,0.0074,0.0532
2026-06-17,golden_butterfly,VBR,1.4960,0.0451,0.1117,0.1184,0.2716
2026-06-17,gtaa,DBC,-0.7624,-0.1133,-0.0494,0.2609,0.2726
2026-06-17,gtaa,EFA,1.2548,0.0341,0.0979,0.1132,0.2277
2026-06-17,gtaa,IEF,0.1555,0.0117,-0.0058,-0.0018,0.0415
2026-06-17,gtaa,SHY,0.0781,0.0018,0.0028,0.0066,0.0322
2026-06-17,gtaa,SPY,1.0563,0.0078,0.1285,0.0998,0.2493
2026-06-17,gtaa,VNQ,0.6974,0.0135,0.0583,0.0945,0.1137
2026-06-17,ivy,DBC,-0.7624,-0.1133,-0.0494,0.2609,0.2726
2026-06-17,ivy,EFA,1.2403,0.0333,0.0971,0.1124,0.2268
2026-06-17,ivy,IEF,0.1555,0.0117,-0.0058,-0.0018,0.0415
2026-06-17,ivy,SHY,0.0792,0.0019,0.0028,0.0067,0.0323
2026-06-17,ivy,VNQ,0.6830,0.0127,0.0575,0.0937,0.1128
2026-06-17,ivy,VTI,1.1443,0.0138,0.1303,0.1020,0.2537
2026-06-17,faa,AGG,0.0543,0.0111,0.0039,0.0083,0.0509
2026-06-17,faa,DBC,-0.1922,-0.1136,-0.0497,0.2605,0.2722
2026-06-17,faa,EEM,0.6777,0.0670,0.2044,0.3002,0.4888
2026-06-17,faa,EFA,0.3077,0.0328,0.0966,0.1119,0.2262
2026-06-17,faa,SHY,0.0186,0.0016,0.0026,0.0064,0.0320
2026-06-17,faa,SPY,0.2598,0.0069,0.1275,0.0988,0.2482
2026-06-17,faa,VNQ,0.1749,0.0136,0.0584,0.0946,0.1138
2026-06-17,eaa,DBC,-0.1922,-0.1136,-0.0497,0.2605,0.2722
2026-06-17,eaa,EEM,0.6828,0.0680,0.2055,0.3014,0.4902
2026-06-17,eaa,EFA,0.3130,0.0339,0.0978,0.1131,0.2275
2026-06-17,eaa,GLD,-0.2096,-0.0551,-0.1110,-0.0010,0.2682
2026-06-17,eaa,IEF,0.0399,0.0120,-0.0056,-0.0016,0.0417
2026-06-17,eaa,SHY,0.0189,0.0017,0.0026,0.0065,0.0321
2026-06-17,eaa,SPY,0.2662,0.0082,0.1290,0.1002,0.2498
2026-06-17,eaa,VNQ,0.1759,0.0138,0.0586,0.0948,0.1140
2026-06-17,laa,GLD,-0.8302,-0.0546,-0.1106,-0.0006,0.2687
2026-06-17,laa,IEF,0.1598,0.0120,-0.0056,-0.0016,0.0417
2026-06-17,laa,IWD,1.6137,0.0413,0.1310,0.1522,0.2896
2026-06-17,laa,QQQ,1.9996,0.0295,0.2231,0.1933,0.3667
2026-06-17,laa,SHY,0.0766,0.0017,0.0027,0.0065,0.0321
2026-06-17,laa,SPY,1.0719,0.0086,0.1294,0.1006,0.2503
2026-06-19,daa,BND,0.2649,0.0157,0.0044,0.0073,0.0444
2026-06-19,daa,DBC,-0.9116,-0.1259,-0.0420,0.2648,0.2374
2026-06-19,daa,EEM,3.4626,0.1073,0.2349,0.3431,0.5485
2026-06-19,daa,EWJ,2.2505,0.0719,0.1511,0.1971,0.3891
2026-06-19,daa,GLD,-0.8828,-0.0592,-0.0921,-0.0222,0.2410
2026-06-19,daa,HYG,0.3525,0.0135,0.0197,0.0218,0.0681
2026-06-19,daa,IEF,0.2146,0.0168,-0.0045,-0.0035,0.0377
2026-06-19,daa,IWM,2.6175,0.0853,0.1965,0.1878,0.4321
2026-06-19,daa,LQD,0.3835,0.0221,0.0108,0.0094,0.0568
2026-06-19,daa,QQQ,2.5046,0.0557,0.2505,0.2137,0.4066
2026-06-19,daa,SHY,0.0829,0.0023,0.0028,0.0059,0.0315
2026-06-19,daa,SPY,1.2808,0.0204,0.1378,0.1091,0.2673
2026-06-19,daa,TLT,0.6690,0.0490,0.0031,0.0097,0.0486
2026-06-19,daa,VGK,1.2023,0.0354,0.0958,0.0926,0.2085
2026-06-19,daa,VNQ,0.5508,0.0029,0.0545,0.0942,0.1092
2026-06-19,daa,VWO,1.7377,0.0514,0.1265,0.1600,0.2953
2026-06-19,vaa,AGG,0.2781,0.0164,0.0041,0.0078,0.0491
2026-06-19,vaa,EEM,3.4626,0.1073,0.2349,0.3431,0.5485
2026-06-19,vaa,EFA,1.3598,0.0406,0.0989,0.1174,0.2418
2026-06-19,vaa,IEF,0.2146,0.0168,-0.0045,-0.0035,0.0377
2026-06-19,vaa,LQD,0.3835,0.0221,0.0108,0.0094,0.0568
2026-06-19,vaa,SHY,0.0829,0.0023,0.0028,0.0059,0.0315
2026-06-19,vaa,SPY,1.2808,0.0204,0.1378,0.1091,0.2673
2026-06-19,paa,DBC,-0.9116,-0.1259,-0.0420,0.2648,0.2374
2026-06-19,paa,EEM,3.4626,0.1073,0.2349,0.3431,0.5485
2026-06-19,paa,EWJ,2.2505,0.0719,0.1511,0.1971,0.3891
2026-06-19,paa,GLD,-0.8828,-0.0592,-0.0921,-0.0222,0.2410
2026-06-19,paa,HYG,0.3525,0.0135,0.0197,0.0218,0.0681
2026-06-19,paa,IEF,0.2146,0.0168,-0.0045,-0.0035,0.0377
2026-06-19,paa,IWM,2.6175,0.0853,0.1965,0.1878,0.4321
2026-06-19,paa,LQD,0.3835,0.0221,0.0108,0.0094,0.0568
2026-06-19,paa,QQQ,2.5046,0.0557,0.2505,0.2137,0.4066
2026-06-19,paa,SHY,0.0829,0.0023,0.0028,0.0059,0.0315
2026-06-19,paa,SPY,1.2808,0.0204,0.1378,0.1091,0.2673
2026-06-19,paa,TLT,0.6690,0.0490,0.0031,0.0097,0.0486
2026-06-19,paa,VGK,1.2023,0.0354,0.0958,0.0926,0.2085
2026-06-19,paa,VNQ,0.5508,0.0029,0.0545,0.0942,0.1092
2026-06-19,baa_g12,DBC,-0.9116,-0.1259,-0.0420,0.2648,0.2374
2026-06-19,baa_g12,EEM,3.4626,0.1073,0.2349,0.3431,0.5485
2026-06-19,baa_g12,EWJ,2.2505,0.0719,0.1511,0.1971,0.3891
2026-06-19,baa_g12,GLD,-0.8828,-0.0592,-0.0921,-0.0222,0.2410
2026-06-19,baa_g12,HYG,0.3525,0.0135,0.0197,0.0218,0.0681
2026-06-19,baa_g12,IEF,0.2146,0.0168,-0.0045,-0.0035,0.0377
2026-06-19,baa_g12,IWM,2.6175,0.0853,0.1965,0.1878,0.4321
2026-06-19,baa_g12,LQD,0.3835,0.0221,0.0108,0.0094,0.0568
2026-06-19,baa_g12,QQQ,2.5046,0.0557,0.2505,0.2137,0.4066
2026-06-19,baa_g12,SHY,0.0829,0.0023,0.0028,0.0059,0.0315
2026-06-19,baa_g12,SPY,1.2808,0.0204,0.1378,0.1091,0.2673
2026-06-19,baa_g12,TLT,0.6690,0.0490,0.0031,0.0097,0.0486
2026-06-19,baa_g12,VGK,1.2023,0.0354,0.0958,0.0926,0.2085
2026-06-19,baa_g12,VNQ,0.5508,0.0029,0.0545,0.0942,0.1092
2026-06-19,baa_g4,AGG,0.2781,0.0164,0.0041,0.0078,0.0491
2026-06-19,baa_g4,EEM,3.4626,0.1073,0.2349,0.3431,0.5485
2026-06-19,baa_g4,EFA,1.3598,0.0406,0.0989,0.1174,0.2418
2026-06-19,baa_g4,IEF,0.2146,0.0168,-0.0045,-0.0035,0.0377
2026-06-19,baa_g4,LQD,0.3835,0.0221,0.0108,0.0094,0.0568
2026-06-19,baa_g4,SHY,0.0829,0.0023,0.0028,0.0059,0.0315
2026-06-19,baa_g4,SPY,1.2808,0.0204,0.1378,0.1091,0.2673
2026-06-19,gem,AGG,0.0491,0.0164,0.0041,0.0078,0.0491
2026-06-19,gem,EFA,0.2418,0.0406,0.0989,0.1174,0.2418
2026-06-19,gem,SPY,0.2673,0.0204,0.1378,0.1091,0.2673
2026-06-19,haa,AGG,0.2781,0.0164,0.0041,0.0078,0.0491
2026-06-19,haa,EEM,3.4626,0.1073,0.2349,0.3431,0.5485
2026-06-19,haa,EFA,1.3598,0.0406,0.0989,0.1174,0.2418
2026-06-19,haa,IEF,0.2146,0.0168,-0.0045,-0.0035,0.0377
2026-06-19,haa,LQD,0.3835,0.0221,0.0108,0.0094,0.0568
2026-06-19,haa,SHY,0.0829,0.0023,0.0028,0.0059,0.0315
2026-06-19,haa,SPY,1.2808,0.0204,0.1378,0.1091,0.2673
2026-06-19,permanent,BIL,0.1498,0.0032,0.0091,0.0181,0.0389
2026-06-19,permanent,GLD,-0.8828,-0.0592,-0.0921,-0.0222,0.2410
2026-06-19,permanent,SPY,1.2808,0.0204,0.1378,0.1091,0.2673
2026-06-19,permanent,TLT,0.6690,0.0490,0.0031,0.0097,0.0486
2026-06-19,all_weather,DBC,-0.9116,-0.1259,-0.0420,0.2648,0.2374
2026-06-19,all_weather,GLD,-0.8828,-0.0592,-0.0921,-0.0222,0.2410
2026-06-19,all_weather,IEF,0.2146,0.0168,-0.0045,-0.0035,0.0377
2026-06-19,all_weather,SPY,1.2808,0.0204,0.1378,0.1091,0.2673
2026-06-19,all_weather,TLT,0.6690,0.0490,0.0031,0.0097,0.0486
2026-06-19,golden_butterfly,GLD,-0.8828,-0.0592,-0.0921,-0.0222,0.2410
2026-06-19,golden_butterfly,SHY,0.0829,0.0023,0.0028,0.0059,0.0315
2026-06-19,golden_butterfly,SPY,1.2808,0.0204,0.1378,0.1091,0.2673
2026-06-19,golden_butterfly,TLT,0.6690,0.0490,0.0031,0.0097,0.0486
2026-06-19,golden_butterfly,VBR,1.6217,0.0545,0.1091,0.1246,0.2823
2026-06-19,gtaa,DBC,-0.9116,-0.1259,-0.0420,0.2648,0.2374
2026-06-19,gtaa,EFA,1.3598,0.0406,0.0989,0.1174,0.2418
2026-06-19,gtaa,IEF,0.2146,0.0168,-0.0045,-0.0035,0.0377
2026-06-19,gtaa,SHY,0.0829,0.0023,0.0028,0.0059,0.0315
2026-06-19,gtaa,SPY,1.2808,0.0204,0.1378,0.1091,0.2673
2026-06-19,gtaa,VNQ,0.5508,0.0029,0.0545,0.0942,0.1092
2026-06-19,ivy,DBC,-0.9116,-0.1259,-0.0420,0.2648,0.2374
2026-06-19,ivy,EFA,1.3598,0.0406,0.0989,0.1174,0.2418
2026-06-19,ivy,IEF,0.2146,0.0168,-0.0045,-0.0035,0.0377
2026-06-19,ivy,SHY,0.0829,0.0023,0.0028,0.0059,0.0315
2026-06-19,ivy,VNQ,0.5508,0.0029,0.0545,0.0942,0.1092
2026-06-19,ivy,VTI,1.3925,0.0276,0.1405,0.1132,0.2733
2026-06-19,faa,AGG,0.0695,0.0164,0.0041,0.0078,0.0491
2026-06-19,faa,DBC,-0.2279,-0.1259,-0.0420,0.2648,0.2374
2026-06-19,faa,EEM,0.8657,0.1073,0.2349,0.3431,0.5485
2026-06-19,faa,EFA,0.3399,0.0406,0.0989,0.1174,0.2418
2026-06-19,faa,SHY,0.0207,0.0023,0.0028,0.0059,0.0315
2026-06-19,faa,SPY,0.3202,0.0204,0.1378,0.1091,0.2673
2026-06-19,faa,VNQ,0.1377,0.0029,0.0545,0.0942,0.1092
2026-06-19,eaa,DBC,-0.2279,-0.1259,-0.0420,0.2648,0.2374
2026-06-19,eaa,EEM,0.8657,0.1073,0.2349,0.3431,0.5485
2026-06-19,eaa,EFA,0.3399,0.0406,0.0989,0.1174,0.2418
2026-06-19,eaa,GLD,-0.2207,-0.0592,-0.0921,-0.0222,0.2410
2026-06-19,eaa,IEF,0.0536,0.0168,-0.0045,-0.0035,0.0377
2026-06-19,eaa,SHY,0.0207,0.0023,0.0028,0.0059,0.0315
2026-06-19,eaa,SPY,0.3202,0.0204,0.1378,0.1091,0.2673
2026-06-19,eaa,VNQ,0.1377,0.0029,0.0545,0.0942,0.1092
2026-06-19,laa,GLD,-0.8828,-0.0592,-0.0921,-0.0222,0.2410
2026-06-19,laa,IEF,0.2146,0.0168,-0.0045,-0.0035,0.0377
2026-06-19,laa,IWD,1.7574,0.0484,0.1355,0.1651,0.3039
2026-06-19,laa,QQQ,2.5046,0.0557,0.2505,0.2137,0.4066
2026-06-19,laa,SHY,0.0829,0.0023,0.0028,0.0059,0.0315
2026-06-19,laa,SPY,1.2808,0.0204,0.1378,0.1091,0.2673
2026-06-22,daa,BND,0.1792,0.0074,0.0098,0.0049,0.0411
2026-06-22,daa,DBC,-0.8691,-0.1132,-0.0537,0.2388,0.2264
2026-06-22,daa,EEM,3.5159,0.0920,0.2847,0.3589,0.5559
2026-06-22,daa,EWJ,2.4643,0.0691,0.2009,0.2229,0.3849
2026-06-22,daa,GLD,-1.0592,-0.0788,-0.0698,-0.0370,0.2393
2026-06-22,daa,HYG,0.2827,0.0054,0.0276,0.0215,0.0648
2026-06-22,daa,IEF,0.0983,0.0063,0.0008,-0.0069,0.0332
2026-06-22,daa,IWM,2.6163,0.0682,0.2343,0.2114,0.4374
2026-06-22,daa,LQD,0.2788,0.0110,0.0200,0.0073,0.0526
2026-06-22,daa,QQQ,2.3296,0.0332,0.2675,0.2304,0.3997
2026-06-22,daa,SHY,0.0573,0.0001,0.0041,0.0049,0.0301
2026-06-22,daa,SPY,1.1713,0.0062,0.1500,0.1172,0.2627
2026-06-22,daa,TLT,0.4650,0.0301,0.0148,0.0030,0.0389
2026-06-22,daa,VGK,1.0598,0.0122,0.1281,0.0967,0.2072
2026-06-22,daa,VNQ,0.7906,0.0039,0.1032,0.1051,0.1205
2026-06-22,daa,VWO,1.8604,0.0446,0.1661,0.1762,0.3083
2026-06-22,vaa,AGG,0.1841,0.0074,0.0097,0.0052,0.0454
2026-06-22,vaa,EEM,3.5143,0.0919,0.2846,0.3588,0.5557
2026-06-22,vaa,EFA,1.3255,0.0244,0.1342,0.1275,0.2407
2026-06-22,vaa,IEF,0.0973,0.0063,0.0008,-0.0070,0.0331
2026-06-22,vaa,LQD,0.2797,0.0110,0.0201,0.0073,0.0527
2026-06-22,vaa,SHY,0.0573,0.0001,0.0041,0.0049,0.0301
2026-06-22,vaa,SPY,1.1704,0.0061,0.1499,0.1171,0.2626
2026-06-22,paa,DBC,-0.8722,-0.1132,-0.0537,0.2388,0.2233
2026-06-22,paa,EEM,3.5159,0.0920,0.2847,0.3589,0.5559
2026-06-22,paa,EWJ,2.4610,0.0690,0.2008,0.2227,0.3847
2026-06-22,paa,GLD,-1.0610,-0.0789,-0.0699,-0.0371,0.2392
2026-06-22,paa,HYG,0.2827,0.0054,0.0276,0.0215,0.0648
2026-06-22,paa,IEF,0.0973,0.0063,0.0008,-0.0070,0.0331
2026-06-22,paa,IWM,2.6072,0.0678,0.2338,0.2109,0.4368
2026-06-22,paa,LQD,0.2797,0.0110,0.0201,0.0073,0.0527
2026-06-22,paa,QQQ,2.3221,0.0329,0.2671,0.2300,0.3992
2026-06-22,paa,SHY,0.0573,0.0001,0.0041,0.0049,0.0301
2026-06-22,paa,SPY,1.1715,0.0062,0.1500,0.1172,0.2627
2026-06-22,paa,TLT,0.4650,0.0301,0.0148,0.0030,0.0389
2026-06-22,paa,VGK,1.0586,0.0122,0.1280,0.0966,0.2072
2026-06-22,paa,VNQ,0.7947,0.0041,0.1034,0.1054,0.1207
2026-06-22,baa_g12,DBC,-0.8691,-0.1132,-0.0537,0.2388,0.2264
2026-06-22,baa_g12,EEM,3.5159,0.0920,0.2847,0.3589,0.5559
2026-06-22,baa_g12,EWJ,2.4577,0.0688,0.2006,0.2226,0.3845
2026-06-22,baa_g12,GLD,-1.0554,-0.0786,-0.0696,-0.0368,0.2396
2026-06-22,baa_g12,HYG,0.2827,0.0054,0.0276,0.0215,0.0648
2026-06-22,baa_g12,IEF,0.0983,0.0063,0.0008,-0.0069,0.0332
2026-06-22,baa_g12,IWM,2.6156,0.0682,0.2342,0.2113,0.4374
2026-06-22,baa_g12,LQD,0.2797,0.0110,0.0201,0.0073,0.0527
2026-06-22,baa_g12,QQQ,2.3264,0.0331,0.2674,0.2302,0.3995
2026-06-22,baa_g12,SHY,0.0585,0.0002,0.0042,0.0049,0.0302
2026-06-22,baa_g12,SPY,1.1712,0.0062,0.1500,0.1172,0.2627
2026-06-22,baa_g12,TLT,0.4593,0.0298,0.0145,0.0027,0.0386
2026-06-22,baa_g12,VGK,1.0570,0.0121,0.1279,0.0965,0.2071
2026-06-22,baa_g12,VNQ,0.7927,0.0040,0.1033,0.1052,0.1206
2026-06-22,baa_g4,AGG,0.1821,0.0073,0.0096,0.0051,0.0453
2026-06-22,baa_g4,EEM,3.5143,0.0919,0.2846,0.3588,0.5557
2026-06-22,baa_g4,EFA,1.3242,0.0244,0.1341,0.1274,0.2406
2026-06-22,baa_g4,IEF,0.0953,0.0061,0.0007,-0.0071,0.0330
2026-06-22,baa_g4,LQD,0.2761,0.0108,0.0199,0.0072,0.0525
2026-06-22,baa_g4,SHY,0.0562,0.0000,0.0040,0.0048,0.0300
2026-06-22,baa_g4,SPY,1.1728,0.0063,0.1501,0.1173,0.2628
2026-06-22,gem,AGG,0.0453,0.0074,0.0096,0.0051,0.0453
2026-06-22,gem,EFA,0.2406,0.0244,0.1341,0.1274,0.2406
2026-06-22,gem,SPY,0.2626,0.0061,0.1499,0.1171,0.2626
2026-06-22,haa,AGG,0.1826,0.0074,0.0096,0.0051,0.0453
2026-06-22,haa,EEM,3.5143,0.0919,0.2846,0.3588,0.5557
2026-06-22,haa,EFA,1.3242,0.0244,0.1341,0.1274,0.2406
2026-06-22,haa,IEF,0.0953,0.0061,0.0007,-0.0071,0.0330
2026-06-22,haa,LQD,0.2797,0.0110,0.0201,0.0073,0.0527
2026-06-22,haa,SHY,0.0585,0.0002,0.0042,0.0049,0.0302
2026-06-22,haa,SPY,1.1672,0.0060,0.1497,0.1170,0.2624
2026-06-22,permanent,BIL,0.1464,0.0030,0.0089,0.0181,0.0388
2026-06-22,permanent,GLD,-1.0564,-0.0786,-0.0697,-0.0368,0.2395
2026-06-22,permanent,SPY,1.1688,0.0061,0.1498,0.1171,0.2625
2026-06-22,permanent,TLT,0.4661,0.0301,0.0148,0.0031,0.0390
2026-06-22,all_weather,DBC,-0.8624,-0.1129,-0.0534,0.2393,0.2269
2026-06-22,all_weather,GLD,-1.0573,-0.0787,-0.0697,-0.0369,0.2395
2026-06-22,all_weather,IEF,0.0973,0.0063,0.0008,-0.0070,0.0331
2026-06-22,all_weather,SPY,1.1680,0.0060,0.1498,0.1170,0.2625
2026-06-22,all_weather,TLT,0.4650,0.0301,0.0148,0.0030,0.0389
2026-06-22,golden_butterfly,GLD,-1.0568,-0.0787,-0.0697,-0.0369,0.2395
2026-06-22,golden_butterfly,SHY,0.0573,0.0001,0.0041,0.0049,0.0301
2026-06-22,golden_butterfly,SPY,1.1693,0.0061,0.1499,0.1171,0.2626
2026-06-22,golden_butterfly,TLT,0.4650,0.0301,0.0148,0.0030,0.0389
2026-06-22,golden_butterfly,VBR,1.5173,0.0383,0.1315,0.1264,0.2787
2026-06-22,gtaa,DBC,-0.8656,-0.1129,-0.0534,0.2393,0.2237
2026-06-22,gtaa,EFA,1.3240,0.0243,0.1341,0.1274,0.2406
2026-06-22,gtaa,IEF,0.0983,0.0063,0.0008,-0.0069,0.0332
2026-06-22,gtaa,SHY,0.0573,0.0001,0.0041,0.0049,0.0301
2026-06-22,gtaa,SPY,1.1662,0.0059,0.1497,0.1169,0.2624
2026-06-22,gtaa,VNQ,0.7886,0.0038,0.1030,0.1050,0.1204
2026-06-22,ivy,DBC,-0.8624,-0.1129,-0.0534,0.2393,0.2269
2026-06-22,ivy,EFA,1.3223,0.0243,0.1340,0.1273,0.2405
2026-06-22,ivy,IEF,0.0983,0.0063,0.0008,-0.0069,0.0332
2026-06-22,ivy,SHY,0.0573,0.0001,0.0041,0.0049,0.0301
2026-06-22,ivy,VNQ,0.7886,0.0038,0.1030,0.1050,0.1204
2026-06-22,ivy,VTI,1.2671,0.0118,0.1539,0.1209,0.2677
2026-06-22,faa,AGG,0.0458,0.0074,0.0097,0.0052,0.0453
2026-06-22,faa,DBC,-0.2164,-0.1129,-0.0534,0.2393,0.2237
2026-06-22,faa,EEM,0.8774,0.0916,0.2843,0.3585,0.5554
2026-06-22,faa,EFA,0.3306,0.0243,0.1340,0.1273,0.2405
2026-06-22,faa,SHY,0.0143,0.0001,0.0041,0.0049,0.0301
2026-06-22,faa,SPY,0.2913,0.0059,0.1496,0.1169,0.2623
2026-06-22,faa,VNQ,0.1966,0.0037,0.1029,0.1049,0.1203
2026-06-22,eaa,DBC,-0.2156,-0.1129,-0.0534,0.2393,0.2269
2026-06-22,eaa,EEM,0.8774,0.0916,0.2843,0.3585,0.5554
2026-06-22,eaa,EFA,0.3306,0.0243,0.1340,0.1273,0.2405
2026-06-22,eaa,GLD,-0.2643,-0.0787,-0.0697,-0.0369,0.2395
2026-06-22,eaa,IEF,0.0243,0.0063,0.0008,-0.0070,0.0331
2026-06-22,eaa,SHY,0.0143,0.0001,0.0041,0.0049,0.0301
2026-06-22,eaa,SPY,0.2918,0.0060,0.1497,0.1170,0.2624
2026-06-22,eaa,VNQ,0.1961,0.0036,0.1028,0.1048,0.1201
2026-06-22,laa,GLD,-1.0582,-0.0787,-0.0698,-0.0369,0.2394
2026-06-22,laa,IEF,0.0973,0.0063,0.0008,-0.0070,0.0331
2026-06-22,laa,IWD,1.7773,0.0426,0.1536,0.1727,0.3058
2026-06-22,laa,QQQ,2.3218,0.0329,0.2671,0.2299,0.3992
2026-06-22,laa,SHY,0.0573,0.0001,0.0041,0.0049,0.0301
2026-06-22,laa,SPY,1.1682,0.0060,0.1498,0.1170,0.2625
2026-06-23,daa,BND,0.1780,0.0080,0.0076,0.0045,0.0421
2026-06-23,daa,DBC,-0.7807,-0.1151,-0.0211,0.2375,0.2103
2026-06-23,daa,EEM,2.1591,0.0303,0.1871,0.2788,0.4894
2026-06-23,daa,EWJ,1.4595,0.0240,0.1198,0.1699,0.3526
2026-06-23,daa,GLD,-1.2009,-0.0903,-0.0611,-0.0482,0.2232
2026-06-23,daa,HYG,0.2553,0.0056,0.0217,0.0194,0.0623
2026-06-23,daa,IEF,0.1087,0.0076,-0.0004,-0.0076,0.0345
2026-06-23,daa,IWM,2.3344,0.0560,0.2055,0.2016,0.4373
2026-06-23,daa,LQD,0.2693,0.0115,0.0160,0.0061,0.0545
2026-06-23,daa,QQQ,1.7405,0.0080,0.2249,0.1855,0.3737
2026-06-23,daa,SHY,0.0694,0.0012,0.0036,0.0051,0.0304
2026-06-23,daa,SPY,0.9210,-0.0040,0.1287,0.0997,0.2553
2026-06-23,daa,TLT,0.4252,0.0284,0.0103,0.0003,0.0430
2026-06-23,daa,VGK,0.7324,-0.0010,0.0942,0.0810,0.2057
2026-06-23,daa,VNQ,0.9800,0.0139,0.1076,0.1241,0.1345
2026-06-23,daa,VWO,1.2039,0.0171,0.1098,0.1362,0.2867
2026-06-23,vaa,AGG,0.1812,0.0079,0.0077,0.0044,0.0462
2026-06-23,vaa,EEM,2.1497,0.0299,0.1866,0.2782,0.4888
2026-06-23,vaa,EFA,0.8334,0.0030,0.0903,0.1021,0.2324
2026-06-23,vaa,IEF,0.1087,0.0076,-0.0004,-0.0076,0.0345
2026-06-23,vaa,LQD,0.2702,0.0116,0.0161,0.0062,0.0546
2026-06-23,vaa,SHY,0.0694,0.0012,0.0036,0.0051,0.0304
2026-06-23,vaa,SPY,0.9216,-0.0040,0.1287,0.0998,0.2553
2026-06-23,paa,DBC,-0.7905,-0.1155,-0.0214,0.2371,0.2068
2026-06-23,paa,EEM,2.1513,0.0299,0.1866,0.2783,0.4889
2026-06-23,paa,EWJ,1.4562,0.0238,0.1196,0.1698,0.3524
2026-06-23,paa,GLD,-1.2091,-0.0907,-0.0615,-0.0487,0.2226
2026-06-23,paa,HYG,0.2552,0.0056,0.0217,0.0194,0.0623
2026-06-23,paa,IEF,0.1087,0.0076,-0.0004,-0.0076,0.0345
2026-06-23,paa,IWM,2.3290,0.0557,0.2052,0.2013,0.4369
2026-06-23,paa,LQD,0.2719,0.0117,0.0162,0.0062,0.0547
2026-06-23,paa,QQQ,1.7420,0.0081,0.2250,0.1855,0.3738
2026-06-23,paa,SHY,0.0694,0.0012,0.0036,0.0051,0.0304
2026-06-23,paa,SPY,0.9216,-0.0040,0.1287,0.0998,0.2553
2026-06-23,paa,TLT,0.4252,0.0284,0.0103,0.0003,0.0430
2026-06-23,paa,VGK,0.7279,-0.0012,0.0939,0.0807,0.2054
2026-06-23,paa,VNQ,0.9698,0.0134,0.1070,0.1235,0.1339
2026-06-23,baa_g12,DBC,-0.7908,-0.1156,-0.0216,0.2368,0.2096
2026-06-23,baa_g12,EEM,2.1403,0.0294,0.1860,0.2777,0.4881
2026-06-23,baa_g12,EWJ,1.4452,0.0233,0.1190,0.1691,0.3516
2026-06-23,baa_g12,GLD,-1.2105,-0.0908,-0.0616,-0.0487,0.2225
2026-06-23,baa_g12,HYG,0.2541,0.0056,0.0216,0.0194,0.0622
2026-06-23,baa_g12,IEF,0.1057,0.0074,-0.0006,-0.0077,0.0344
2026-06-23,baa_g12,IWM,2.3258,0.0556,0.2050,0.2011,0.4367
2026-06-23,baa_g12,LQD,0.2675,0.0114,0.0159,0.0060,0.0544
2026-06-23,baa_g12,QQQ,1.7352,0.0078,0.2246,0.1852,0.3734
2026-06-23,baa_g12,SHY,0.0682,0.0011,0.0036,0.0051,0.0303
2026-06-23,baa_g12,SPY,0.9167,-0.0043,0.1284,0.0995,0.2550
2026-06-23,baa_g12,TLT,0.4229,0.0282,0.0102,0.0002,0.0428
2026-06-23,baa_g12,VGK,0.7257,-0.0013,0.0938,0.0806,0.2053
2026-06-23,baa_g12,VNQ,0.9688,0.0133,0.1070,0.1235,0.1339
2026-06-23,baa_g4,AGG,0.1783,0.0078,0.0075,0.0043,0.0461
2026-06-23,baa_g4,EEM,2.1435,0.0296,0.1862,0.2778,0.4883
2026-06-23,baa_g4,EFA,0.8295,0.0028,0.0901,0.1019,0.2321
2026-06-23,baa_g4,IEF,0.1067,0.0075,-0.0005,-0.0077,0.0344
2026-06-23,baa_g4,LQD,0.2667,0.0114,0.0159,0.0060,0.0544
2026-06-23,baa_g4,SHY,0.0694,0.0012,0.0036,0.0051,0.0304
2026-06-23,baa_g4,SPY,0.9142,-0.0044,0.1283,0.0993,0.2549
2026-06-23,gem,AGG,0.0461,0.0078,0.0075,0.0043,0.0461
2026-06-23,gem,EFA,0.2321,0.0028,0.0901,0.1019,0.2321
2026-06-23,gem,SPY,0.2548,-0.0044,0.1282,0.0993,0.2548
2026-06-23,haa,AGG,0.1773,0.0077,0.0075,0.0042,0.0460
2026-06-23,haa,EEM,2.1403,0.0294,0.1860,0.2777,0.4881
2026-06-23,haa,EFA,0.8286,0.0027,0.0901,0.1018,0.2321
2026-06-23,haa,IEF,0.1067,0.0075,-0.0005,-0.0077,0.0344
2026-06-23,haa,LQD,0.2658,0.0114,0.0158,0.0059,0.0543
2026-06-23,haa,SHY,0.0682,0.0011,0.0036,0.0051,0.0303
2026-06-23,haa,SPY,0.9159,-0.0043,0.1284,0.0994,0.2550
2026-06-23,permanent,BIL,0.1475,0.0031,0.0089,0.0180,0.0387
2026-06-23,permanent,GLD,-1.2084,-0.0906,-0.0615,-0.0486,0.2227
2026-06-23,permanent,SPY,0.9173,-0.0042,0.1285,0.0995,0.2551
2026-06-23,permanent,TLT,0.4207,0.0281,0.0101,0.0000,0.0427
2026-06-23,all_weather,DBC,-0.7939,-0.1156,-0.0216,0.2368,0.2065
2026-06-23,all_weather,GLD,-1.2091,-0.0907,-0.0615,-0.0487,0.2226
2026-06-23,all_weather,IEF,0.1067,0.0075,-0.0005,-0.0077,0.0344
2026-06-23,all_weather,SPY,0.9201,-0.0041,0.1286,0.0997,0.2552
2026-06-23,all_weather,TLT,0.4207,0.0281,0.0101,0.0000,0.0427
2026-06-23,golden_butterfly,GLD,-1.2098,-0.0907,-0.0616,-0.0487,0.2226
2026-06-23,golden_butterfly,SHY,0.0682,0.0011,0.0036,0.0051,0.0303
2026-06-23,golden_butterfly,SPY,0.9200,-0.0041,0.1286,0.0997,0.2552
2026-06-23,golden_butterfly,TLT,0.4207,0.0281,0.0101,0.0000,0.0427
2026-06-23,golden_butterfly,VBR,1.4596,0.0383,0.1157,0.1275,0.2814
2026-06-23,gtaa,DBC,-0.7838,-0.1151,-0.0211,0.2375,0.2072
2026-06-23,gtaa,EFA,0.8315,0.0029,0.0902,0.1020,0.2323
2026-06-23,gtaa,IEF,0.1067,0.0075,-0.0005,-0.0077,0.0344
2026-06-23,gtaa,SHY,0.0682,0.0011,0.0036,0.0051,0.0303
2026-06-23,gtaa,SPY,0.9187,-0.0042,0.1286,0.0996,0.2551
2026-06-23,gtaa,VNQ,0.9678,0.0133,0.1069,0.1234,0.1338
2026-06-23,ivy,DBC,-0.7838,-0.1151,-0.0211,0.2375,0.2072
2026-06-23,ivy,EFA,0.8315,0.0029,0.0902,0.1020,0.2323
2026-06-23,ivy,IEF,0.1067,0.0075,-0.0005,-0.0077,0.0344
2026-06-23,ivy,SHY,0.0682,0.0011,0.0036,0.0051,0.0303
2026-06-23,ivy,VNQ,0.9647,0.0131,0.1067,0.1232,0.1336
2026-06-23,ivy,VTI,1.0250,0.0022,0.1321,0.1045,0.2616
2026-06-23,faa,AGG,0.0446,0.0078,0.0075,0.0043,0.0461
2026-06-23,faa,DBC,-0.1960,-0.1151,-0.0211,0.2375,0.2072
2026-06-23,faa,EEM,0.5374,0.0299,0.1866,0.2782,0.4888
2026-06-23,faa,EFA,0.2081,0.0029,0.0903,0.1020,0.2323
2026-06-23,faa,SHY,0.0170,0.0011,0.0036,0.0051,0.0303
2026-06-23,faa,SPY,0.2295,-0.0042,0.1285,0.0995,0.2551
2026-06-23,faa,VNQ,0.2412,0.0131,0.1067,0.1232,0.1336
2026-06-23,eaa,DBC,-0.1952,-0.1151,-0.0211,0.2375,0.2103
2026-06-23,eaa,EEM,0.5382,0.0300,0.1867,0.2784,0.4890
2026-06-23,eaa,EFA,0.2081,0.0029,0.0903,0.1020,0.2323
2026-06-23,eaa,GLD,-0.3014,-0.0905,-0.0614,-0.0485,0.2229
2026-06-23,eaa,IEF,0.0267,0.0075,-0.0005,-0.0077,0.0344
2026-06-23,eaa,SHY,0.0168,0.0011,0.0035,0.0050,0.0302
2026-06-23,eaa,SPY,0.2296,-0.0042,0.1285,0.0996,0.2551
2026-06-23,eaa,VNQ,0.2409,0.0131,0.1067,0.1232,0.1336
2026-06-23,laa,GLD,-1.2058,-0.0905,-0.0614,-0.0485,0.2229
2026-06-23,laa,IEF,0.1067,0.0075,-0.0005,-0.0077,0.0344
2026-06-23,laa,IWD,1.5795,0.0334,0.1380,0.1646,0.2973
2026-06-23,laa,QQQ,1.7425,0.0081,0.2250,0.1856,0.3739
2026-06-23,laa,SHY,0.0670,0.0011,0.0035,0.0050,0.0302
2026-06-23,laa,SPY,0.9216,-0.0040,0.1287,0.0998,0.2553
2026-06-24,daa,BND,0.2539,0.0111,0.0143,0.0100,0.0437
2026-06-24,daa,DBC,-1.1698,-0.1302,-0.0593,0.2017,0.2259
2026-06-24,daa,EEM,1.9189,0.0182,0.1868,0.2486,0.4566
2026-06-24,daa,EWJ,1.2601,0.0133,0.1147,0.1520,0.3372
2026-06-24,daa,GLD,-1.7422,-0.1150,-0.0938,-0.0822,0.1773
2026-06-24,daa,HYG,0.2462,0.0044,0.0241,0.0189,0.0591
2026-06-24,daa,IEF,0.2163,0.0122,0.0084,0.0001,0.0365
2026-06-24,daa,IWM,2.0969,0.0434,0.1958,0.1883,0.4160
2026-06-24,daa,LQD,0.3390,0.0139,0.0224,0.0130,0.0563
2026-06-24,daa,QQQ,1.3855,-0.0105,0.2158,0.1536,0.3405
2026-06-24,daa,SHY,0.0911,0.0022,0.0058,0.0061,0.0297
2026-06-24,daa,SPY,0.7324,-0.0142,0.1254,0.0830,0.2352
2026-06-24,daa,TLT,0.6326,0.0361,0.0280,0.0171,0.0531
2026-06-24,daa,VGK,0.6207,-0.0056,0.0917,0.0675,0.1858
2026-06-24,daa,VNQ,0.9037,0.0086,0.1102,0.1236,0.1129
2026-06-24,daa,VWO,0.8616,-0.0023,0.1038,0.1080,0.2578
2026-06-24,vaa,AGG,0.2563,0.0109,0.0144,0.0099,0.0482
2026-06-24,vaa,EEM,1.9221,0.0183,0.1870,0.2488,0.4568
2026-06-24,vaa,EFA,0.7044,-0.0029,0.0883,0.0861,0.2136
2026-06-24,vaa,IEF,0.2163,0.0122,0.0084,0.0001,0.0365
2026-06-24,vaa,LQD,0.3399,0.0140,0.0224,0.0130,0.0564
2026-06-24,vaa,SHY,0.0900,0.0021,0.0058,0.0060,0.0297
2026-06-24,vaa,SPY,0.7304,-0.0143,0.1252,0.0829,0.2351
2026-06-24,paa,DBC,-1.1866,-0.1310,-0.0602,0.2006,0.2247
2026-06-24,paa,EEM,1.9283,0.0186,0.1873,0.2492,0.4572
2026-06-24,paa,EWJ,1.2623,0.0134,0.1148,0.1522,0.3374
2026-06-24,paa,GLD,-1.7356,-0.1147,-0.0934,-0.0818,0.1777
2026-06-24,paa,HYG,0.2474,0.0045,0.0241,0.0189,0.0592
2026-06-24,paa,IEF,0.2173,0.0122,0.0084,0.0001,0.0366
2026-06-24,paa,IWM,2.0947,0.0433,0.1957,0.1882,0.4159
2026-06-24,paa,LQD,0.3390,0.0139,0.0224,0.0130,0.0563
2026-06-24,paa,QQQ,1.3797,-0.0107,0.2155,0.1533,0.3401
2026-06-24,paa,SHY,0.0900,0.0021,0.0058,0.0060,0.0297
2026-06-24,paa,SPY,0.7307,-0.0143,0.1253,0.0829,0.2351
2026-06-24,paa,TLT,0.6349,0.0362,0.0281,0.0172,0.0533
2026-06-24,paa,VGK,0.6286,-0.0052,0.0921,0.0679,0.1863
2026-06-24,paa,VNQ,0.8996,0.0083,0.1100,0.1234,0.1127
2026-06-24,baa_g12,DBC,-1.1835,-0.1310,-0.0602,0.2006,0.2278
2026-06-24,baa_g12,EEM,1.9221,0.0183,0.1870,0.2488,0.4568
2026-06-24,baa_g12,EWJ,1.2601,0.0133,0.1147,0.1520,0.3372
2026-06-24,baa_g12,GLD,-1.7441,-0.1151,-0.0939,-0.0823,0.1772
2026-06-24,baa_g12,HYG,0.2510,0.0047,0.0243,0.0191,0.0594
2026-06-24,baa_g12,IEF,0.2183,0.0123,0.0085,0.0002,0.0366
2026-06-24,baa_g12,IWM,2.0947,0.0433,0.1957,0.1882,0.4159
2026-06-24,baa_g12,LQD,0.3407,0.0140,0.0225,0.0130,0.0564
2026-06-24,baa_g12,QQQ,1.3822,-0.0106,0.2157,0.1534,0.3403
2026-06-24,baa_g12,SHY,0.0931,0.0023,0.0059,0.0062,0.0298
2026-06-24,baa_g12,SPY,0.7281,-0.0144,0.1251,0.0828,0.2349
2026-06-24,baa_g12,TLT,0.6349,0.0362,0.0281,0.0172,0.0533
2026-06-24,baa_g12,VGK,0.6229,-0.0055,0.0918,0.0676,0.1860
2026-06-24,baa_g12,VNQ,0.8893,0.0078,0.1094,0.1228,0.1121
2026-06-24,baa_g4,AGG,0.2583,0.0110,0.0145,0.0100,0.0483
2026-06-24,baa_g4,EEM,1.9221,0.0183,0.1870,0.2488,0.4568
2026-06-24,baa_g4,EFA,0.7054,-0.0028,0.0883,0.0862,0.2137
2026-06-24,baa_g4,IEF,0.2183,0.0123,0.0085,0.0002,0.0366
2026-06-24,baa_g4,LQD,0.3407,0.0140,0.0225,0.0130,0.0564
2026-06-24,baa_g4,SHY,0.0931,0.0023,0.0059,0.0062,0.0298
2026-06-24,baa_g4,SPY,0.7234,-0.0146,0.1248,0.0825,0.2346
2026-06-24,gem,AGG,0.0483,0.0110,0.0145,0.0099,0.0483
2026-06-24,gem,EFA,0.2135,-0.0029,0.0882,0.0861,0.2135
2026-06-24,gem,SPY,0.2346,-0.0147,0.1248,0.0824,0.2346
2026-06-24,haa,AGG,0.2573,0.0109,0.0145,0.0099,0.0483
2026-06-24,haa,EEM,1.9158,0.0180,0.1866,0.2484,0.4564
2026-06-24,haa,EFA,0.7034,-0.0029,0.0882,0.0861,0.2135
2026-06-24,haa,IEF,0.2183,0.0123,0.0085,0.0002,0.0366
2026-06-24,haa,LQD,0.3416,0.0141,0.0225,0.0131,0.0565
2026-06-24,haa,SHY,0.0931,0.0023,0.0059,0.0062,0.0298
2026-06-24,haa,SPY,0.7220,-0.0147,0.1248,0.0824,0.2345
2026-06-24,permanent,BIL,0.1446,0.0029,0.0088,0.0178,0.0385
2026-06-24,permanent,GLD,-1.7403,-0.1149,-0.0937,-0.0821,0.1774
2026-06-24,permanent,SPY,0.7247,-0.0146,0.1249,0.0826,0.2347
2026-06-24,permanent,TLT,0.6371,0.0364,0.0282,0.0173,0.0534
2026-06-24,all_weather,DBC,-1.1936,-0.1315,-0.0607,0.1999,0.2271
2026-06-24,all_weather,GLD,-1.7412,-0.1150,-0.0937,-0.0821,0.1774
2026-06-24,all_weather,IEF,0.2183,0.0123,0.0085,0.0002,0.0366
2026-06-24,all_weather,SPY,0.7260,-0.0145,0.1250,0.0826,0.2348
2026-06-24,all_weather,TLT,0.6371,0.0364,0.0282,0.0173,0.0534
2026-06-24,golden_butterfly,GLD,-1.7403,-0.1149,-0.0937,-0.0821,0.1774
2026-06-24,golden_butterfly,SHY,0.0934,0.0023,0.0059,0.0062,0.0299
2026-06-24,golden_butterfly,SPY,0.7204,-0.0148,0.1247,0.0823,0.2344
2026-06-24,golden_butterfly,TLT,0.6371,0.0364,0.0282,0.0173,0.0534
2026-06-24,golden_butterfly,VBR,1.3388,0.0317,0.1086,0.1271,0.2696
2026-06-24,gtaa,DBC,-1.2003,-0.1318,-0.0611,0.1995,0.2267
2026-06-24,gtaa,EFA,0.6986,-0.0032,0.0880,0.0858,0.2132
2026-06-24,gtaa,IEF,0.2183,0.0123,0.0085,0.0002,0.0366
2026-06-24,gtaa,SHY,0.0934,0.0023,0.0059,0.0062,0.0299
2026-06-24,gtaa,SPY,0.7162,-0.0150,0.1244,0.0821,0.2342
2026-06-24,gtaa,VNQ,0.8882,0.0078,0.1093,0.1227,0.1121
2026-06-24,ivy,DBC,-1.2000,-0.1316,-0.0609,0.1997,0.2238
2026-06-24,ivy,EFA,0.6986,-0.0032,0.0880,0.0858,0.2132
2026-06-24,ivy,IEF,0.2183,0.0123,0.0085,0.0002,0.0366
2026-06-24,ivy,SHY,0.0923,0.0022,0.0059,0.0061,0.0298
2026-06-24,ivy,VNQ,0.8872,0.0077,0.1093,0.1227,0.1120
2026-06-24,ivy,VTI,0.8200,-0.0091,0.1282,0.0875,0.2414
2026-06-24,faa,AGG,0.0646,0.0110,0.0145,0.0100,0.0483
2026-06-24,faa,DBC,-0.3016,-0.1319,-0.0612,0.1993,0.2234
2026-06-24,faa,EEM,0.4786,0.0179,0.1865,0.2484,0.4563
2026-06-24,faa,EFA,0.1749,-0.0031,0.0880,0.0858,0.2133
2026-06-24,faa,SHY,0.0231,0.0022,0.0059,0.0061,0.0298
2026-06-24,faa,SPY,0.1783,-0.0151,0.1243,0.0819,0.2340
2026-06-24,faa,VNQ,0.2218,0.0077,0.1093,0.1227,0.1120
2026-06-24,eaa,DBC,-0.3016,-0.1319,-0.0612,0.1993,0.2234
2026-06-24,eaa,EEM,0.4774,0.0177,0.1862,0.2481,0.4559
2026-06-24,eaa,EFA,0.1739,-0.0033,0.0878,0.0856,0.2131
2026-06-24,eaa,GLD,-0.4331,-0.1145,-0.0933,-0.0817,0.1780
2026-06-24,eaa,IEF,0.0551,0.0124,0.0086,0.0003,0.0367
2026-06-24,eaa,SHY,0.0231,0.0022,0.0059,0.0061,0.0298
2026-06-24,eaa,SPY,0.1772,-0.0154,0.1240,0.0817,0.2337
2026-06-24,eaa,VNQ,0.2205,0.0075,0.1090,0.1224,0.1117
2026-06-24,laa,GLD,-1.7401,-0.1149,-0.0937,-0.0821,0.1774
2026-06-24,laa,IEF,0.2203,0.0124,0.0086,0.0003,0.0367
2026-06-24,laa,IWD,1.3238,0.0195,0.1268,0.1523,0.2781
2026-06-24,laa,QQQ,1.3470,-0.0123,0.2135,0.1514,0.3379
2026-06-24,laa,SHY,0.0946,0.0023,0.0060,0.0062,0.0299
2026-06-24,laa,SPY,0.7048,-0.0156,0.1238,0.0815,0.2335
2026-06-25,daa,BND,0.2202,0.0092,0.0114,0.0113,0.0416
2026-06-25,daa,DBC,-0.7971,-0.1064,-0.0474,0.1985,0.2721
2026-06-25,daa,EEM,1.7405,-0.0002,0.1909,0.2661,0.4475
2026-06-25,daa,EWJ,1.2706,0.0126,0.1100,0.1691,0.3416
2026-06-25,daa,GLD,-1.6972,-0.1062,-0.1111,-0.0936,0.2085
2026-06-25,daa,HYG,0.1929,0.0013,0.0211,0.0182,0.0565
2026-06-25,daa,IEF,0.1785,0.0098,0.0050,0.0030,0.0349
2026-06-25,daa,IWM,1.8776,0.0297,0.1879,0.1818,0.4059
2026-06-25,daa,LQD,0.2730,0.0101,0.0187,0.0131,0.0513
2026-06-25,daa,QQQ,1.3218,-0.0178,0.2203,0.1599,0.3338
2026-06-25,daa,SHY,0.0911,0.0020,0.0056,0.0075,0.0299
2026-06-25,daa,SPY,0.6048,-0.0206,0.1193,0.0764,0.2218
2026-06-25,daa,TLT,0.5444,0.0318,0.0189,0.0201,0.0464
2026-06-25,daa,VGK,0.6574,-0.0036,0.0905,0.0762,0.1862
2026-06-25,daa,VNQ,0.8470,0.0044,0.1117,0.1185,0.1106
2026-06-25,daa,VWO,0.5234,-0.0213,0.0848,0.1029,0.2333
2026-06-25,vaa,AGG,0.2261,0.0092,0.0120,0.0114,0.0452
2026-06-25,vaa,EEM,1.7451,-0.0000,0.1912,0.2664,0.4478
2026-06-25,vaa,EFA,0.7362,-0.0014,0.0861,0.0970,0.2141
2026-06-25,vaa,IEF,0.1775,0.0097,0.0049,0.0029,0.0348
2026-06-25,vaa,LQD,0.2739,0.0101,0.0187,0.0131,0.0514
2026-06-25,vaa,SHY,0.0900,0.0019,0.0056,0.0074,0.0298
2026-06-25,vaa,SPY,0.6032,-0.0207,0.1192,0.0763,0.2217
2026-06-25,paa,DBC,-0.8073,-0.1069,-0.0479,0.1979,0.2714
2026-06-25,paa,EEM,1.7512,0.0003,0.1915,0.2668,0.4482
2026-06-25,paa,EWJ,1.2695,0.0125,0.1099,0.1691,0.3415
2026-06-25,paa,GLD,-1.7019,-0.1064,-0.1113,-0.0938,0.2082
2026-06-25,paa,HYG,0.1929,0.0013,0.0211,0.0182,0.0565
2026-06-25,paa,IEF,0.1785,0.0098,0.0050,0.0030,0.0349
2026-06-25,paa,IWM,1.8846,0.0300,0.1883,0.1822,0.4064
2026-06-25,paa,LQD,0.2739,0.0101,0.0187,0.0131,0.0514
2026-06-25,paa,QQQ,1.3302,-0.0173,0.2208,0.1604,0.3344
2026-06-25,paa,SHY,0.0900,0.0019,0.0056,0.0074,0.0298
2026-06-25,paa,SPY,0.6083,-0.0204,0.1195,0.0766,0.2221
2026-06-25,paa,TLT,0.5444,0.0318,0.0189,0.0201,0.0464
2026-06-25,paa,VGK,0.6574,-0.0036,0.0905,0.0762,0.1862
2026-06-25,paa,VNQ,0.8419,0.0041,0.1114,0.1182,0.1103
2026-06-25,baa_g12,DBC,-0.8005,-0.1066,-0.0476,0.1983,0.2719
2026-06-25,baa_g12,EEM,1.7497,0.0002,0.1915,0.2667,0.4481
2026-06-25,baa_g12,EWJ,1.2727,0.0127,0.1101,0.1693,0.3417
2026-06-25,baa_g12,GLD,-1.6967,-0.1062,-0.1111,-0.0935,0.2086
2026-06-25,baa_g12,HYG,0.1929,0.0013,0.0211,0.0182,0.0565
2026-06-25,baa_g12,IEF,0.1779,0.0098,0.0050,0.0030,0.0349
2026-06-25,baa_g12,IWM,1.8874,0.0302,0.1885,0.1823,0.4066
2026-06-25,baa_g12,LQD,0.2739,0.0101,0.0187,0.0131,0.0514
2026-06-25,baa_g12,QQQ,1.3318,-0.0173,0.2209,0.1605,0.3345
2026-06-25,baa_g12,SHY,0.0900,0.0019,0.0056,0.0074,0.0298
2026-06-25,baa_g12,SPY,0.6110,-0.0203,0.1196,0.0767,0.2222
2026-06-25,baa_g12,TLT,0.5444,0.0318,0.0189,0.0201,0.0464
2026-06-25,baa_g12,VGK,0.6608,-0.0034,0.0907,0.0764,0.1864
2026-06-25,baa_g12,VNQ,0.8399,0.0040,0.1113,0.1180,0.1102
2026-06-25,baa_g4,AGG,0.2273,0.0092,0.0121,0.0115,0.0452
2026-06-25,baa_g4,EEM,1.7497,0.0002,0.1915,0.2667,0.4481
2026-06-25,baa_g4,EFA,0.7362,-0.0014,0.0861,0.0970,0.2141
2026-06-25,baa_g4,IEF,0.1775,0.0097,0.0049,0.0029,0.0348
2026-06-25,baa_g4,LQD,0.2739,0.0101,0.0187,0.0131,0.0514
2026-06-25,baa_g4,SHY,0.0900,0.0019,0.0056,0.0074,0.0298
2026-06-25,baa_g4,SPY,0.6080,-0.0204,0.1194,0.0766,0.2220
2026-06-25,gem,AGG,0.0452,0.0092,0.0120,0.0114,0.0452
2026-06-25,gem,EFA,0.2141,-0.0014,0.0861,0.0970,0.2141
2026-06-25,gem,SPY,0.2220,-0.0204,0.1194,0.0766,0.2220
2026-06-25,haa,AGG,0.2266,0.0092,0.0120,0.0114,0.0452
2026-06-25,haa,EEM,1.7436,-0.0001,0.1911,0.2663,0.4477
2026-06-25,haa,EFA,0.7305,-0.0017,0.0858,0.0967,0.2137
2026-06-25,haa,IEF,0.1775,0.0097,0.0049,0.0029,0.0348
2026-06-25,haa,LQD,0.2748,0.0102,0.0188,0.0132,0.0514
2026-06-25,haa,SHY,0.0900,0.0019,0.0056,0.0074,0.0298
2026-06-25,haa,SPY,0.6011,-0.0208,0.1190,0.0762,0.2216
2026-06-25,permanent,BIL,0.1445,0.0028,0.0090,0.0179,0.0386
2026-06-25,permanent,GLD,-1.6939,-0.1060,-0.1109,-0.0934,0.2088
2026-06-25,permanent,SPY,0.6008,-0.0208,0.1190,0.0762,0.2216
2026-06-25,permanent,TLT,0.5444,0.0318,0.0189,0.0201,0.0464
2026-06-25,all_weather,DBC,-0.7971,-0.1064,-0.0474,0.1985,0.2721
2026-06-25,all_weather,GLD,-1.6939,-0.1060,-0.1109,-0.0934,0.2088
2026-06-25,all_weather,IEF,0.1775,0.0097,0.0049,0.0029,0.0348
2026-06-25,all_weather,SPY,0.6037,-0.0206,0.1192,0.0763,0.2218
2026-06-25,all_weather,TLT,0.5444,0.0318,0.0189,0.0201,0.0464
2026-06-25,golden_butterfly,GLD,-1.6969,-0.1062,-0.1111,-0.0935,0.2085
2026-06-25,golden_butterfly,SHY,0.0900,0.0019,0.0056,0.0074,0.0298
2026-06-25,golden_butterfly,SPY,0.5992,-0.0209,0.1189,0.0761,0.2215
2026-06-25,golden_butterfly,TLT,0.5444,0.0318,0.0189,0.0201,0.0464
2026-06-25,golden_butterfly,VBR,1.3207,0.0294,0.1093,0.1299,0.2705
2026-06-25,gtaa,DBC,-0.7971,-0.1064,-0.0474,0.1985,0.2721
2026-06-25,gtaa,EFA,0.7276,-0.0018,0.0857,0.0966,0.2136
2026-06-25,gtaa,IEF,0.1785,0.0098,0.0050,0.0030,0.0349
2026-06-25,gtaa,SHY,0.0908,0.0020,0.0056,0.0074,0.0298
2026-06-25,gtaa,SPY,0.5995,-0.0208,0.1189,0.0761,0.2215
2026-06-25,gtaa,VNQ,0.8410,0.0041,0.1113,0.1181,0.1103
2026-06-25,ivy,DBC,-0.7971,-0.1064,-0.0474,0.1985,0.2721
2026-06-25,ivy,EFA,0.7276,-0.0018,0.0857,0.0966,0.2136
2026-06-25,ivy,IEF,0.1785,0.0098,0.0050,0.0030,0.0349
2026-06-25,ivy,SHY,0.0900,0.0019,0.0056,0.0074,0.0298
2026-06-25,ivy,VNQ,0.8450,0.0043,0.1115,0.1183,0.1105
2026-06-25,ivy,VTI,0.7039,-0.0149,0.1228,0.0814,0.2287
2026-06-25,faa,AGG,0.0571,0.0093,0.0121,0.0116,0.0453
2026-06-25,faa,DBC,-0.1993,-0.1064,-0.0474,0.1985,0.2721
2026-06-25,faa,EEM,0.4321,-0.0008,0.1902,0.2654,0.4466
2026-06-25,faa,EFA,0.1798,-0.0022,0.0852,0.0961,0.2130
2026-06-25,faa,SHY,0.0225,0.0019,0.0056,0.0074,0.0298
2026-06-25,faa,SPY,0.1473,-0.0213,0.1184,0.0756,0.2209
2026-06-25,faa,VNQ,0.2105,0.0041,0.1114,0.1182,0.1103
2026-06-25,eaa,DBC,-0.2001,-0.1064,-0.0474,0.1985,0.2689
2026-06-25,eaa,EEM,0.4328,-0.0007,0.1904,0.2656,0.4468
2026-06-25,eaa,EFA,0.1798,-0.0022,0.0852,0.0961,0.2130
2026-06-25,eaa,GLD,-0.4251,-0.1064,-0.1113,-0.0937,0.2083
2026-06-25,eaa,IEF,0.0444,0.0097,0.0049,0.0029,0.0348
2026-06-25,eaa,SHY,0.0225,0.0019,0.0056,0.0074,0.0298
2026-06-25,eaa,SPY,0.1488,-0.0210,0.1187,0.0759,0.2212
2026-06-25,eaa,VNQ,0.2118,0.0044,0.1117,0.1185,0.1106
2026-06-25,laa,GLD,-1.6997,-0.1063,-0.1112,-0.0937,0.2084
2026-06-25,laa,IEF,0.1775,0.0097,0.0049,0.0029,0.0348
2026-06-25,laa,IWD,1.5182,0.0284,0.1405,0.1632,0.2893
2026-06-25,laa,QQQ,1.3094,-0.0184,0.2196,0.1592,0.3330
2026-06-25,laa,SHY,0.0900,0.0019,0.0056,0.0074,0.0298
2026-06-25,laa,SPY,0.5981,-0.0209,0.1189,0.0760,0.2214
2026-06-26,daa,BND,0.2455,0.0089,0.0181,0.0121,0.0420
2026-06-26,daa,DBC,-0.8393,-0.0988,-0.0656,0.1738,0.2615
2026-06-26,daa,EEM,1.7720,-0.0060,0.2256,0.2517,0.4378
2026-06-26,daa,EWJ,1.3240,0.0132,0.1305,0.1524,0.3391
2026-06-26,daa,GLD,-1.2183,-0.0826,-0.0647,-0.0941,0.2202
2026-06-26,daa,HYG,0.2238,0.0019,0.0275,0.0174,0.0567
2026-06-26,daa,IEF,0.2328,0.0108,0.0146,0.0048,0.0359
2026-06-26,daa,IWM,2.0081,0.0307,0.2095,0.1894,0.4232
2026-06-26,daa,LQD,0.2973,0.0092,0.0272,0.0126,0.0531
2026-06-26,daa,QQQ,1.3591,-0.0205,0.2452,0.1499,0.3251
2026-06-26,daa,SHY,0.1109,0.0025,0.0084,0.0086,0.0303
2026-06-26,daa,SPY,0.7212,-0.0182,0.1421,0.0739,0.2238
2026-06-26,daa,TLT,0.5051,0.0273,0.0255,0.0164,0.0429
2026-06-26,daa,VGK,0.6354,-0.0083,0.1050,0.0644,0.1858
2026-06-26,daa,VNQ,1.2177,0.0226,0.1299,0.1360,0.1550
2026-06-26,daa,VWO,0.5641,-0.0250,0.1122,0.0946,0.2267
2026-06-26,vaa,AGG,0.2496,0.0089,0.0183,0.0120,0.0458
2026-06-26,vaa,EEM,1.7548,-0.0068,0.2246,0.2507,0.4366
2026-06-26,vaa,EFA,0.7461,-0.0038,0.1026,0.0839,0.2136
2026-06-26,vaa,IEF,0.2328,0.0108,0.0146,0.0048,0.0359
2026-06-26,vaa,LQD,0.2978,0.0092,0.0272,0.0126,0.0531
2026-06-26,vaa,SHY,0.1109,0.0025,0.0084,0.0086,0.0303
2026-06-26,vaa,SPY,0.7153,-0.0185,0.1418,0.0736,0.2235
2026-06-26,paa,DBC,-0.8425,-0.0988,-0.0656,0.1738,0.2583
2026-06-26,paa,EEM,1.7563,-0.0067,0.2246,0.2508,0.4367
2026-06-26,paa,EWJ,1.3142,0.0127,0.1300,0.1518,0.3385
2026-06-26,paa,GLD,-1.2208,-0.0828,-0.0648,-0.0942,0.2200
2026-06-26,paa,HYG,0.2226,0.0018,0.0274,0.0173,0.0566
2026-06-26,paa,IEF,0.2328,0.0108,0.0146,0.0048,0.0359
2026-06-26,paa,IWM,2.0004,0.0303,0.2091,0.1889,0.4227
2026-06-26,paa,LQD,0.2973,0.0092,0.0272,0.0126,0.0531
2026-06-26,paa,QQQ,1.3500,-0.0210,0.2446,0.1494,0.3246
2026-06-26,paa,SHY,0.1109,0.0025,0.0084,0.0086,0.0303
2026-06-26,paa,SPY,0.7160,-0.0185,0.1418,0.0736,0.2235
2026-06-26,paa,TLT,0.5051,0.0273,0.0255,0.0164,0.0429
2026-06-26,paa,VGK,0.6354,-0.0083,0.1050,0.0644,0.1858
2026-06-26,paa,VNQ,1.2116,0.0223,0.1295,0.1356,0.1547
2026-06-26,baa_g12,DBC,-0.8393,-0.0988,-0.0656,0.1738,0.2615
2026-06-26,baa_g12,EEM,1.7548,-0.0068,0.2246,0.2507,0.4366
2026-06-26,baa_g12,EWJ,1.3174,0.0128,0.1302,0.1520,0.3387
2026-06-26,baa_g12,GLD,-1.2180,-0.0826,-0.0646,-0.0940,0.2202
2026-06-26,baa_g12,HYG,0.2226,0.0018,0.0274,0.0173,0.0566
2026-06-26,baa_g12,IEF,0.2318,0.0107,0.0145,0.0047,0.0358
2026-06-26,baa_g12,IWM,2.0060,0.0306,0.2094,0.1892,0.4230
2026-06-26,baa_g12,LQD,0.2982,0.0092,0.0273,0.0126,0.0532
2026-06-26,baa_g12,QQQ,1.3574,-0.0206,0.2451,0.1498,0.3250
2026-06-26,baa_g12,SHY,0.1121,0.0025,0.0085,0.0086,0.0304
2026-06-26,baa_g12,SPY,0.7214,-0.0182,0.1421,0.0739,0.2239
2026-06-26,baa_g12,TLT,0.5074,0.0274,0.0256,0.0165,0.0430
2026-06-26,baa_g12,VGK,0.6376,-0.0082,0.1052,0.0645,0.1859
2026-06-26,baa_g12,VNQ,1.2116,0.0223,0.1295,0.1356,0.1547
2026-06-26,baa_g4,AGG,0.2493,0.0089,0.0183,0.0119,0.0458
2026-06-26,baa_g4,EEM,1.7625,-0.0064,0.2250,0.2512,0.4371
2026-06-26,baa_g4,EFA,0.7538,-0.0034,0.1030,0.0843,0.2141
2026-06-26,baa_g4,IEF,0.2328,0.0108,0.0146,0.0048,0.0359
2026-06-26,baa_g4,LQD,0.2991,0.0093,0.0273,0.0127,0.0532
2026-06-26,baa_g4,SHY,0.1121,0.0025,0.0085,0.0086,0.0304
2026-06-26,baa_g4,SPY,0.7167,-0.0185,0.1419,0.0736,0.2236
2026-06-26,gem,AGG,0.0458,0.0089,0.0183,0.0120,0.0458
2026-06-26,gem,EFA,0.2138,-0.0036,0.1028,0.0841,0.2138
2026-06-26,gem,SPY,0.2235,-0.0185,0.1418,0.0736,0.2235
2026-06-26,haa,AGG,0.2506,0.0089,0.0183,0.0120,0.0459
2026-06-26,haa,EEM,1.7548,-0.0068,0.2246,0.2507,0.4366
2026-06-26,haa,EFA,0.7500,-0.0036,0.1028,0.0841,0.2138
2026-06-26,haa,IEF,0.2338,0.0108,0.0146,0.0048,0.0359
2026-06-26,haa,LQD,0.2991,0.0093,0.0273,0.0127,0.0532
2026-06-26,haa,SHY,0.1109,0.0025,0.0084,0.0086,0.0303
2026-06-26,haa,SPY,0.7148,-0.0186,0.1418,0.0735,0.2234
2026-06-26,permanent,BIL,0.1474,0.0030,0.0091,0.0181,0.0388
2026-06-26,permanent,GLD,-1.2161,-0.0825,-0.0645,-0.0939,0.2203
2026-06-26,permanent,SPY,0.7153,-0.0185,0.1418,0.0736,0.2235
2026-06-26,permanent,TLT,0.5096,0.0275,0.0257,0.0166,0.0432
2026-06-26,all_weather,DBC,-0.8425,-0.0988,-0.0656,0.1738,0.2583
2026-06-26,all_weather,GLD,-1.2203,-0.0827,-0.0648,-0.0942,0.2200
2026-06-26,all_weather,IEF,0.2328,0.0108,0.0146,0.0048,0.0359
2026-06-26,all_weather,SPY,0.7127,-0.0187,0.1416,0.0734,0.2233
2026-06-26,all_weather,TLT,0.5096,0.0275,0.0257,0.0166,0.0432
2026-06-26,golden_butterfly,GLD,-1.2210,-0.0828,-0.0648,-0.0942,0.2200
2026-06-26,golden_butterfly,SHY,0.1109,0.0025,0.0084,0.0086,0.0303
2026-06-26,golden_butterfly,SPY,0.7062,-0.0190,0.1413,0.0731,0.2229
2026-06-26,golden_butterfly,TLT,0.5107,0.0276,0.0258,0.0167,0.0432
2026-06-26,golden_butterfly,VBR,1.4661,0.0338,0.1241,0.1385,0.2866
2026-06-26,gtaa,DBC,-0.8496,-0.0994,-0.0661,0.1731,0.2608
2026-06-26,gtaa,EFA,0.7490,-0.0037,0.1028,0.0841,0.2138
2026-06-26,gtaa,IEF,0.2328,0.0108,0.0146,0.0048,0.0359
2026-06-26,gtaa,SHY,0.1109,0.0025,0.0084,0.0086,0.0303
2026-06-26,gtaa,SPY,0.7054,-0.0190,0.1412,0.0730,0.2229
2026-06-26,gtaa,VNQ,1.2002,0.0217,0.1289,0.1350,0.1540
2026-06-26,ivy,DBC,-0.8528,-0.0994,-0.0661,0.1731,0.2576
2026-06-26,ivy,EFA,0.7433,-0.0040,0.1024,0.0838,0.2134
2026-06-26,ivy,IEF,0.2328,0.0108,0.0146,0.0048,0.0359
2026-06-26,ivy,SHY,0.1109,0.0025,0.0084,0.0086,0.0303
2026-06-26,ivy,VNQ,1.1982,0.0216,0.1288,0.1349,0.1539
2026-06-26,ivy,VTI,0.8215,-0.0126,0.1449,0.0801,0.2327
2026-06-26,faa,AGG,0.0629,0.0090,0.0184,0.0121,0.0459
2026-06-26,faa,DBC,-0.2124,-0.0994,-0.0661,0.1731,0.2608
2026-06-26,faa,EEM,0.4372,-0.0071,0.2242,0.2503,0.4362
2026-06-26,faa,EFA,0.1859,-0.0039,0.1024,0.0838,0.2134
2026-06-26,faa,SHY,0.0277,0.0025,0.0084,0.0086,0.0303
2026-06-26,faa,SPY,0.1776,-0.0188,0.1415,0.0733,0.2232
2026-06-26,faa,VNQ,0.2995,0.0216,0.1288,0.1349,0.1539
2026-06-26,eaa,DBC,-0.2124,-0.0994,-0.0661,0.1731,0.2608
2026-06-26,eaa,EEM,0.4372,-0.0071,0.2242,0.2503,0.4362
2026-06-26,eaa,EFA,0.1868,-0.0038,0.1026,0.0840,0.2137
2026-06-26,eaa,GLD,-0.3051,-0.0827,-0.0648,-0.0942,0.2200
2026-06-26,eaa,IEF,0.0587,0.0109,0.0147,0.0049,0.0360
2026-06-26,eaa,SHY,0.0277,0.0025,0.0084,0.0086,0.0303
2026-06-26,eaa,SPY,0.1778,-0.0187,0.1415,0.0733,0.2232
2026-06-26,eaa,VNQ,0.2995,0.0216,0.1288,0.1349,0.1539
2026-06-26,laa,GLD,-1.2197,-0.0827,-0.0647,-0.0941,0.2201
2026-06-26,laa,IEF,0.2348,0.0109,0.0147,0.0049,0.0360
2026-06-26,laa,IWD,1.5324,0.0269,0.1497,0.1590,0.2928
2026-06-26,laa,QQQ,1.3343,-0.0217,0.2436,0.1485,0.3235
2026-06-26,laa,SHY,0.1121,0.0025,0.0085,0.0086,0.0304
2026-06-26,laa,SPY,0.7074,-0.0189,0.1413,0.0731,0.2230
2026-06-29,daa,BND,0.2172,0.0071,0.0182,0.0098,0.0392
2026-06-29,daa,DBC,-0.9841,-0.1043,-0.0852,0.1763,0.2559
2026-06-29,daa,EEM,1.6232,-0.0149,0.2244,0.2420,0.4200
2026-06-29,daa,EWJ,1.3438,0.0100,0.1498,0.1559,0.3131
2026-06-29,daa,GLD,-1.7180,-0.1060,-0.1102,-0.1042,0.2029
2026-06-29,daa,HYG,0.2449,0.0023,0.0319,0.0172,0.0555
2026-06-29,daa,IEF,0.1942,0.0083,0.0144,0.0021,0.0321
2026-06-29,daa,IWM,1.9449,0.0224,0.2281,0.1835,0.3971
2026-06-29,daa,LQD,0.2853,0.0075,0.0311,0.0100,0.0507
2026-06-29,daa,QQQ,1.6073,-0.0160,0.2866,0.1616,0.3301
2026-06-29,daa,SHY,0.0873,0.0016,0.0060,0.0076,0.0287
2026-06-29,daa,SPY,0.8681,-0.0162,0.1707,0.0782,0.2235
2026-06-29,daa,TLT,0.4815,0.0238,0.0329,0.0121,0.0395
2026-06-29,daa,VGK,0.8211,0.0010,0.1217,0.0694,0.1829
2026-06-29,daa,VNQ,1.1490,0.0195,0.1314,0.1208,0.1482
2026-06-29,daa,VWO,0.8024,-0.0118,0.1277,0.1027,0.2272
2026-06-29,vaa,AGG,0.2231,0.0071,0.0186,0.0100,0.0432
2026-06-29,vaa,EEM,1.6202,-0.0150,0.2243,0.2418,0.4198
2026-06-29,vaa,EFA,0.8855,0.0023,0.1187,0.0884,0.2066
2026-06-29,vaa,IEF,0.1922,0.0082,0.0143,0.0020,0.0320
2026-06-29,vaa,LQD,0.2853,0.0075,0.0311,0.0100,0.0507
2026-06-29,vaa,SHY,0.0873,0.0016,0.0060,0.0076,0.0287
2026-06-29,vaa,SPY,0.8678,-0.0163,0.1707,0.0782,0.2235
2026-06-29,paa,DBC,-0.9775,-0.1041,-0.0851,0.1765,0.2593
2026-06-29,paa,EEM,1.6156,-0.0152,0.2240,0.2415,0.4195
2026-06-29,paa,EWJ,1.3383,0.0097,0.1495,0.1556,0.3127
2026-06-29,paa,GLD,-1.7189,-0.1060,-0.1102,-0.1042,0.2028
2026-06-29,paa,HYG,0.2425,0.0022,0.0317,0.0171,0.0553
2026-06-29,paa,IEF,0.1922,0.0082,0.0143,0.0020,0.0320
2026-06-29,paa,IWM,1.9439,0.0223,0.2281,0.1835,0.3970
2026-06-29,paa,LQD,0.2853,0.0075,0.0311,0.0100,0.0507
2026-06-29,paa,QQQ,1.5962,-0.0166,0.2859,0.1609,0.3293
2026-06-29,paa,SHY,0.0896,0.0017,0.0061,0.0077,0.0288
2026-06-29,paa,SPY,0.8618,-0.0165,0.1704,0.0779,0.2232
2026-06-29,paa,TLT,0.4804,0.0238,0.0329,0.0120,0.0395
2026-06-29,paa,VGK,0.8177,0.0009,0.1216,0.0692,0.1827
2026-06-29,paa,VNQ,1.1511,0.0196,0.1315,0.1209,0.1483
2026-06-29,baa_g12,DBC,-0.9807,-0.1041,-0.0851,0.1765,0.2561
2026-06-29,baa_g12,EEM,1.6110,-0.0155,0.2237,0.2413,0.4191
2026-06-29,baa_g12,EWJ,1.3318,0.0094,0.1491,0.1552,0.3123
2026-06-29,baa_g12,GLD,-1.7236,-0.1063,-0.1104,-0.1045,0.2025
2026-06-29,baa_g12,HYG,0.2401,0.0020,0.0316,0.0170,0.0552
2026-06-29,baa_g12,IEF,0.1912,0.0082,0.0142,0.0020,0.0320
2026-06-29,baa_g12,IWM,1.9393,0.0221,0.2278,0.1832,0.3967
2026-06-29,baa_g12,LQD,0.2836,0.0074,0.0310,0.0099,0.0506
2026-06-29,baa_g12,QQQ,1.6010,-0.0163,0.2862,0.1612,0.3296
2026-06-29,baa_g12,SHY,0.0896,0.0017,0.0061,0.0077,0.0288
2026-06-29,baa_g12,SPY,0.8629,-0.0165,0.1704,0.0779,0.2232
2026-06-29,baa_g12,TLT,0.4770,0.0236,0.0327,0.0118,0.0393
2026-06-29,baa_g12,VGK,0.8178,0.0009,0.1216,0.0692,0.1827
2026-06-29,baa_g12,VNQ,1.1521,0.0196,0.1316,0.1210,0.1483
2026-06-29,baa_g4,AGG,0.2204,0.0070,0.0185,0.0098,0.0431
2026-06-29,baa_g4,EEM,1.6171,-0.0152,0.2241,0.2416,0.4196
2026-06-29,baa_g4,EFA,0.8797,0.0020,0.1183,0.0881,0.2062
2026-06-29,baa_g4,IEF,0.1921,0.0082,0.0143,0.0020,0.0320
2026-06-29,baa_g4,LQD,0.2836,0.0074,0.0310,0.0099,0.0506
2026-06-29,baa_g4,SHY,0.0884,0.0017,0.0061,0.0077,0.0287
2026-06-29,baa_g4,SPY,0.8655,-0.0164,0.1706,0.0781,0.2234
2026-06-29,gem,AGG,0.0431,0.0070,0.0185,0.0098,0.0431
2026-06-29,gem,EFA,0.2064,0.0021,0.1184,0.0882,0.2064
2026-06-29,gem,SPY,0.2235,-0.0163,0.1707,0.0782,0.2235
2026-06-29,haa,AGG,0.2202,0.0070,0.0185,0.0098,0.0431
2026-06-29,haa,EEM,1.6202,-0.0150,0.2243,0.2418,0.4198
2026-06-29,haa,EFA,0.8826,0.0021,0.1185,0.0882,0.2064
2026-06-29,haa,IEF,0.1912,0.0082,0.0142,0.0020,0.0320
2026-06-29,haa,LQD,0.2836,0.0074,0.0310,0.0099,0.0506
2026-06-29,haa,SHY,0.0884,0.0017,0.0061,0.0077,0.0287
2026-06-29,haa,SPY,0.8637,-0.0165,0.1705,0.0780,0.2233
2026-06-29,permanent,BIL,0.1461,0.0030,0.0089,0.0179,0.0388
2026-06-29,permanent,GLD,-1.7212,-0.1062,-0.1103,-0.1043,0.2027
2026-06-29,permanent,SPY,0.8645,-0.0164,0.1705,0.0780,0.2233
2026-06-29,permanent,TLT,0.4737,0.0234,0.0325,0.0117,0.0391
2026-06-29,all_weather,DBC,-0.9741,-0.1040,-0.0849,0.1768,0.2595
2026-06-29,all_weather,GLD,-1.7212,-0.1062,-0.1103,-0.1043,0.2027
2026-06-29,all_weather,IEF,0.1902,0.0081,0.0142,0.0019,0.0319
2026-06-29,all_weather,SPY,0.8640,-0.0164,0.1705,0.0780,0.2233
2026-06-29,all_weather,TLT,0.4737,0.0234,0.0325,0.0117,0.0391
2026-06-29,golden_butterfly,GLD,-1.7161,-0.1059,-0.1101,-0.1041,0.2030
2026-06-29,golden_butterfly,SHY,0.0873,0.0016,0.0060,0.0076,0.0287
2026-06-29,golden_butterfly,SPY,0.8651,-0.0164,0.1706,0.0781,0.2234
2026-06-29,golden_butterfly,TLT,0.4737,0.0234,0.0325,0.0117,0.0391
2026-06-29,golden_butterfly,VBR,1.4901,0.0322,0.1407,0.1358,0.2698
2026-06-29,gtaa,DBC,-0.9741,-0.1040,-0.0849,0.1768,0.2595
2026-06-29,gtaa,EFA,0.8855,0.0023,0.1187,0.0884,0.2066
2026-06-29,gtaa,IEF,0.1902,0.0081,0.0142,0.0019,0.0319
2026-06-29,gtaa,SHY,0.0884,0.0017,0.0061,0.0077,0.0287
2026-06-29,gtaa,SPY,0.8632,-0.0165,0.1704,0.0779,0.2232
2026-06-29,gtaa,VNQ,1.1469,0.0194,0.1313,0.1207,0.1480
2026-06-29,ivy,DBC,-0.9773,-0.1040,-0.0849,0.1768,0.2563
2026-06-29,ivy,EFA,0.8845,0.0022,0.1186,0.0883,0.2065
2026-06-29,ivy,IEF,0.1902,0.0081,0.0142,0.0019,0.0319
2026-06-29,ivy,SHY,0.0884,0.0017,0.0061,0.0077,0.0287
2026-06-29,ivy,VNQ,1.1442,0.0192,0.1311,0.1205,0.1479
2026-06-29,ivy,VTI,0.9755,-0.0105,0.1746,0.0854,0.2324
2026-06-29,faa,AGG,0.0546,0.0069,0.0184,0.0097,0.0430
2026-06-29,faa,DBC,-0.2443,-0.1040,-0.0849,0.1768,0.2563
2026-06-29,faa,EEM,0.4050,-0.0150,0.2243,0.2418,0.4198
2026-06-29,faa,EFA,0.2221,0.0024,0.1188,0.0885,0.2068
2026-06-29,faa,SHY,0.0218,0.0016,0.0060,0.0076,0.0287
2026-06-29,faa,SPY,0.2181,-0.0160,0.1710,0.0784,0.2238
2026-06-29,faa,VNQ,0.2867,0.0194,0.1313,0.1207,0.1480
2026-06-29,eaa,DBC,-0.2443,-0.1040,-0.0849,0.1768,0.2563
2026-06-29,eaa,EEM,0.4066,-0.0147,0.2246,0.2422,0.4202
2026-06-29,eaa,EFA,0.2223,0.0025,0.1189,0.0886,0.2068
2026-06-29,eaa,GLD,-0.4283,-0.1057,-0.1099,-0.1039,0.2032
2026-06-29,eaa,IEF,0.0475,0.0081,0.0142,0.0019,0.0319
2026-06-29,eaa,SHY,0.0218,0.0016,0.0060,0.0076,0.0287
2026-06-29,eaa,SPY,0.2177,-0.0161,0.1709,0.0784,0.2237
2026-06-29,eaa,VNQ,0.2875,0.0195,0.1314,0.1209,0.1482
2026-06-29,laa,GLD,-1.7137,-0.1058,-0.1099,-0.1039,0.2032
2026-06-29,laa,IEF,0.1902,0.0081,0.0142,0.0019,0.0319
2026-06-29,laa,IWD,1.4950,0.0231,0.1594,0.1501,0.2795
2026-06-29,laa,QQQ,1.6090,-0.0159,0.2867,0.1616,0.3302
2026-06-29,laa,SHY,0.0873,0.0016,0.0060,0.0076,0.0287
2026-06-29,laa,SPY,0.8718,-0.0161,0.1709,0.0784,0.2238
2026-06-30,daa,BND,0.1508,0.0044,0.0109,0.0076,0.0393
2026-06-30,daa,DBC,-0.9141,-0.0968,-0.0901,0.1729,0.2624
2026-06-30,daa,EEM,2.0084,0.0022,0.2557,0.2546,0.4501
2026-06-30,daa,EWJ,1.3155,0.0088,0.1504,0.1582,0.2923
2026-06-30,daa,GLD,-1.8115,-0.1145,-0.1091,-0.1137,0.2262
2026-06-30,daa,HYG,0.2370,0.0017,0.0311,0.0181,0.0564
2026-06-30,daa,IEF,0.1051,0.0047,0.0048,-0.0013,0.0323
2026-06-30,daa,IWM,2.2806,0.0370,0.2569,0.2000,0.4089
2026-06-30,daa,LQD,0.1999,0.0040,0.0219,0.0075,0.0497
2026-06-30,daa,QQQ,1.9736,-0.0018,0.3201,0.1827,0.3496
2026-06-30,daa,SHY,0.0712,0.0009,0.0045,0.0067,0.0289
2026-06-30,daa,SPY,1.0140,-0.0105,0.1844,0.0873,0.2276
2026-06-30,daa,TLT,0.3098,0.0169,0.0127,0.0087,0.0393
2026-06-30,daa,VGK,0.8800,0.0062,0.1213,0.0715,0.1778
2026-06-30,daa,VNQ,1.1387,0.0236,0.1217,0.1142,0.1398
2026-06-30,daa,VWO,0.9823,-0.0023,0.1397,0.1059,0.2397
2026-06-30,vaa,AGG,0.1562,0.0043,0.0113,0.0076,0.0439
2026-06-30,vaa,EEM,2.0053,0.0020,0.2555,0.2544,0.4499
2026-06-30,vaa,EFA,0.9157,0.0048,0.1194,0.0904,0.2000
2026-06-30,vaa,IEF,0.1051,0.0047,0.0048,-0.0013,0.0323
2026-06-30,vaa,LQD,0.2017,0.0041,0.0220,0.0076,0.0498
2026-06-30,vaa,SHY,0.0712,0.0009,0.0045,0.0067,0.0289
2026-06-30,vaa,SPY,1.0142,-0.0105,0.1845,0.0873,0.2276
2026-06-30,paa,DBC,-0.9141,-0.0968,-0.0901,0.1729,0.2624
2026-06-30,paa,EEM,2.0053,0.0020,0.2555,0.2544,0.4499
2026-06-30,paa,EWJ,1.3173,0.0089,0.1505,0.1583,0.2924
2026-06-30,paa,GLD,-1.8119,-0.1145,-0.1091,-0.1137,0.2262
2026-06-30,paa,HYG,0.2370,0.0017,0.0311,0.0181,0.0564
2026-06-30,paa,IEF,0.1051,0.0047,0.0048,-0.0013,0.0323
2026-06-30,paa,IWM,2.2813,0.0370,0.2570,0.2001,0.4089
2026-06-30,paa,LQD,0.1999,0.0040,0.0219,0.0075,0.0497
2026-06-30,paa,QQQ,1.9730,-0.0018,0.3200,0.1827,0.3496
2026-06-30,paa,SHY,0.0715,0.0009,0.0045,0.0067,0.0289
2026-06-30,paa,SPY,1.0150,-0.0105,0.1845,0.0874,0.2277
2026-06-30,paa,TLT,0.3076,0.0167,0.0125,0.0086,0.0392
2026-06-30,paa,VGK,0.8800,0.0062,0.1213,0.0715,0.1778
2026-06-30,paa,VNQ,1.1346,0.0234,0.1215,0.1140,0.1396
2026-06-30,baa_g12,DBC,-0.9141,-0.0968,-0.0901,0.1729,0.2624
2026-06-30,baa_g12,EEM,2.0055,0.0021,0.2555,0.2544,0.4499
2026-06-30,baa_g12,EWJ,1.3170,0.0089,0.1504,0.1583,0.2924
2026-06-30,baa_g12,GLD,-1.8196,-0.1149,-0.1095,-0.1141,0.2256
2026-06-30,baa_g12,HYG,0.2370,0.0017,0.0311,0.0181,0.0564
2026-06-30,baa_g12,IEF,0.1051,0.0047,0.0048,-0.0013,0.0323
2026-06-30,baa_g12,IWM,2.2824,0.0371,0.2570,0.2001,0.4090
2026-06-30,baa_g12,LQD,0.1999,0.0040,0.0219,0.0075,0.0497
2026-06-30,baa_g12,QQQ,1.9713,-0.0019,0.3199,0.1826,0.3495
2026-06-30,baa_g12,SHY,0.0709,0.0009,0.0044,0.0066,0.0288
2026-06-30,baa_g12,SPY,1.0164,-0.0104,0.1846,0.0874,0.2278
2026-06-30,baa_g12,TLT,0.3110,0.0169,0.0127,0.0088,0.0394
2026-06-30,baa_g12,VGK,0.8800,0.0062,0.1213,0.0715,0.1778
2026-06-30,baa_g12,VNQ,1.1348,0.0234,0.1215,0.1140,0.1396
2026-06-30,baa_g4,AGG,0.1581,0.0044,0.0114,0.0077,0.0440
2026-06-30,baa_g4,EEM,2.0068,0.0021,0.2556,0.2545,0.4500
2026-06-30,baa_g4,EFA,0.9176,0.0049,0.1195,0.0905,0.2001
2026-06-30,baa_g4,IEF,0.1061,0.0047,0.0048,-0.0012,0.0323
2026-06-30,baa_g4,LQD,0.1999,0.0040,0.0219,0.0075,0.0497
2026-06-30,baa_g4,SHY,0.0715,0.0009,0.0045,0.0067,0.0289
2026-06-30,baa_g4,SPY,1.0158,-0.0104,0.1846,0.0874,0.2277
2026-06-30,gem,AGG,0.0439,0.0043,0.0113,0.0076,0.0439
2026-06-30,gem,EFA,0.2001,0.0049,0.1195,0.0905,0.2001
2026-06-30,gem,SPY,0.2277,-0.0104,0.1845,0.0874,0.2277
2026-06-30,haa,AGG,0.1562,0.0043,0.0113,0.0076,0.0439
2026-06-30,haa,EEM,2.0037,0.0020,0.2554,0.2543,0.4498
2026-06-30,haa,EFA,0.9186,0.0049,0.1195,0.0906,0.2002
2026-06-30,haa,IEF,0.1050,0.0047,0.0048,-0.0013,0.0323
2026-06-30,haa,LQD,0.2012,0.0040,0.0219,0.0076,0.0498
2026-06-30,haa,SHY,0.0715,0.0009,0.0045,0.0067,0.0289
2026-06-30,haa,SPY,1.0172,-0.0103,0.1846,0.0875,0.2278
2026-06-30,permanent,BIL,0.1427,0.0028,0.0089,0.0177,0.0384
2026-06-30,permanent,GLD,-1.8198,-0.1149,-0.1095,-0.1141,0.2256
2026-06-30,permanent,SPY,1.0161,-0.0104,0.1846,0.0874,0.2278
2026-06-30,permanent,TLT,0.3121,0.0170,0.0128,0.0089,0.0394
2026-06-30,all_weather,DBC,-0.9141,-0.0968,-0.0901,0.1729,0.2624
2026-06-30,all_weather,GLD,-1.8194,-0.1149,-0.1095,-0.1141,0.2256
2026-06-30,all_weather,IEF,0.1050,0.0047,0.0048,-0.0013,0.0323
2026-06-30,all_weather,SPY,1.0164,-0.0104,0.1846,0.0874,0.2278
2026-06-30,all_weather,TLT,0.3105,0.0169,0.0127,0.0088,0.0394
2026-06-30,golden_butterfly,GLD,-1.8171,-0.1148,-0.1094,-0.1140,0.2258
2026-06-30,golden_butterfly,SHY,0.0726,0.0010,0.0045,0.0067,0.0289
2026-06-30,golden_butterfly,SPY,1.0158,-0.0104,0.1846,0.0874,0.2277
2026-06-30,golden_butterfly,TLT,0.3106,0.0169,0.0127,0.0088,0.0394
2026-06-30,golden_butterfly,VBR,1.6356,0.0400,0.1505,0.1404,0.2724
2026-06-30,gtaa,DBC,-0.9141,-0.0968,-0.0901,0.1729,0.2624
2026-06-30,gtaa,EFA,0.9205,0.0050,0.1197,0.0907,0.2003
2026-06-30,gtaa,IEF,0.1050,0.0047,0.0048,-0.0013,0.0323
2026-06-30,gtaa,SHY,0.0715,0.0009,0.0045,0.0067,0.0289
2026-06-30,gtaa,SPY,1.0137,-0.0105,0.1844,0.0873,0.2276
2026-06-30,gtaa,VNQ,1.1408,0.0237,0.1219,0.1143,0.1400
2026-06-30,ivy,DBC,-0.9311,-0.0977,-0.0909,0.1718,0.2613
2026-06-30,ivy,EFA,0.9205,0.0050,0.1197,0.0907,0.2003
2026-06-30,ivy,IEF,0.1050,0.0047,0.0048,-0.0013,0.0323
2026-06-30,ivy,SHY,0.0715,0.0009,0.0045,0.0067,0.0289
2026-06-30,ivy,VNQ,1.1387,0.0236,0.1217,0.1142,0.1398
2026-06-30,ivy,VTI,1.1378,-0.0043,0.1902,0.0955,0.2375
2026-06-30,faa,AGG,0.0390,0.0043,0.0113,0.0076,0.0439
2026-06-30,faa,DBC,-0.2328,-0.0977,-0.0909,0.1718,0.2613
2026-06-30,faa,EEM,0.5025,0.0023,0.2558,0.2547,0.4502
2026-06-30,faa,EFA,0.2301,0.0050,0.1197,0.0907,0.2003
2026-06-30,faa,SHY,0.0179,0.0009,0.0045,0.0067,0.0289
2026-06-30,faa,SPY,0.2530,-0.0106,0.1843,0.0872,0.2275
2026-06-30,faa,VNQ,0.2844,0.0236,0.1217,0.1141,0.1398
2026-06-30,eaa,DBC,-0.2328,-0.0977,-0.0909,0.1718,0.2613
2026-06-30,eaa,EEM,0.5013,0.0020,0.2555,0.2544,0.4499
2026-06-30,eaa,EFA,0.2301,0.0050,0.1197,0.0907,0.2003
2026-06-30,eaa,GLD,-0.4559,-0.1151,-0.1097,-0.1143,0.2254
2026-06-30,eaa,IEF,0.0263,0.0047,0.0048,-0.0013,0.0323
2026-06-30,eaa,SHY,0.0178,0.0009,0.0045,0.0067,0.0288
2026-06-30,eaa,SPY,0.2529,-0.0106,0.1843,0.0872,0.2275
2026-06-30,eaa,VNQ,0.2847,0.0236,0.1217,0.1142,0.1398
2026-06-30,laa,GLD,-1.8224,-0.1151,-0.1096,-0.1143,0.2254
2026-06-30,laa,IEF,0.1041,0.0046,0.0047,-0.0013,0.0322
2026-06-30,laa,IWD,1.5178,0.0238,0.1633,0.1511,0.2765
2026-06-30,laa,QQQ,1.9679,-0.0021,0.3197,0.1824,0.3492
2026-06-30,laa,SHY,0.0711,0.0009,0.0045,0.0067,0.0288
2026-06-30,laa,SPY,1.0102,-0.0107,0.1842,0.0871,0.2274
2026-07-01,daa,BND,0.0842,0.0019,0.0057,0.0031,0.0322
2026-07-01,daa,DBC,-1.1057,-0.1157,-0.0839,0.1792,0.2601
2026-07-01,daa,EEM,1.1291,-0.0403,0.1843,0.2305,0.4142
2026-07-01,daa,EWJ,1.1741,0.0097,0.1112,0.1571,0.2984
2026-07-01,daa,GLD,-1.5299,-0.0918,-0.1320,-0.0629,0.2253
2026-07-01,daa,HYG,0.1865,0.0016,0.0205,0.0169,0.0514
2026-07-01,daa,IEF,0.0353,0.0024,-0.0010,-0.0067,0.0241
2026-07-01,daa,IWM,2.2647,0.0461,0.2189,0.2119,0.4121
2026-07-01,daa,LQD,0.0785,-0.0005,0.0108,0.0015,0.0391
2026-07-01,daa,QQQ,1.5252,-0.0177,0.2641,0.1766,0.3275
2026-07-01,daa,SHY,0.0648,0.0011,0.0032,0.0057,0.0277
2026-07-01,daa,SPY,0.8913,-0.0111,0.1534,0.0935,0.2243
2026-07-01,daa,TLT,0.0925,0.0059,0.0033,-0.0053,0.0187
2026-07-01,daa,VGK,0.7138,0.0067,0.0811,0.0700,0.1692
2026-07-01,daa,VNQ,1.3252,0.0441,0.1075,0.1151,0.1358
2026-07-01,daa,VWO,0.6586,-0.0160,0.1000,0.1090,0.2321
2026-07-01,vaa,AGG,0.0904,0.0019,0.0060,0.0035,0.0367
2026-07-01,vaa,EEM,1.1261,-0.0404,0.1841,0.2303,0.4140
2026-07-01,vaa,EFA,0.7389,0.0040,0.0796,0.0891,0.1943
2026-07-01,vaa,IEF,0.0373,0.0025,-0.0009,-0.0066,0.0242
2026-07-01,vaa,LQD,0.0794,-0.0005,0.0108,0.0015,0.0391
2026-07-01,vaa,SHY,0.0655,0.0011,0.0032,0.0058,0.0277
2026-07-01,vaa,SPY,0.8897,-0.0112,0.1533,0.0934,0.2242
2026-07-01,paa,DBC,-1.1089,-0.1157,-0.0839,0.1792,0.2569
2026-07-01,paa,EEM,1.1231,-0.0406,0.1840,0.2301,0.4138
2026-07-01,paa,EWJ,1.1730,0.0097,0.1112,0.1571,0.2984
2026-07-01,paa,GLD,-1.5346,-0.0920,-0.1322,-0.0632,0.2250
2026-07-01,paa,HYG,0.1866,0.0016,0.0205,0.0169,0.0514
2026-07-01,paa,IEF,0.0373,0.0025,-0.0009,-0.0066,0.0242
2026-07-01,paa,IWM,2.2612,0.0459,0.2187,0.2117,0.4118
2026-07-01,paa,LQD,0.0794,-0.0005,0.0108,0.0015,0.0391
2026-07-01,paa,QQQ,1.5127,-0.0183,0.2633,0.1759,0.3267
2026-07-01,paa,SHY,0.0648,0.0011,0.0032,0.0057,0.0277
2026-07-01,paa,SPY,0.8884,-0.0113,0.1532,0.0933,0.2242
2026-07-01,paa,TLT,0.0936,0.0060,0.0034,-0.0053,0.0187
2026-07-01,paa,VGK,0.7105,0.0065,0.0809,0.0698,0.1690
2026-07-01,paa,VNQ,1.3304,0.0444,0.1078,0.1154,0.1360
2026-07-01,baa_g12,DBC,-1.1024,-0.1155,-0.0838,0.1794,0.2603
2026-07-01,baa_g12,EEM,1.1186,-0.0408,0.1837,0.2298,0.4134
2026-07-01,baa_g12,EWJ,1.1665,0.0093,0.1108,0.1567,0.2979
2026-07-01,baa_g12,GLD,-1.5294,-0.0918,-0.1319,-0.0629,0.2253
2026-07-01,baa_g12,HYG,0.1853,0.0016,0.0204,0.0168,0.0514
2026-07-01,baa_g12,IEF,0.0380,0.0025,-0.0009,-0.0066,0.0242
2026-07-01,baa_g12,IWM,2.2612,0.0459,0.2187,0.2117,0.4118
2026-07-01,baa_g12,LQD,0.0786,-0.0005,0.0108,0.0015,0.0391
2026-07-01,baa_g12,QQQ,1.5136,-0.0182,0.2634,0.1760,0.3268
2026-07-01,baa_g12,SHY,0.0648,0.0011,0.0032,0.0057,0.0277
2026-07-01,baa_g12,SPY,0.8857,-0.0114,0.1531,0.0932,0.2240
2026-07-01,baa_g12,TLT,0.0936,0.0060,0.0034,-0.0053,0.0187
2026-07-01,baa_g12,VGK,0.7105,0.0065,0.0809,0.0698,0.1690
2026-07-01,baa_g12,VNQ,1.3294,0.0443,0.1078,0.1153,0.1360
2026-07-01,baa_g4,AGG,0.0902,0.0019,0.0060,0.0035,0.0367
2026-07-01,baa_g4,EEM,1.1171,-0.0408,0.1836,0.2297,0.4133
2026-07-01,baa_g4,EFA,0.7361,0.0039,0.0794,0.0889,0.1941
2026-07-01,baa_g4,IEF,0.0383,0.0026,-0.0009,-0.0066,0.0242
2026-07-01,baa_g4,LQD,0.0803,-0.0005,0.0109,0.0015,0.0392
2026-07-01,baa_g4,SHY,0.0648,0.0011,0.0032,0.0057,0.0277
2026-07-01,baa_g4,SPY,0.8852,-0.0114,0.1530,0.0931,0.2240
2026-07-01,gem,AGG,0.0367,0.0019,0.0060,0.0035,0.0367
2026-07-01,gem,EFA,0.1942,0.0039,0.0795,0.0890,0.1942
2026-07-01,gem,SPY,0.2241,-0.0113,0.1532,0.0933,0.2241
2026-07-01,haa,AGG,0.0902,0.0019,0.0060,0.0035,0.0367
2026-07-01,haa,EEM,1.1246,-0.0405,0.1841,0.2302,0.4139
2026-07-01,haa,EFA,0.7409,0.0041,0.0797,0.0892,0.1944
2026-07-01,haa,IEF,0.0373,0.0025,-0.0009,-0.0066,0.0242
2026-07-01,haa,LQD,0.0794,-0.0005,0.0108,0.0015,0.0391
2026-07-01,haa,SHY,0.0648,0.0011,0.0032,0.0057,0.0277
2026-07-01,haa,SPY,0.8913,-0.0111,0.1534,0.0935,0.2243
2026-07-01,permanent,BIL,0.1450,0.0029,0.0091,0.0179,0.0385
2026-07-01,permanent,GLD,-1.5322,-0.0919,-0.1321,-0.0631,0.2251
2026-07-01,permanent,SPY,0.8897,-0.0112,0.1533,0.0934,0.2242
2026-07-01,permanent,TLT,0.0925,0.0059,0.0033,-0.0053,0.0187
2026-07-01,all_weather,DBC,-1.1056,-0.1155,-0.0838,0.1794,0.2571
2026-07-01,all_weather,GLD,-1.5329,-0.0919,-0.1321,-0.0631,0.2251
2026-07-01,all_weather,IEF,0.0373,0.0025,-0.0009,-0.0066,0.0242
2026-07-01,all_weather,SPY,0.8902,-0.0112,0.1533,0.0934,0.2243
2026-07-01,all_weather,TLT,0.0936,0.0060,0.0034,-0.0053,0.0187
2026-07-01,golden_butterfly,GLD,-1.5262,-0.0916,-0.1318,-0.0627,0.2256
2026-07-01,golden_butterfly,SHY,0.0648,0.0011,0.0032,0.0057,0.0277
2026-07-01,golden_butterfly,SPY,0.8913,-0.0111,0.1534,0.0935,0.2243
2026-07-01,golden_butterfly,TLT,0.0936,0.0060,0.0034,-0.0053,0.0187
2026-07-01,golden_butterfly,VBR,1.6665,0.0478,0.1289,0.1503,0.2767
2026-07-01,gtaa,DBC,-1.1056,-0.1155,-0.0838,0.1794,0.2571
2026-07-01,gtaa,EFA,0.7437,0.0043,0.0798,0.0894,0.1946
2026-07-01,gtaa,IEF,0.0366,0.0025,-0.0010,-0.0067,0.0241
2026-07-01,gtaa,SHY,0.0648,0.0011,0.0032,0.0057,0.0277
2026-07-01,gtaa,SPY,0.8886,-0.0113,0.1532,0.0933,0.2242
2026-07-01,gtaa,VNQ,1.3398,0.0448,0.1083,0.1159,0.1366
2026-07-01,ivy,DBC,-1.1056,-0.1155,-0.0838,0.1794,0.2571
2026-07-01,ivy,EFA,0.7418,0.0042,0.0797,0.0893,0.1945
2026-07-01,ivy,IEF,0.0366,0.0025,-0.0010,-0.0067,0.0241
2026-07-01,ivy,SHY,0.0659,0.0011,0.0032,0.0058,0.0277
2026-07-01,ivy,VNQ,1.3377,0.0447,0.1082,0.1158,0.1365
2026-07-01,ivy,VTI,1.0206,-0.0044,0.1588,0.1021,0.2339
2026-07-01,faa,AGG,0.0225,0.0019,0.0060,0.0035,0.0367
2026-07-01,faa,DBC,-0.2756,-0.1155,-0.0838,0.1794,0.2603
2026-07-01,faa,EEM,0.2819,-0.0403,0.1842,0.2304,0.4141
2026-07-01,faa,EFA,0.1855,0.0042,0.0797,0.0893,0.1945
2026-07-01,faa,SHY,0.0165,0.0011,0.0032,0.0058,0.0277
2026-07-01,faa,SPY,0.2226,-0.0112,0.1533,0.0934,0.2243
2026-07-01,faa,VNQ,0.3352,0.0449,0.1084,0.1160,0.1366
2026-07-01,eaa,DBC,-0.2756,-0.1155,-0.0838,0.1794,0.2603
2026-07-01,eaa,EEM,0.2819,-0.0403,0.1842,0.2304,0.4141
2026-07-01,eaa,EFA,0.1855,0.0042,0.0797,0.0893,0.1945
2026-07-01,eaa,GLD,-0.3824,-0.0918,-0.1319,-0.0629,0.2253
2026-07-01,eaa,IEF,0.0095,0.0025,-0.0009,-0.0066,0.0242
2026-07-01,eaa,SHY,0.0165,0.0011,0.0032,0.0058,0.0277
2026-07-01,eaa,SPY,0.2216,-0.0114,0.1531,0.0932,0.2240
2026-07-01,eaa,VNQ,0.3357,0.0450,0.1085,0.1161,0.1367
2026-07-01,laa,GLD,-1.5344,-0.0920,-0.1322,-0.0632,0.2250
2026-07-01,laa,IEF,0.0383,0.0026,-0.0009,-0.0066,0.0242
2026-07-01,laa,IWD,1.6107,0.0340,0.1492,0.1624,0.2808
2026-07-01,laa,QQQ,1.4986,-0.0189,0.2625,0.1751,0.3258
2026-07-01,laa,SHY,0.0671,0.0012,0.0033,0.0059,0.0278
2026-07-01,laa,SPY,0.8809,-0.0116,0.1528,0.0929,0.2237
2026-07-02,daa,BND,0.0810,0.0016,0.0053,0.0035,0.0330
2026-07-02,daa,DBC,-1.1429,-0.1197,-0.0755,0.1712,0.2530
2026-07-02,daa,EEM,0.4574,-0.0741,0.1454,0.1945,0.3758
2026-07-02,daa,EWJ,0.8575,-0.0043,0.0774,0.1506,0.2988
2026-07-02,daa,GLD,-1.4177,-0.0828,-0.1370,-0.0527,0.2286
2026-07-02,daa,HYG,0.1958,0.0024,0.0195,0.0174,0.0543
2026-07-02,daa,IEF,0.0338,0.0017,-0.0002,-0.0057,0.0260
2026-07-02,daa,IWM,1.7282,0.0171,0.1887,0.1982,0.3716
2026-07-02,daa,LQD,0.0834,-0.0001,0.0101,0.0030,0.0382
2026-07-02,daa,QQQ,0.9165,-0.0466,0.2175,0.1499,0.3054
2026-07-02,daa,SHY,0.0841,0.0021,0.0042,0.0065,0.0297
2026-07-02,daa,SPY,0.6711,-0.0211,0.1348,0.0853,0.2141
2026-07-02,daa,TLT,0.0288,0.0015,0.0020,-0.0053,0.0138
2026-07-02,daa,VGK,0.8552,0.0156,0.0804,0.0812,0.1844
2026-07-02,daa,VNQ,1.2604,0.0404,0.1047,0.1140,0.1287
2026-07-02,daa,VWO,0.2919,-0.0379,0.0860,0.0940,0.2150
2026-07-02,vaa,AGG,0.0859,0.0016,0.0054,0.0039,0.0377
2026-07-02,vaa,EEM,0.4544,-0.0742,0.1453,0.1943,0.3756
2026-07-02,vaa,EFA,0.7617,0.0064,0.0718,0.0959,0.2058
2026-07-02,vaa,IEF,0.0338,0.0017,-0.0002,-0.0057,0.0260
2026-07-02,vaa,LQD,0.0834,-0.0001,0.0101,0.0030,0.0382
2026-07-02,vaa,SHY,0.0830,0.0020,0.0041,0.0064,0.0297
2026-07-02,vaa,SPY,0.6613,-0.0216,0.1342,0.0847,0.2135
2026-07-02,paa,DBC,-1.1429,-0.1197,-0.0755,0.1712,0.2530
2026-07-02,paa,EEM,0.4439,-0.0747,0.1447,0.1937,0.3748
2026-07-02,paa,EWJ,0.8510,-0.0047,0.0771,0.1502,0.2984
2026-07-02,paa,GLD,-1.4263,-0.0832,-0.1374,-0.0532,0.2280
2026-07-02,paa,HYG,0.1934,0.0022,0.0194,0.0173,0.0542
2026-07-02,paa,IEF,0.0338,0.0017,-0.0002,-0.0057,0.0260
2026-07-02,paa,IWM,1.7142,0.0164,0.1879,0.1974,0.3707
2026-07-02,paa,LQD,0.0834,-0.0001,0.0101,0.0030,0.0382
2026-07-02,paa,QQQ,0.9044,-0.0472,0.2168,0.1492,0.3046
2026-07-02,paa,SHY,0.0830,0.0020,0.0041,0.0064,0.0297
2026-07-02,paa,SPY,0.6679,-0.0212,0.1346,0.0851,0.2139
2026-07-02,paa,TLT,0.0321,0.0016,0.0022,-0.0051,0.0140
2026-07-02,paa,VGK,0.8541,0.0155,0.0804,0.0811,0.1844
2026-07-02,paa,VNQ,1.2656,0.0407,0.1050,0.1143,0.1290
2026-07-02,baa_g12,DBC,-1.1429,-0.1197,-0.0755,0.1712,0.2530
2026-07-02,baa_g12,EEM,0.4484,-0.0745,0.1449,0.1939,0.3752
2026-07-02,baa_g12,EWJ,0.8510,-0.0047,0.0771,0.1502,0.2984
2026-07-02,baa_g12,GLD,-1.4307,-0.0834,-0.1376,-0.0534,0.2277
2026-07-02,baa_g12,HYG,0.1946,0.0023,0.0195,0.0173,0.0543
2026-07-02,baa_g12,IEF,0.0338,0.0017,-0.0002,-0.0057,0.0260
2026-07-02,baa_g12,IWM,1.7156,0.0165,0.1880,0.1974,0.3708
2026-07-02,baa_g12,LQD,0.0852,0.0000,0.0101,0.0031,0.0383
2026-07-02,baa_g12,QQQ,0.9048,-0.0471,0.2168,0.1493,0.3047
2026-07-02,baa_g12,SHY,0.0819,0.0019,0.0041,0.0064,0.0296
2026-07-02,baa_g12,SPY,0.6650,-0.0214,0.1345,0.0849,0.2137
2026-07-02,baa_g12,TLT,0.0321,0.0016,0.0022,-0.0051,0.0140
2026-07-02,baa_g12,VGK,0.8529,0.0154,0.0803,0.0811,0.1843
2026-07-02,baa_g12,VNQ,1.2656,0.0407,0.1050,0.1143,0.1290
2026-07-02,baa_g4,AGG,0.0859,0.0016,0.0054,0.0039,0.0377
2026-07-02,baa_g4,EEM,0.4469,-0.0746,0.1448,0.1939,0.3751
2026-07-02,baa_g4,EFA,0.7560,0.0061,0.0715,0.0956,0.2055
2026-07-02,baa_g4,IEF,0.0348,0.0017,-0.0001,-0.0056,0.0260
2026-07-02,baa_g4,LQD,0.0843,-0.0000,0.0101,0.0030,0.0383
2026-07-02,baa_g4,SHY,0.0819,0.0019,0.0041,0.0064,0.0296
2026-07-02,baa_g4,SPY,0.6637,-0.0214,0.1344,0.0849,0.2136
2026-07-02,gem,AGG,0.0377,0.0016,0.0054,0.0039,0.0377
2026-07-02,gem,EFA,0.2055,0.0061,0.0715,0.0956,0.2055
2026-07-02,gem,SPY,0.2138,-0.0213,0.1346,0.0851,0.2138
2026-07-02,haa,AGG,0.0866,0.0016,0.0054,0.0039,0.0377
2026-07-02,haa,EEM,0.4544,-0.0742,0.1453,0.1943,0.3756
2026-07-02,haa,EFA,0.7579,0.0062,0.0716,0.0957,0.2056
2026-07-02,haa,IEF,0.0348,0.0017,-0.0001,-0.0056,0.0260
2026-07-02,haa,LQD,0.0843,-0.0000,0.0101,0.0030,0.0383
2026-07-02,haa,SHY,0.0819,0.0019,0.0041,0.0064,0.0296
2026-07-02,haa,SPY,0.6665,-0.0213,0.1345,0.0850,0.2138
2026-07-02,permanent,BIL,0.1522,0.0034,0.0092,0.0182,0.0387
2026-07-02,permanent,GLD,-1.4205,-0.0829,-0.1371,-0.0529,0.2284
2026-07-02,permanent,SPY,0.6667,-0.0213,0.1346,0.0850,0.2138
2026-07-02,permanent,TLT,0.0310,0.0016,0.0021,-0.0051,0.0139
2026-07-02,all_weather,DBC,-1.1461,-0.1197,-0.0755,0.1712,0.2498
2026-07-02,all_weather,GLD,-1.4223,-0.0830,-0.1372,-0.0530,0.2283
2026-07-02,all_weather,IEF,0.0338,0.0017,-0.0002,-0.0057,0.0260
2026-07-02,all_weather,SPY,0.6679,-0.0212,0.1346,0.0851,0.2139
2026-07-02,all_weather,TLT,0.0293,0.0015,0.0020,-0.0052,0.0138
2026-07-02,golden_butterfly,GLD,-1.4220,-0.0830,-0.1372,-0.0530,0.2283
2026-07-02,golden_butterfly,SHY,0.0819,0.0019,0.0041,0.0064,0.0296
2026-07-02,golden_butterfly,SPY,0.6675,-0.0212,0.1346,0.0851,0.2139
2026-07-02,golden_butterfly,TLT,0.0293,0.0015,0.0020,-0.0052,0.0138
2026-07-02,golden_butterfly,VBR,1.3204,0.0286,0.1131,0.1416,0.2415
2026-07-02,gtaa,DBC,-1.1476,-0.1199,-0.0757,0.1709,0.2526
2026-07-02,gtaa,EFA,0.7551,0.0061,0.0715,0.0956,0.2054
2026-07-02,gtaa,IEF,0.0338,0.0017,-0.0002,-0.0057,0.0260
2026-07-02,gtaa,SHY,0.0830,0.0020,0.0041,0.0064,0.0297
2026-07-02,gtaa,SPY,0.6631,-0.0215,0.1343,0.0848,0.2136
2026-07-02,gtaa,VNQ,1.2749,0.0412,0.1055,0.1148,0.1295
2026-07-02,ivy,DBC,-1.1463,-0.1199,-0.0757,0.1709,0.2527
2026-07-02,ivy,EFA,0.7551,0.0061,0.0715,0.0956,0.2054
2026-07-02,ivy,IEF,0.0344,0.0017,-0.0001,-0.0057,0.0260
2026-07-02,ivy,SHY,0.0830,0.0020,0.0041,0.0064,0.0297
2026-07-02,ivy,VNQ,1.2749,0.0412,0.1055,0.1148,0.1295
2026-07-02,ivy,VTI,0.7554,-0.0171,0.1384,0.0926,0.2213
2026-07-02,faa,AGG,0.0215,0.0016,0.0054,0.0039,0.0377
2026-07-02,faa,DBC,-0.2866,-0.1199,-0.0757,0.1709,0.2527
2026-07-02,faa,EEM,0.1121,-0.0745,0.1449,0.1939,0.3752
2026-07-02,faa,EFA,0.1885,0.0060,0.0714,0.0955,0.2054
2026-07-02,faa,SHY,0.0207,0.0020,0.0041,0.0064,0.0297
2026-07-02,faa,SPY,0.1660,-0.0214,0.1344,0.0849,0.2136
2026-07-02,faa,VNQ,0.3187,0.0412,0.1055,0.1148,0.1295
2026-07-02,eaa,DBC,-0.2866,-0.1199,-0.0757,0.1709,0.2527
2026-07-02,eaa,EEM,0.1117,-0.0746,0.1448,0.1939,0.3751
2026-07-02,eaa,EFA,0.1881,0.0059,0.0713,0.0954,0.2052
2026-07-02,eaa,GLD,-0.3553,-0.0829,-0.1371,-0.0529,0.2284
2026-07-02,eaa,IEF,0.0086,0.0017,-0.0001,-0.0057,0.0260
2026-07-02,eaa,SHY,0.0207,0.0020,0.0041,0.0064,0.0297
2026-07-02,eaa,SPY,0.1665,-0.0213,0.1345,0.0850,0.2138
2026-07-02,eaa,VNQ,0.3187,0.0412,0.1055,0.1148,0.1295
2026-07-02,laa,GLD,-1.4228,-0.0830,-0.1372,-0.0530,0.2283
2026-07-02,laa,IEF,0.0344,0.0017,-0.0001,-0.0057,0.0260
2026-07-02,laa,IWD,1.5618,0.0303,0.1471,0.1678,0.2743
2026-07-02,laa,QQQ,0.8989,-0.0474,0.2164,0.1489,0.3043
2026-07-02,laa,SHY,0.0830,0.0020,0.0041,0.0064,0.0297
2026-07-02,laa,SPY,0.6650,-0.0214,0.1345,0.0849,0.2137
2026-07-03,daa,BND,0.0900,0.0021,0.0058,0.0040,0.0335
2026-07-03,daa,DBC,-1.1059,-0.1179,-0.0736,0.1736,0.2556
2026-07-03,daa,EEM,0.6021,-0.0672,0.1540,0.2034,0.3860
2026-07-03,daa,EWJ,0.9582,0.0007,0.0829,0.1564,0.3054
2026-07-03,daa,GLD,-1.4051,-0.0821,-0.1363,-0.0520,0.2295
2026-07-03,daa,HYG,0.1934,0.0022,0.0194,0.0173,0.0542
2026-07-03,daa,IEF,0.0408,0.0020,0.0002,-0.0053,0.0263
2026-07-03,daa,IWM,1.8424,0.0227,0.1953,0.2048,0.3792
2026-07-03,daa,LQD,0.1028,0.0009,0.0111,0.0040,0.0393
2026-07-03,daa,QQQ,0.9718,-0.0439,0.2209,0.1531,0.3090
2026-07-03,daa,SHY,0.0841,0.0021,0.0042,0.0065,0.0297
2026-07-03,daa,SPY,0.7539,-0.0169,0.1396,0.0898,0.2192
2026-07-03,daa,TLT,0.0399,0.0021,0.0026,-0.0047,0.0144
2026-07-03,daa,VGK,0.9042,0.0181,0.0831,0.0839,0.1874
2026-07-03,daa,VNQ,1.3726,0.0462,0.1108,0.1202,0.1349
2026-07-03,daa,VWO,0.3706,-0.0340,0.0904,0.0985,0.2200
2026-07-03,vaa,AGG,0.1001,0.0023,0.0061,0.0046,0.0384
2026-07-03,vaa,EEM,0.6021,-0.0672,0.1540,0.2034,0.3860
2026-07-03,vaa,EFA,0.8234,0.0095,0.0752,0.0994,0.2096
2026-07-03,vaa,IEF,0.0408,0.0020,0.0002,-0.0053,0.0263
2026-07-03,vaa,LQD,0.1028,0.0009,0.0111,0.0040,0.0393
2026-07-03,vaa,SHY,0.0841,0.0021,0.0042,0.0065,0.0297
2026-07-03,vaa,SPY,0.7539,-0.0169,0.1396,0.0898,0.2192
2026-07-03,paa,DBC,-1.1091,-0.1179,-0.0736,0.1736,0.2524
2026-07-03,paa,EEM,0.6021,-0.0672,0.1540,0.2034,0.3860
2026-07-03,paa,EWJ,0.9582,0.0007,0.0829,0.1564,0.3054
2026-07-03,paa,GLD,-1.4051,-0.0821,-0.1363,-0.0520,0.2295
2026-07-03,paa,HYG,0.1934,0.0022,0.0194,0.0173,0.0542
2026-07-03,paa,IEF,0.0408,0.0020,0.0002,-0.0053,0.0263
2026-07-03,paa,IWM,1.8424,0.0227,0.1953,0.2048,0.3792
2026-07-03,paa,LQD,0.1028,0.0009,0.0111,0.0040,0.0393
2026-07-03,paa,QQQ,0.9718,-0.0439,0.2209,0.1531,0.3090
2026-07-03,paa,SHY,0.0841,0.0021,0.0042,0.0065,0.0297
2026-07-03,paa,SPY,0.7539,-0.0169,0.1396,0.0898,0.2192
2026-07-03,paa,TLT,0.0399,0.0021,0.0026,-0.0047,0.0144
2026-07-03,paa,VGK,0.9042,0.0181,0.0831,0.0839,0.1874
2026-07-03,paa,VNQ,1.3726,0.0462,0.1108,0.1202,0.1349
2026-07-03,baa_g12,DBC,-1.1091,-0.1179,-0.0736,0.1736,0.2524
2026-07-03,baa_g12,EEM,0.6021,-0.0672,0.1540,0.2034,0.3860
2026-07-03,baa_g12,EWJ,0.9582,0.0007,0.0829,0.1564,0.3054
2026-07-03,baa_g12,GLD,-1.4051,-0.0821,-0.1363,-0.0520,0.2295
2026-07-03,baa_g12,HYG,0.1934,0.0022,0.0194,0.0173,0.0542
2026-07-03,baa_g12,IEF,0.0408,0.0020,0.0002,-0.0053,0.0263
2026-07-03,baa_g12,IWM,1.8424,0.0227,0.1953,0.2048,0.3792
2026-07-03,baa_g12,LQD,0.1028,0.0009,0.0111,0.0040,0.0393
2026-07-03,baa_g12,QQQ,0.9718,-0.0439,0.2209,0.1531,0.3090
2026-07-03,baa_g12,SHY,0.0841,0.0021,0.0042,0.0065,0.0297
2026-07-03,baa_g12,SPY,0.7539,-0.0169,0.1396,0.0898,0.2192
2026-07-03,baa_g12,TLT,0.0399,0.0021,0.0026,-0.0047,0.0144
2026-07-03,baa_g12,VGK,0.9042,0.0181,0.0831,0.0839,0.1874
2026-07-03,baa_g12,VNQ,1.3726,0.0462,0.1108,0.1202,0.1349
2026-07-03,baa_g4,AGG,0.1001,0.0023,0.0061,0.0046,0.0384
2026-07-03,baa_g4,EEM,0.6021,-0.0672,0.1540,0.2034,0.3860
2026-07-03,baa_g4,EFA,0.8234,0.0095,0.0752,0.0994,0.2096
2026-07-03,baa_g4,IEF,0.0408,0.0020,0.0002,-0.0053,0.0263
2026-07-03,baa_g4,LQD,0.1028,0.0009,0.0111,0.0040,0.0393
2026-07-03,baa_g4,SHY,0.0841,0.0021,0.0042,0.0065,0.0297
2026-07-03,baa_g4,SPY,0.7539,-0.0169,0.1396,0.0898,0.2192
2026-07-03,gem,AGG,0.0384,0.0023,0.0061,0.0046,0.0384
2026-07-03,gem,EFA,0.2096,0.0095,0.0752,0.0994,0.2096
2026-07-03,gem,SPY,0.2192,-0.0169,0.1396,0.0898,0.2192
2026-07-03,haa,AGG,0.1001,0.0023,0.0061,0.0046,0.0384
2026-07-03,haa,EEM,0.6021,-0.0672,0.1540,0.2034,0.3860
2026-07-03,haa,EFA,0.8234,0.0095,0.0752,0.0994,0.2096
2026-07-03,haa,IEF,0.0408,0.0020,0.0002,-0.0053,0.0263
2026-07-03,haa,LQD,0.1028,0.0009,0.0111,0.0040,0.0393
2026-07-03,haa,SHY,0.0841,0.0021,0.0042,0.0065,0.0297
2026-07-03,haa,SPY,0.7539,-0.0169,0.1396,0.0898,0.2192
2026-07-03,permanent,BIL,0.1543,0.0035,0.0093,0.0183,0.0389
2026-07-03,permanent,GLD,-1.4051,-0.0821,-0.1363,-0.0520,0.2295
2026-07-03,permanent,SPY,0.7539,-0.0169,0.1396,0.0898,0.2192
2026-07-03,permanent,TLT,0.0399,0.0021,0.0026,-0.0047,0.0144
2026-07-03,all_weather,DBC,-1.1091,-0.1179,-0.0736,0.1736,0.2524
2026-07-03,all_weather,GLD,-1.4051,-0.0821,-0.1363,-0.0520,0.2295
2026-07-03,all_weather,IEF,0.0408,0.0020,0.0002,-0.0053,0.0263
2026-07-03,all_weather,SPY,0.7539,-0.0169,0.1396,0.0898,0.2192
2026-07-03,all_weather,TLT,0.0399,0.0021,0.0026,-0.0047,0.0144
2026-07-03,golden_butterfly,GLD,-1.4051,-0.0821,-0.1363,-0.0520,0.2295
2026-07-03,golden_butterfly,SHY,0.0841,0.0021,0.0042,0.0065,0.0297
2026-07-03,golden_butterfly,SPY,0.7539,-0.0169,0.1396,0.0898,0.2192
2026-07-03,golden_butterfly,TLT,0.0399,0.0021,0.0026,-0.0047,0.0144
2026-07-03,golden_butterfly,VBR,1.4457,0.0349,0.1200,0.1486,0.2491
2026-07-03,gtaa,DBC,-1.1059,-0.1179,-0.0736,0.1736,0.2556
2026-07-03,gtaa,EFA,0.8234,0.0095,0.0752,0.0994,0.2096
2026-07-03,gtaa,IEF,0.0408,0.0020,0.0002,-0.0053,0.0263
2026-07-03,gtaa,SHY,0.0841,0.0021,0.0042,0.0065,0.0297
2026-07-03,gtaa,SPY,0.7539,-0.0169,0.1396,0.0898,0.2192
2026-07-03,gtaa,VNQ,1.3726,0.0462,0.1108,0.1202,0.1349
2026-07-03,ivy,DBC,-1.1091,-0.1179,-0.0736,0.1736,0.2524
2026-07-03,ivy,EFA,0.8234,0.0095,0.0752,0.0994,0.2096
2026-07-03,ivy,IEF,0.0408,0.0020,0.0002,-0.0053,0.0263
2026-07-03,ivy,SHY,0.0841,0.0021,0.0042,0.0065,0.0297
2026-07-03,ivy,VNQ,1.5848,0.0507,0.1233,0.1583,0.1665
2026-07-03,ivy,VTI,0.8545,-0.0121,0.1441,0.0981,0.2275
2026-07-03,faa,AGG,0.0250,0.0023,0.0061,0.0046,0.0384
2026-07-03,faa,DBC,-0.2773,-0.1179,-0.0736,0.1736,0.2524
2026-07-03,faa,EEM,0.1505,-0.0672,0.1540,0.2034,0.3860
2026-07-03,faa,EFA,0.2059,0.0095,0.0752,0.0994,0.2096
2026-07-03,faa,SHY,0.0210,0.0021,0.0042,0.0065,0.0297
2026-07-03,faa,SPY,0.1885,-0.0169,0.1396,0.0898,0.2192
2026-07-03,faa,VNQ,0.3431,0.0462,0.1108,0.1202,0.1349
2026-07-03,eaa,DBC,-0.2773,-0.1179,-0.0736,0.1736,0.2524
2026-07-03,eaa,EEM,0.1505,-0.0672,0.1540,0.2034,0.3860
2026-07-03,eaa,EFA,0.2059,0.0095,0.0752,0.0994,0.2096
2026-07-03,eaa,GLD,-0.3513,-0.0821,-0.1363,-0.0520,0.2295
2026-07-03,eaa,IEF,0.0102,0.0020,0.0002,-0.0053,0.0263
2026-07-03,eaa,SHY,0.0210,0.0021,0.0042,0.0065,0.0297
2026-07-03,eaa,SPY,0.1885,-0.0169,0.1396,0.0898,0.2192
2026-07-03,eaa,VNQ,0.3431,0.0462,0.1108,0.1202,0.1349
2026-07-03,laa,GLD,-1.4051,-0.0821,-0.1363,-0.0520,0.2295
2026-07-03,laa,IEF,0.0408,0.0020,0.0002,-0.0053,0.0263
2026-07-03,laa,IWD,1.6471,0.0346,0.1519,0.1726,0.2796
2026-07-03,laa,QQQ,0.9718,-0.0439,0.2209,0.1531,0.3090
2026-07-03,laa,SHY,0.0841,0.0021,0.0042,0.0065,0.0297
2026-07-03,laa,SPY,0.7539,-0.0169,0.1396,0.0898,0.2192
2026-07-06,daa,BND,0.1014,0.0035,0.0031,0.0062,0.0341
2026-07-06,daa,DBC,-1.0008,-0.1109,-0.0818,0.2044,0.2488
2026-07-06,daa,EEM,1.3435,-0.0294,0.1993,0.2405,0.4182
2026-07-06,daa,EWJ,1.4003,0.0179,0.1211,0.1843,0.3323
2026-07-06,daa,GLD,-1.0491,-0.0639,-0.1109,-0.0366,0.2346
2026-07-06,daa,HYG,0.2555,0.0070,0.0190,0.0203,0.0544
2026-07-06,daa,IEF,0.0670,0.0044,-0.0023,-0.0022,0.0283
2026-07-06,daa,IWM,2.1202,0.0439,0.1950,0.2221,0.3695
2026-07-06,daa,LQD,0.1118,0.0029,0.0060,0.0075,0.0386
2026-07-06,daa,QQQ,1.2573,-0.0294,0.2348,0.1773,0.3163
2026-07-06,daa,SHY,0.0936,0.0028,0.0039,0.0071,0.0301
2026-07-06,daa,SPY,0.9854,-0.0029,0.1467,0.1058,0.2223
2026-07-06,daa,TLT,0.0378,0.0035,-0.0061,0.0008,0.0183
2026-07-06,daa,VGK,1.1889,0.0360,0.0943,0.0943,0.1904
2026-07-06,daa,VNQ,1.1652,0.0382,0.0863,0.1195,0.1224
2026-07-06,daa,VWO,0.9008,-0.0035,0.1171,0.1183,0.2373
2026-07-06,vaa,AGG,0.1138,0.0040,0.0033,0.0066,0.0392
2026-07-06,vaa,EEM,1.3465,-0.0292,0.1994,0.2406,0.4184
2026-07-06,vaa,EFA,1.1463,0.0277,0.0919,0.1143,0.2173
2026-07-06,vaa,IEF,0.0650,0.0043,-0.0024,-0.0023,0.0282
2026-07-06,vaa,LQD,0.1118,0.0029,0.0060,0.0075,0.0386
2026-07-06,vaa,SHY,0.0924,0.0027,0.0039,0.0070,0.0301
2026-07-06,vaa,SPY,0.9848,-0.0030,0.1466,0.1058,0.2223
2026-07-06,paa,DBC,-0.9977,-0.1109,-0.0818,0.2044,0.2520
2026-07-06,paa,EEM,1.3450,-0.0293,0.1993,0.2406,0.4183
2026-07-06,paa,EWJ,1.4046,0.0181,0.1214,0.1846,0.3325
2026-07-06,paa,GLD,-1.0491,-0.0639,-0.1109,-0.0366,0.2346
2026-07-06,paa,HYG,0.2567,0.0071,0.0191,0.0204,0.0544
2026-07-06,paa,IEF,0.0660,0.0043,-0.0024,-0.0023,0.0282
2026-07-06,paa,IWM,2.1217,0.0440,0.1951,0.2222,0.3696
2026-07-06,paa,LQD,0.1118,0.0029,0.0060,0.0075,0.0386
2026-07-06,paa,QQQ,1.2536,-0.0296,0.2346,0.1771,0.3160
2026-07-06,paa,SHY,0.0924,0.0027,0.0039,0.0070,0.0301
2026-07-06,paa,SPY,0.9830,-0.0031,0.1465,0.1057,0.2222
2026-07-06,paa,TLT,0.0378,0.0035,-0.0061,0.0008,0.0183
2026-07-06,paa,VGK,1.1900,0.0361,0.0944,0.0944,0.1905
2026-07-06,paa,VNQ,1.1619,0.0380,0.0861,0.1193,0.1222
2026-07-06,baa_g12,DBC,-0.9975,-0.1108,-0.0817,0.2046,0.2491
2026-07-06,baa_g12,EEM,1.3405,-0.0295,0.1991,0.2403,0.4179
2026-07-06,baa_g12,EWJ,1.3992,0.0178,0.1211,0.1843,0.3322
2026-07-06,baa_g12,GLD,-1.0449,-0.0637,-0.1107,-0.0364,0.2349
2026-07-06,baa_g12,HYG,0.2567,0.0071,0.0191,0.0204,0.0544
2026-07-06,baa_g12,IEF,0.0660,0.0043,-0.0024,-0.0023,0.0282
2026-07-06,baa_g12,IWM,2.1216,0.0439,0.1951,0.2222,0.3696
2026-07-06,baa_g12,LQD,0.1118,0.0029,0.0060,0.0075,0.0386
2026-07-06,baa_g12,QQQ,1.2529,-0.0296,0.2345,0.1771,0.3160
2026-07-06,baa_g12,SHY,0.0924,0.0027,0.0039,0.0070,0.0301
2026-07-06,baa_g12,SPY,0.9838,-0.0030,0.1466,0.1057,0.2222
2026-07-06,baa_g12,TLT,0.0378,0.0035,-0.0061,0.0008,0.0183
2026-07-06,baa_g12,VGK,1.1889,0.0360,0.0943,0.0943,0.1904
2026-07-06,baa_g12,VNQ,1.1639,0.0381,0.0862,0.1194,0.1223
2026-07-06,baa_g4,AGG,0.1128,0.0040,0.0033,0.0065,0.0392
2026-07-06,baa_g4,EEM,1.3420,-0.0295,0.1992,0.2404,0.4181
2026-07-06,baa_g4,EFA,1.1454,0.0277,0.0919,0.1143,0.2172
2026-07-06,baa_g4,IEF,0.0660,0.0043,-0.0024,-0.0023,0.0282
2026-07-06,baa_g4,LQD,0.1118,0.0029,0.0060,0.0075,0.0386
2026-07-06,baa_g4,SHY,0.0932,0.0028,0.0039,0.0071,0.0301
2026-07-06,baa_g4,SPY,0.9826,-0.0031,0.1465,0.1057,0.2222
2026-07-06,gem,AGG,0.0392,0.0040,0.0033,0.0066,0.0392
2026-07-06,gem,EFA,0.2172,0.0277,0.0919,0.1143,0.2172
2026-07-06,gem,SPY,0.2221,-0.0031,0.1465,0.1056,0.2221
2026-07-06,haa,AGG,0.1138,0.0040,0.0033,0.0066,0.0392
2026-07-06,haa,EEM,1.3390,-0.0296,0.1990,0.2402,0.4178
2026-07-06,haa,EFA,1.1454,0.0277,0.0919,0.1143,0.2172
2026-07-06,haa,IEF,0.0681,0.0044,-0.0022,-0.0022,0.0283
2026-07-06,haa,LQD,0.1118,0.0029,0.0060,0.0075,0.0386
2026-07-06,haa,SHY,0.0917,0.0027,0.0038,0.0070,0.0300
2026-07-06,haa,SPY,0.9819,-0.0031,0.1465,0.1056,0.2221
2026-07-06,permanent,BIL,0.1505,0.0033,0.0091,0.0182,0.0387
2026-07-06,permanent,GLD,-1.0524,-0.0641,-0.1110,-0.0368,0.2344
2026-07-06,permanent,SPY,0.9822,-0.0031,0.1465,0.1056,0.2221
2026-07-06,permanent,TLT,0.0378,0.0035,-0.0061,0.0008,0.0183
2026-07-06,all_weather,DBC,-0.9943,-0.1106,-0.0815,0.2048,0.2493
2026-07-06,all_weather,GLD,-1.0534,-0.0641,-0.1111,-0.0368,0.2343
2026-07-06,all_weather,IEF,0.0670,0.0044,-0.0023,-0.0022,0.0283
2026-07-06,all_weather,SPY,0.9852,-0.0029,0.1467,0.1058,0.2223
2026-07-06,all_weather,TLT,0.0378,0.0035,-0.0061,0.0008,0.0183
2026-07-06,golden_butterfly,GLD,-1.0534,-0.0641,-0.1111,-0.0368,0.2343
2026-07-06,golden_butterfly,SHY,0.0924,0.0027,0.0039,0.0070,0.0301
2026-07-06,golden_butterfly,SPY,0.9854,-0.0029,0.1467,0.1058,0.2223
2026-07-06,golden_butterfly,TLT,0.0378,0.0035,-0.0061,0.0008,0.0183
2026-07-06,golden_butterfly,VBR,1.5257,0.0405,0.1194,0.1619,0.2379
2026-07-06,gtaa,DBC,-0.9943,-0.1108,-0.0817,0.2046,0.2522
2026-07-06,gtaa,EFA,1.1444,0.0276,0.0918,0.1142,0.2172
2026-07-06,gtaa,IEF,0.0670,0.0044,-0.0023,-0.0022,0.0283
2026-07-06,gtaa,SHY,0.0924,0.0027,0.0039,0.0070,0.0301
2026-07-06,gtaa,SPY,0.9849,-0.0030,0.1466,0.1058,0.2223
2026-07-06,gtaa,VNQ,1.1639,0.0381,0.0862,0.1194,0.1223
2026-07-06,ivy,DBC,-0.9943,-0.1108,-0.0817,0.2046,0.2522
2026-07-06,ivy,EFA,1.1435,0.0276,0.0918,0.1142,0.2171
2026-07-06,ivy,IEF,0.0670,0.0044,-0.0023,-0.0022,0.0283
2026-07-06,ivy,SHY,0.0913,0.0027,0.0038,0.0070,0.0300
2026-07-06,ivy,VNQ,1.1639,0.0381,0.0862,0.1194,0.1223
2026-07-06,ivy,VTI,1.0750,0.0016,0.1498,0.1138,0.2291
2026-07-06,faa,AGG,0.0284,0.0040,0.0033,0.0066,0.0392
2026-07-06,faa,DBC,-0.2486,-0.1108,-0.0817,0.2046,0.2522
2026-07-06,faa,EEM,0.3336,-0.0298,0.1987,0.2399,0.4175
2026-07-06,faa,EFA,0.2859,0.0276,0.0918,0.1142,0.2171
2026-07-06,faa,SHY,0.0228,0.0027,0.0038,0.0070,0.0300
2026-07-06,faa,SPY,0.2471,-0.0028,0.1469,0.1060,0.2225
2026-07-06,faa,VNQ,0.2923,0.0384,0.0865,0.1197,0.1226
2026-07-06,eaa,DBC,-0.2469,-0.1104,-0.0813,0.2051,0.2527
2026-07-06,eaa,EEM,0.3348,-0.0296,0.1990,0.2402,0.4178
2026-07-06,eaa,EFA,0.2868,0.0278,0.0920,0.1144,0.2173
2026-07-06,eaa,GLD,-0.2608,-0.0636,-0.1106,-0.0363,0.2350
2026-07-06,eaa,IEF,0.0168,0.0044,-0.0023,-0.0022,0.0283
2026-07-06,eaa,SHY,0.0228,0.0027,0.0038,0.0070,0.0300
2026-07-06,eaa,SPY,0.2474,-0.0027,0.1469,0.1060,0.2226
2026-07-06,eaa,VNQ,0.2926,0.0385,0.0866,0.1198,0.1227
2026-07-06,laa,GLD,-1.0510,-0.0640,-0.1110,-0.0367,0.2345
2026-07-06,laa,IEF,0.0670,0.0044,-0.0023,-0.0022,0.0283
2026-07-06,laa,IWD,1.6805,0.0361,0.1504,0.1832,0.2791
2026-07-06,laa,QQQ,1.2568,-0.0294,0.2348,0.1773,0.3163
2026-07-06,laa,SHY,0.0930,0.0028,0.0039,0.0071,0.0301
2026-07-06,laa,SPY,0.9894,-0.0027,0.1469,0.1060,0.2226
2026-07-07,daa,BND,0.0554,0.0001,0.0026,0.0046,0.0345
2026-07-07,daa,DBC,-0.7008,-0.0900,-0.0777,0.2144,0.2615
2026-07-07,daa,EEM,0.8921,-0.0406,0.1608,0.1787,0.3790
2026-07-07,daa,EWJ,0.9702,-0.0027,0.0971,0.1543,0.3055
2026-07-07,daa,GLD,-1.1893,-0.0748,-0.1103,-0.0446,0.2388
2026-07-07,daa,HYG,0.2107,0.0044,0.0165,0.0191,0.0530
2026-07-07,daa,IEF,0.0208,0.0006,-0.0021,-0.0038,0.0293
2026-07-07,daa,IWM,1.7284,0.0211,0.1816,0.2007,0.3473
2026-07-07,daa,LQD,0.0025,-0.0041,0.0026,0.0028,0.0360
2026-07-07,daa,QQQ,1.0438,-0.0359,0.2133,0.1661,0.2885
2026-07-07,daa,SHY,0.0807,0.0016,0.0045,0.0062,0.0308
2026-07-07,daa,SPY,0.8797,-0.0080,0.1398,0.1024,0.2112
2026-07-07,daa,TLT,-0.0884,-0.0048,-0.0105,-0.0038,0.0192
2026-07-07,daa,VGK,0.8825,0.0186,0.0808,0.0758,0.1842
2026-07-07,daa,VNQ,1.2434,0.0356,0.1014,0.1363,0.1383
2026-07-07,daa,VWO,0.4941,-0.0203,0.0940,0.0756,0.2107
2026-07-07,vaa,AGG,0.0597,0.0000,0.0028,0.0045,0.0389
2026-07-07,vaa,EEM,0.8951,-0.0405,0.1610,0.1789,0.3792
2026-07-07,vaa,EFA,0.8450,0.0115,0.0779,0.0940,0.2074
2026-07-07,vaa,IEF,0.0198,0.0006,-0.0022,-0.0039,0.0293
2026-07-07,vaa,LQD,0.0007,-0.0042,0.0025,0.0027,0.0359
2026-07-07,vaa,SHY,0.0807,0.0016,0.0045,0.0062,0.0308
2026-07-07,vaa,SPY,0.8794,-0.0080,0.1398,0.1024,0.2112
2026-07-07,paa,DBC,-0.7008,-0.0900,-0.0777,0.2144,0.2615
2026-07-07,paa,EEM,0.8934,-0.0406,0.1609,0.1788,0.3791
2026-07-07,paa,EWJ,0.9702,-0.0027,0.0971,0.1543,0.3055
2026-07-07,paa,GLD,-1.1930,-0.0750,-0.1104,-0.0448,0.2386
2026-07-07,paa,HYG,0.2107,0.0044,0.0165,0.0191,0.0530
2026-07-07,paa,IEF,0.0198,0.0006,-0.0022,-0.0039,0.0293
2026-07-07,paa,IWM,1.7259,0.0210,0.1814,0.2006,0.3472
2026-07-07,paa,LQD,0.0025,-0.0041,0.0026,0.0028,0.0360
2026-07-07,paa,QQQ,1.0351,-0.0363,0.2128,0.1656,0.2880
2026-07-07,paa,SHY,0.0807,0.0016,0.0045,0.0062,0.0308
2026-07-07,paa,SPY,0.8762,-0.0081,0.1396,0.1022,0.2110
2026-07-07,paa,TLT,-0.0906,-0.0049,-0.0106,-0.0039,0.0191
2026-07-07,paa,VGK,0.8825,0.0186,0.0808,0.0758,0.1842
2026-07-07,paa,VNQ,1.2485,0.0358,0.1016,0.1366,0.1386
2026-07-07,baa_g12,DBC,-0.6942,-0.0899,-0.0775,0.2146,0.2649
2026-07-07,baa_g12,EEM,0.8861,-0.0409,0.1604,0.1784,0.3786
2026-07-07,baa_g12,EWJ,0.9691,-0.0027,0.0970,0.1542,0.3054
2026-07-07,baa_g12,GLD,-1.1932,-0.0750,-0.1105,-0.0449,0.2386
2026-07-07,baa_g12,HYG,0.2119,0.0045,0.0166,0.0192,0.0530
2026-07-07,baa_g12,IEF,0.0198,0.0006,-0.0022,-0.0039,0.0293
2026-07-07,baa_g12,IWM,1.7235,0.0209,0.1813,0.2004,0.3470
2026-07-07,baa_g12,LQD,0.0025,-0.0041,0.0026,0.0028,0.0360
2026-07-07,baa_g12,QQQ,1.0326,-0.0364,0.2127,0.1654,0.2878
2026-07-07,baa_g12,SHY,0.0807,0.0016,0.0045,0.0062,0.0308
2026-07-07,baa_g12,SPY,0.8738,-0.0083,0.1395,0.1021,0.2109
2026-07-07,baa_g12,TLT,-0.0884,-0.0048,-0.0105,-0.0038,0.0192
2026-07-07,baa_g12,VGK,0.8859,0.0188,0.0809,0.0760,0.1844
2026-07-07,baa_g12,VNQ,1.2393,0.0354,0.1011,0.1360,0.1381
2026-07-07,baa_g4,AGG,0.0577,-0.0001,0.0027,0.0044,0.0388
2026-07-07,baa_g4,EEM,0.8861,-0.0409,0.1604,0.1784,0.3786
2026-07-07,baa_g4,EFA,0.8422,0.0114,0.0777,0.0938,0.2072
2026-07-07,baa_g4,IEF,0.0198,0.0006,-0.0022,-0.0039,0.0293
2026-07-07,baa_g4,LQD,0.0033,-0.0041,0.0027,0.0029,0.0360
2026-07-07,baa_g4,SHY,0.0807,0.0016,0.0045,0.0062,0.0308
2026-07-07,baa_g4,SPY,0.8775,-0.0081,0.1397,0.1023,0.2111
2026-07-07,gem,AGG,0.0388,-0.0000,0.0027,0.0045,0.0388
2026-07-07,gem,EFA,0.2071,0.0113,0.0777,0.0938,0.2071
2026-07-07,gem,SPY,0.2111,-0.0081,0.1397,0.1023,0.2111
2026-07-07,haa,AGG,0.0587,-0.0000,0.0027,0.0045,0.0388
2026-07-07,haa,EEM,0.8891,-0.0408,0.1606,0.1786,0.3788
2026-07-07,haa,EFA,0.8403,0.0113,0.0776,0.0937,0.2071
2026-07-07,haa,IEF,0.0198,0.0006,-0.0022,-0.0039,0.0293
2026-07-07,haa,LQD,0.0025,-0.0041,0.0026,0.0028,0.0360
2026-07-07,haa,SHY,0.0807,0.0016,0.0045,0.0062,0.0308
2026-07-07,haa,SPY,0.8778,-0.0081,0.1397,0.1023,0.2111
2026-07-07,permanent,BIL,0.1490,0.0033,0.0089,0.0178,0.0382
2026-07-07,permanent,GLD,-1.1921,-0.0750,-0.1104,-0.0448,0.2387
2026-07-07,permanent,SPY,0.8781,-0.0080,0.1397,0.1023,0.2111
2026-07-07,permanent,TLT,-0.0895,-0.0049,-0.0106,-0.0039,0.0191
2026-07-07,all_weather,DBC,-0.7042,-0.0902,-0.0778,0.2142,0.2612
2026-07-07,all_weather,GLD,-1.1935,-0.0750,-0.1105,-0.0449,0.2386
2026-07-07,all_weather,IEF,0.0198,0.0006,-0.0022,-0.0039,0.0293
2026-07-07,all_weather,SPY,0.8783,-0.0080,0.1397,0.1023,0.2112
2026-07-07,all_weather,TLT,-0.0895,-0.0049,-0.0106,-0.0039,0.0191
2026-07-07,golden_butterfly,GLD,-1.1930,-0.0750,-0.1104,-0.0448,0.2386
2026-07-07,golden_butterfly,SHY,0.0807,0.0016,0.0045,0.0062,0.0308
2026-07-07,golden_butterfly,SPY,0.8767,-0.0081,0.1396,0.1022,0.2111
2026-07-07,golden_butterfly,TLT,-0.0873,-0.0048,-0.0105,-0.0038,0.0192
2026-07-07,golden_butterfly,VBR,1.3246,0.0299,0.1122,0.1446,0.2281
2026-07-07,gtaa,DBC,-0.7046,-0.0902,-0.0779,0.2141,0.2612
2026-07-07,gtaa,EFA,0.8422,0.0114,0.0777,0.0938,0.2072
2026-07-07,gtaa,IEF,0.0198,0.0006,-0.0022,-0.0039,0.0293
2026-07-07,gtaa,SHY,0.0814,0.0017,0.0045,0.0062,0.0308
2026-07-07,gtaa,SPY,0.8775,-0.0081,0.1397,0.1023,0.2111
2026-07-07,gtaa,VNQ,1.2444,0.0356,0.1014,0.1363,0.1384
2026-07-07,ivy,DBC,-0.7046,-0.0902,-0.0779,0.2141,0.2612
2026-07-07,ivy,EFA,0.8422,0.0114,0.0777,0.0938,0.2072
2026-07-07,ivy,IEF,0.0198,0.0006,-0.0022,-0.0039,0.0293
2026-07-07,ivy,SHY,0.0814,0.0017,0.0045,0.0062,0.0308
2026-07-07,ivy,VNQ,1.2444,0.0356,0.1014,0.1363,0.1384
2026-07-07,ivy,VTI,0.9447,-0.0049,0.1425,0.1083,0.2168
2026-07-07,faa,AGG,0.0144,-0.0001,0.0027,0.0044,0.0388
2026-07-07,faa,DBC,-0.1752,-0.0902,-0.0778,0.2142,0.2644
2026-07-07,faa,EEM,0.2227,-0.0407,0.1607,0.1787,0.3789
2026-07-07,faa,EFA,0.2103,0.0113,0.0777,0.0938,0.2071
2026-07-07,faa,SHY,0.0202,0.0016,0.0045,0.0062,0.0308
2026-07-07,faa,SPY,0.2191,-0.0081,0.1396,0.1022,0.2110
2026-07-07,faa,VNQ,0.3111,0.0356,0.1014,0.1363,0.1384
2026-07-07,eaa,DBC,-0.1760,-0.0902,-0.0778,0.2142,0.2612
2026-07-07,eaa,EEM,0.2219,-0.0408,0.1605,0.1785,0.3787
2026-07-07,eaa,EFA,0.2098,0.0112,0.0776,0.0937,0.2070
2026-07-07,eaa,GLD,-0.2984,-0.0750,-0.1105,-0.0449,0.2386
2026-07-07,eaa,IEF,0.0049,0.0006,-0.0022,-0.0039,0.0293
2026-07-07,eaa,SHY,0.0205,0.0017,0.0046,0.0062,0.0309
2026-07-07,eaa,SPY,0.2194,-0.0081,0.1397,0.1023,0.2111
2026-07-07,eaa,VNQ,0.3108,0.0356,0.1014,0.1363,0.1383
2026-07-07,laa,GLD,-1.1916,-0.0749,-0.1104,-0.0448,0.2387
2026-07-07,laa,IEF,0.0198,0.0006,-0.0022,-0.0039,0.0293
2026-07-07,laa,IWD,1.6006,0.0317,0.1480,0.1763,0.2762
2026-07-07,laa,QQQ,1.0459,-0.0358,0.2135,0.1662,0.2887
2026-07-07,laa,SHY,0.0818,0.0017,0.0046,0.0062,0.0309
2026-07-07,laa,SPY,0.8805,-0.0079,0.1399,0.1024,0.2113
2026-07-08,daa,BND,0.0366,0.0011,-0.0024,-0.0008,0.0343
2026-07-08,daa,DBC,-0.0758,-0.0491,-0.0536,0.2185,0.2907
2026-07-08,daa,EEM,1.6457,0.0250,0.1552,0.1643,0.3969
2026-07-08,daa,EWJ,1.1395,0.0213,0.0836,0.1146,0.3200
2026-07-08,daa,GLD,-1.2177,-0.0591,-0.1366,-0.0879,0.2130
2026-07-08,daa,HYG,0.2264,0.0073,0.0140,0.0143,0.0542
2026-07-08,daa,IEF,-0.0113,0.0016,-0.0090,-0.0112,0.0281
2026-07-08,daa,IWM,1.8276,0.0425,0.1609,0.1638,0.3469
2026-07-08,daa,LQD,-0.0048,-0.0020,-0.0026,-0.0041,0.0379
2026-07-08,daa,QQQ,1.4834,0.0062,0.2053,0.1494,0.2898
2026-07-08,daa,SHY,0.0789,0.0025,0.0025,0.0046,0.0298
2026-07-08,daa,SPY,1.0620,0.0120,0.1322,0.0883,0.2127
2026-07-08,daa,TLT,-0.1291,-0.0051,-0.0158,-0.0141,0.0234
2026-07-08,daa,VGK,0.8319,0.0236,0.0677,0.0513,0.1747
2026-07-08,daa,VNQ,0.8661,0.0136,0.0841,0.1176,0.1318
2026-07-08,daa,VWO,0.9703,0.0192,0.0935,0.0697,0.2264
2026-07-08,vaa,AGG,0.0524,0.0018,-0.0017,-0.0006,0.0392
2026-07-08,vaa,EEM,1.6551,0.0254,0.1557,0.1648,0.3976
2026-07-08,vaa,EFA,0.8899,0.0243,0.0650,0.0672,0.2043
2026-07-08,vaa,IEF,-0.0113,0.0016,-0.0090,-0.0112,0.0281
2026-07-08,vaa,LQD,-0.0048,-0.0020,-0.0026,-0.0041,0.0379
2026-07-08,vaa,SHY,0.0789,0.0025,0.0025,0.0046,0.0298
2026-07-08,vaa,SPY,1.0606,0.0119,0.1322,0.0882,0.2127
2026-07-08,paa,DBC,-0.0758,-0.0491,-0.0536,0.2185,0.2907
2026-07-08,paa,EEM,1.6551,0.0254,0.1557,0.1648,0.3976
2026-07-08,paa,EWJ,1.1482,0.0218,0.0840,0.1151,0.3206
2026-07-08,paa,GLD,-1.2210,-0.0592,-0.1367,-0.0880,0.2128
2026-07-08,paa,HYG,0.2276,0.0074,0.0141,0.0143,0.0543
2026-07-08,paa,IEF,-0.0091,0.0017,-0.0089,-0.0111,0.0282
2026-07-08,paa,IWM,1.8283,0.0425,0.1610,0.1638,0.3469
2026-07-08,paa,LQD,-0.0048,-0.0020,-0.0026,-0.0041,0.0379
2026-07-08,paa,QQQ,1.4830,0.0061,0.2052,0.1493,0.2898
2026-07-08,paa,SHY,0.0789,0.0025,0.0025,0.0046,0.0298
2026-07-08,paa,SPY,1.0606,0.0119,0.1322,0.0882,0.2127
2026-07-08,paa,TLT,-0.1313,-0.0052,-0.0159,-0.0142,0.0233
2026-07-08,paa,VGK,0.8363,0.0239,0.0680,0.0516,0.1750
2026-07-08,paa,VNQ,0.8610,0.0133,0.0838,0.1173,0.1315
2026-07-08,baa_g12,DBC,-0.0758,-0.0491,-0.0536,0.2185,0.2907
2026-07-08,baa_g12,EEM,1.6519,0.0253,0.1555,0.1647,0.3973
2026-07-08,baa_g12,EWJ,1.1493,0.0218,0.0841,0.1151,0.3207
2026-07-08,baa_g12,GLD,-1.2220,-0.0593,-0.1368,-0.0881,0.2127
2026-07-08,baa_g12,HYG,0.2240,0.0072,0.0139,0.0141,0.0541
2026-07-08,baa_g12,IEF,-0.0101,0.0016,-0.0089,-0.0111,0.0282
2026-07-08,baa_g12,IWM,1.8333,0.0427,0.1612,0.1641,0.3473
2026-07-08,baa_g12,LQD,-0.0048,-0.0020,-0.0026,-0.0041,0.0379
2026-07-08,baa_g12,QQQ,1.4883,0.0064,0.2055,0.1496,0.2902
2026-07-08,baa_g12,SHY,0.0789,0.0025,0.0025,0.0046,0.0298
2026-07-08,baa_g12,SPY,1.0635,0.0121,0.1323,0.0884,0.2128
2026-07-08,baa_g12,TLT,-0.1313,-0.0052,-0.0159,-0.0142,0.0233
2026-07-08,baa_g12,VGK,0.8364,0.0239,0.0680,0.0516,0.1750
2026-07-08,baa_g12,VNQ,0.8631,0.0134,0.0840,0.1174,0.1316
2026-07-08,baa_g4,AGG,0.0524,0.0018,-0.0017,-0.0006,0.0392
2026-07-08,baa_g4,EEM,1.6504,0.0252,0.1554,0.1646,0.3972
2026-07-08,baa_g4,EFA,0.8908,0.0243,0.0650,0.0672,0.2043
2026-07-08,baa_g4,IEF,-0.0101,0.0016,-0.0089,-0.0111,0.0282
2026-07-08,baa_g4,LQD,-0.0057,-0.0021,-0.0026,-0.0042,0.0379
2026-07-08,baa_g4,SHY,0.0789,0.0025,0.0025,0.0046,0.0298
2026-07-08,baa_g4,SPY,1.0620,0.0120,0.1322,0.0883,0.2127
2026-07-08,gem,AGG,0.0391,0.0017,-0.0018,-0.0007,0.0391
2026-07-08,gem,EFA,0.2043,0.0243,0.0650,0.0672,0.2043
2026-07-08,gem,SPY,0.2128,0.0120,0.1323,0.0883,0.2128
2026-07-08,haa,AGG,0.0505,0.0017,-0.0018,-0.0007,0.0391
2026-07-08,haa,EEM,1.6551,0.0254,0.1557,0.1648,0.3976
2026-07-08,haa,EFA,0.8937,0.0245,0.0652,0.0674,0.2045
2026-07-08,haa,IEF,-0.0091,0.0017,-0.0089,-0.0111,0.0282
2026-07-08,haa,LQD,-0.0066,-0.0021,-0.0027,-0.0042,0.0378
2026-07-08,haa,SHY,0.0789,0.0025,0.0025,0.0046,0.0298
2026-07-08,haa,SPY,1.0644,0.0121,0.1324,0.0884,0.2129
2026-07-08,permanent,BIL,0.1465,0.0030,0.0090,0.0179,0.0383
2026-07-08,permanent,GLD,-1.2248,-0.0594,-0.1369,-0.0882,0.2125
2026-07-08,permanent,SPY,1.0663,0.0122,0.1325,0.0885,0.2130
2026-07-08,permanent,TLT,-0.1340,-0.0054,-0.0160,-0.0144,0.0232
2026-07-08,all_weather,DBC,-0.0758,-0.0491,-0.0536,0.2185,0.2907
2026-07-08,all_weather,GLD,-1.2224,-0.0593,-0.1368,-0.0881,0.2127
2026-07-08,all_weather,IEF,-0.0112,0.0016,-0.0090,-0.0112,0.0281
2026-07-08,all_weather,SPY,1.0644,0.0121,0.1324,0.0884,0.2129
2026-07-08,all_weather,TLT,-0.1369,-0.0055,-0.0162,-0.0145,0.0230
2026-07-08,golden_butterfly,GLD,-1.2191,-0.0591,-0.1366,-0.0879,0.2129
2026-07-08,golden_butterfly,SHY,0.0789,0.0025,0.0025,0.0046,0.0298
2026-07-08,golden_butterfly,SPY,1.0663,0.0122,0.1325,0.0885,0.2130
2026-07-08,golden_butterfly,TLT,-0.1347,-0.0054,-0.0161,-0.0144,0.0231
2026-07-08,golden_butterfly,VBR,1.1101,0.0244,0.0927,0.1122,0.2225
2026-07-08,gtaa,DBC,-0.0726,-0.0491,-0.0536,0.2185,0.2940
2026-07-08,gtaa,EFA,0.8947,0.0245,0.0653,0.0674,0.2046
2026-07-08,gtaa,IEF,-0.0122,0.0015,-0.0090,-0.0112,0.0280
2026-07-08,gtaa,SHY,0.0789,0.0025,0.0025,0.0046,0.0298
2026-07-08,gtaa,SPY,1.0655,0.0122,0.1324,0.0885,0.2129
2026-07-08,gtaa,VNQ,0.8723,0.0139,0.0845,0.1179,0.1321
2026-07-08,ivy,DBC,-0.0726,-0.0491,-0.0536,0.2185,0.2940
2026-07-08,ivy,EFA,0.8937,0.0245,0.0652,0.0674,0.2045
2026-07-08,ivy,IEF,-0.0132,0.0015,-0.0091,-0.0113,0.0280
2026-07-08,ivy,SHY,0.0789,0.0025,0.0025,0.0046,0.0298
2026-07-08,ivy,VNQ,0.8712,0.0138,0.0844,0.1179,0.1321
2026-07-08,ivy,VTI,1.1156,0.0150,0.1334,0.0920,0.2175
2026-07-08,faa,AGG,0.0126,0.0017,-0.0018,-0.0007,0.0391
2026-07-08,faa,DBC,-0.0215,-0.0496,-0.0541,0.2179,0.2900
2026-07-08,faa,EEM,0.4146,0.0256,0.1559,0.1650,0.3978
2026-07-08,faa,EFA,0.2242,0.0246,0.0654,0.0675,0.2047
2026-07-08,faa,SHY,0.0198,0.0025,0.0026,0.0046,0.0298
2026-07-08,faa,SPY,0.2668,0.0122,0.1325,0.0885,0.2130
2026-07-08,faa,VNQ,0.2183,0.0139,0.0845,0.1180,0.1322
2026-07-08,eaa,DBC,-0.0207,-0.0496,-0.0541,0.2179,0.2933
2026-07-08,eaa,EEM,0.4146,0.0256,0.1559,0.1650,0.3978
2026-07-08,eaa,EFA,0.2242,0.0246,0.0654,0.0675,0.2047
2026-07-08,eaa,GLD,-0.3058,-0.0594,-0.1368,-0.0882,0.2126
2026-07-08,eaa,IEF,-0.0038,0.0014,-0.0092,-0.0114,0.0279
2026-07-08,eaa,SHY,0.0197,0.0025,0.0025,0.0046,0.0298
2026-07-08,eaa,SPY,0.2671,0.0123,0.1326,0.0886,0.2131
2026-07-08,eaa,VNQ,0.2188,0.0140,0.0846,0.1181,0.1323
2026-07-08,laa,GLD,-1.2215,-0.0593,-0.1367,-0.0881,0.2127
2026-07-08,laa,IEF,-0.0152,0.0014,-0.0092,-0.0114,0.0279
2026-07-08,laa,IWD,1.6173,0.0413,0.1362,0.1515,0.2734
2026-07-08,laa,QQQ,1.4956,0.0068,0.2060,0.1500,0.2906
2026-07-08,laa,SHY,0.0781,0.0024,0.0025,0.0045,0.0297
2026-07-08,laa,SPY,1.0676,0.0123,0.1325,0.0886,0.2131
2026-07-09,daa,BND,0.0944,0.0047,-0.0011,0.0024,0.0382
2026-07-09,daa,DBC,-0.2109,-0.0641,-0.0343,0.2096,0.2767
2026-07-09,daa,EEM,1.4836,0.0229,0.1127,0.1741,0.4103
2026-07-09,daa,EWJ,1.0873,0.0233,0.0523,0.1326,0.3336
2026-07-09,daa,GLD,-1.0010,-0.0470,-0.1287,-0.0837,0.2448
2026-07-09,daa,HYG,0.2338,0.0084,0.0106,0.0165,0.0582
2026-07-09,daa,IEF,0.0712,0.0066,-0.0072,-0.0065,0.0337
2026-07-09,daa,IWM,1.8808,0.0503,0.1457,0.1674,0.3595
2026-07-09,daa,LQD,0.0718,0.0030,-0.0024,-0.0001,0.0451
2026-07-09,daa,QQQ,1.5787,0.0124,0.1961,0.1643,0.3173
2026-07-09,daa,SHY,0.0913,0.0032,0.0028,0.0057,0.0309
2026-07-09,daa,SPY,1.1033,0.0195,0.1148,0.0924,0.2252
2026-07-09,daa,TLT,-0.0008,0.0040,-0.0151,-0.0082,0.0287
2026-07-09,daa,VGK,0.7431,0.0264,0.0356,0.0563,0.1719
2026-07-09,daa,VNQ,0.9840,0.0297,0.0671,0.1117,0.1357
2026-07-09,daa,VWO,0.9047,0.0243,0.0575,0.0748,0.2341
2026-07-09,vaa,AGG,0.0962,0.0046,-0.0015,0.0024,0.0426
2026-07-09,vaa,EEM,1.4805,0.0227,0.1126,0.1739,0.4101
2026-07-09,vaa,EFA,0.8323,0.0279,0.0348,0.0758,0.2070
2026-07-09,vaa,IEF,0.0712,0.0066,-0.0072,-0.0065,0.0337
2026-07-09,vaa,LQD,0.0701,0.0030,-0.0025,-0.0002,0.0450
2026-07-09,vaa,SHY,0.0921,0.0032,0.0028,0.0057,0.0309
2026-07-09,vaa,SPY,1.1040,0.0195,0.1149,0.0924,0.2252
2026-07-09,paa,DBC,-0.2109,-0.0641,-0.0343,0.2096,0.2767
2026-07-09,paa,EEM,1.4821,0.0228,0.1126,0.1740,0.4102
2026-07-09,paa,EWJ,1.0884,0.0233,0.0524,0.1327,0.3337
2026-07-09,paa,GLD,-0.9843,-0.0461,-0.1279,-0.0828,0.2459
2026-07-09,paa,HYG,0.2314,0.0082,0.0104,0.0164,0.0581
2026-07-09,paa,IEF,0.0701,0.0066,-0.0073,-0.0066,0.0336
2026-07-09,paa,IWM,1.8850,0.0505,0.1459,0.1676,0.3598
2026-07-09,paa,LQD,0.0701,0.0030,-0.0025,-0.0002,0.0450
2026-07-09,paa,QQQ,1.5789,0.0124,0.1961,0.1643,0.3174
2026-07-09,paa,SHY,0.0932,0.0033,0.0028,0.0058,0.0310
2026-07-09,paa,SPY,1.1043,0.0196,0.1149,0.0924,0.2252
2026-07-09,paa,TLT,-0.0036,0.0038,-0.0153,-0.0084,0.0286
2026-07-09,paa,VGK,0.7442,0.0264,0.0356,0.0563,0.1720
2026-07-09,paa,VNQ,0.9840,0.0297,0.0671,0.1117,0.1357
2026-07-09,baa_g12,DBC,-0.2076,-0.0641,-0.0343,0.2096,0.2799
2026-07-09,baa_g12,EEM,1.4866,0.0230,0.1129,0.1743,0.4105
2026-07-09,baa_g12,EWJ,1.0927,0.0235,0.0526,0.1329,0.3340
2026-07-09,baa_g12,GLD,-0.9748,-0.0456,-0.1274,-0.0823,0.2466
2026-07-09,baa_g12,HYG,0.2338,0.0084,0.0106,0.0165,0.0582
2026-07-09,baa_g12,IEF,0.0691,0.0065,-0.0074,-0.0066,0.0336
2026-07-09,baa_g12,IWM,1.8878,0.0507,0.1460,0.1678,0.3600
2026-07-09,baa_g12,LQD,0.0692,0.0029,-0.0025,-0.0002,0.0450
2026-07-09,baa_g12,QQQ,1.5749,0.0122,0.1959,0.1641,0.3171
2026-07-09,baa_g12,SHY,0.0932,0.0033,0.0028,0.0058,0.0310
2026-07-09,baa_g12,SPY,1.1035,0.0195,0.1148,0.0924,0.2252
2026-07-09,baa_g12,TLT,-0.0013,0.0039,-0.0152,-0.0083,0.0287
2026-07-09,baa_g12,VGK,0.7442,0.0264,0.0356,0.0563,0.1720
2026-07-09,baa_g12,VNQ,0.9793,0.0294,0.0669,0.1115,0.1355
2026-07-09,baa_g4,AGG,0.0978,0.0047,-0.0014,0.0024,0.0426
2026-07-09,baa_g4,EEM,1.4866,0.0230,0.1129,0.1743,0.4105
2026-07-09,baa_g4,EFA,0.8323,0.0279,0.0348,0.0758,0.2070
2026-07-09,baa_g4,IEF,0.0691,0.0065,-0.0074,-0.0066,0.0336
2026-07-09,baa_g4,LQD,0.0692,0.0029,-0.0025,-0.0002,0.0450
2026-07-09,baa_g4,SHY,0.0932,0.0033,0.0028,0.0058,0.0310
2026-07-09,baa_g4,SPY,1.1035,0.0195,0.1148,0.0924,0.2252
2026-07-09,gem,AGG,0.0426,0.0046,-0.0015,0.0024,0.0426
2026-07-09,gem,EFA,0.2071,0.0279,0.0349,0.0758,0.2071
2026-07-09,gem,SPY,0.2251,0.0194,0.1148,0.0923,0.2251
2026-07-09,haa,AGG,0.0974,0.0046,-0.0014,0.0024,0.0426
2026-07-09,haa,EEM,1.4836,0.0229,0.1127,0.1741,0.4103
2026-07-09,haa,EFA,0.8332,0.0279,0.0349,0.0758,0.2071
2026-07-09,haa,IEF,0.0711,0.0066,-0.0072,-0.0065,0.0337
2026-07-09,haa,LQD,0.0692,0.0029,-0.0025,-0.0002,0.0450
2026-07-09,haa,SHY,0.0921,0.0032,0.0028,0.0057,0.0309
2026-07-09,haa,SPY,1.1000,0.0193,0.1147,0.0922,0.2250
2026-07-09,permanent,BIL,0.1460,0.0030,0.0090,0.0179,0.0383
2026-07-09,permanent,GLD,-0.9805,-0.0459,-0.1277,-0.0826,0.2462
2026-07-09,permanent,SPY,1.1003,0.0194,0.1147,0.0922,0.2250
2026-07-09,permanent,TLT,-0.0025,0.0039,-0.0152,-0.0083,0.0286
2026-07-09,all_weather,DBC,-0.2076,-0.0641,-0.0343,0.2096,0.2799
2026-07-09,all_weather,GLD,-0.9786,-0.0458,-0.1276,-0.0825,0.2463
2026-07-09,all_weather,IEF,0.0712,0.0066,-0.0072,-0.0065,0.0337
2026-07-09,all_weather,SPY,1.0989,0.0193,0.1146,0.0921,0.2249
2026-07-09,all_weather,TLT,-0.0025,0.0039,-0.0152,-0.0083,0.0286
2026-07-09,golden_butterfly,GLD,-0.9801,-0.0459,-0.1277,-0.0826,0.2462
2026-07-09,golden_butterfly,SHY,0.0921,0.0032,0.0028,0.0057,0.0309
2026-07-09,golden_butterfly,SPY,1.0965,0.0192,0.1145,0.0920,0.2248
2026-07-09,golden_butterfly,TLT,-0.0036,0.0038,-0.0153,-0.0084,0.0286
2026-07-09,golden_butterfly,VBR,1.1980,0.0358,0.0786,0.1112,0.2318
2026-07-09,gtaa,DBC,-0.2109,-0.0641,-0.0343,0.2096,0.2767
2026-07-09,gtaa,EFA,0.8285,0.0277,0.0346,0.0756,0.2068
2026-07-09,gtaa,IEF,0.0701,0.0066,-0.0073,-0.0066,0.0336
2026-07-09,gtaa,SHY,0.0920,0.0032,0.0028,0.0057,0.0309
2026-07-09,gtaa,SPY,1.0995,0.0193,0.1146,0.0921,0.2250
2026-07-09,gtaa,VNQ,0.9830,0.0296,0.0671,0.1117,0.1357
2026-07-09,ivy,DBC,-0.2076,-0.0641,-0.0343,0.2096,0.2799
2026-07-09,ivy,EFA,0.8304,0.0278,0.0347,0.0757,0.2069
2026-07-09,ivy,IEF,0.0712,0.0066,-0.0072,-0.0065,0.0337
2026-07-09,ivy,SHY,0.0932,0.0033,0.0028,0.0058,0.0310
2026-07-09,ivy,VNQ,0.9799,0.0295,0.0669,0.1115,0.1355
2026-07-09,ivy,VTI,1.1623,0.0227,0.1170,0.0958,0.2305
2026-07-09,faa,AGG,0.0238,0.0045,-0.0015,0.0023,0.0425
2026-07-09,faa,DBC,-0.0527,-0.0641,-0.0343,0.2096,0.2767
2026-07-09,faa,EEM,0.3694,0.0225,0.1124,0.1738,0.4099
2026-07-09,faa,EFA,0.2076,0.0278,0.0347,0.0757,0.2069
2026-07-09,faa,SHY,0.0233,0.0033,0.0028,0.0058,0.0310
2026-07-09,faa,SPY,0.2751,0.0194,0.1147,0.0922,0.2250
2026-07-09,faa,VNQ,0.2450,0.0295,0.0669,0.1115,0.1355
2026-07-09,eaa,DBC,-0.0527,-0.0641,-0.0343,0.2096,0.2767
2026-07-09,eaa,EEM,0.3694,0.0225,0.1124,0.1738,0.4099
2026-07-09,eaa,EFA,0.2076,0.0278,0.0347,0.0757,0.2069
2026-07-09,eaa,GLD,-0.2468,-0.0462,-0.1280,-0.0830,0.2457
2026-07-09,eaa,IEF,0.0173,0.0065,-0.0074,-0.0066,0.0336
2026-07-09,eaa,SHY,0.0233,0.0033,0.0028,0.0058,0.0310
2026-07-09,eaa,SPY,0.2753,0.0194,0.1147,0.0922,0.2251
2026-07-09,eaa,VNQ,0.2457,0.0296,0.0671,0.1117,0.1357
2026-07-09,laa,GLD,-0.9877,-0.0463,-0.1280,-0.0830,0.2457
2026-07-09,laa,IEF,0.0701,0.0066,-0.0073,-0.0066,0.0336
2026-07-09,laa,IWD,1.5241,0.0416,0.1135,0.1455,0.2794
2026-07-09,laa,QQQ,1.5650,0.0117,0.1953,0.1635,0.3165
2026-07-09,laa,SHY,0.0932,0.0033,0.0028,0.0058,0.0310
2026-07-09,laa,SPY,1.1036,0.0195,0.1149,0.0924,0.2252
2026-07-10,daa,BND,0.0209,0.0004,-0.0036,-0.0007,0.0320
2026-07-10,daa,DBC,-0.1172,-0.0547,-0.0428,0.2165,0.2776
2026-07-10,daa,EEM,1.5040,0.0218,0.1158,0.1831,0.4127
2026-07-10,daa,EWJ,1.5098,0.0462,0.0785,0.1475,0.3467
2026-07-10,daa,GLD,-0.9211,-0.0362,-0.1399,-0.0797,0.2327
2026-07-10,daa,HYG,0.1738,0.0052,0.0073,0.0146,0.0531
2026-07-10,daa,IEF,-0.0077,0.0019,-0.0089,-0.0103,0.0263
2026-07-10,daa,IWM,1.6817,0.0407,0.1324,0.1632,0.3369
2026-07-10,daa,LQD,-0.0651,-0.0050,-0.0072,-0.0056,0.0342
2026-07-10,daa,QQQ,1.7032,0.0255,0.1896,0.1647,0.3098
2026-07-10,daa,SHY,0.0770,0.0023,0.0022,0.0054,0.0296
2026-07-10,daa,SPY,1.1723,0.0255,0.1117,0.0991,0.2214
2026-07-10,daa,TLT,-0.1323,-0.0045,-0.0152,-0.0165,0.0154
2026-07-10,daa,VGK,0.7099,0.0234,0.0366,0.0606,0.1621
2026-07-10,daa,VNQ,0.5719,0.0001,0.0529,0.1156,0.1277
2026-07-10,daa,VWO,0.9975,0.0273,0.0639,0.0868,0.2405
2026-07-10,vaa,AGG,0.0232,0.0004,-0.0042,-0.0007,0.0360
2026-07-10,vaa,EEM,1.5009,0.0217,0.1156,0.1829,0.4125
2026-07-10,vaa,EFA,0.9198,0.0319,0.0415,0.0842,0.2029
2026-07-10,vaa,IEF,-0.0077,0.0019,-0.0089,-0.0103,0.0263
2026-07-10,vaa,LQD,-0.0651,-0.0050,-0.0072,-0.0056,0.0342
2026-07-10,vaa,SHY,0.0770,0.0023,0.0022,0.0054,0.0296
2026-07-10,vaa,SPY,1.1723,0.0255,0.1117,0.0991,0.2214
2026-07-10,paa,DBC,-0.1172,-0.0547,-0.0428,0.2165,0.2776
2026-07-10,paa,EEM,1.5009,0.0217,0.1156,0.1829,0.4125
2026-07-10,paa,EWJ,1.5098,0.0462,0.0785,0.1475,0.3467
2026-07-10,paa,GLD,-0.9189,-0.0361,-0.1398,-0.0796,0.2329
2026-07-10,paa,HYG,0.1762,0.0053,0.0074,0.0147,0.0532
2026-07-10,paa,IEF,-0.0077,0.0019,-0.0089,-0.0103,0.0263
2026-07-10,paa,IWM,1.6799,0.0407,0.1323,0.1631,0.3368
2026-07-10,paa,LQD,-0.0634,-0.0049,-0.0071,-0.0055,0.0343
2026-07-10,paa,QQQ,1.7024,0.0254,0.1895,0.1646,0.3097
2026-07-10,paa,SHY,0.0770,0.0023,0.0022,0.0054,0.0296
2026-07-10,paa,SPY,1.1747,0.0256,0.1118,0.0992,0.2216
2026-07-10,paa,TLT,-0.1312,-0.0044,-0.0151,-0.0165,0.0155
2026-07-10,paa,VGK,0.7112,0.0234,0.0366,0.0607,0.1622
2026-07-10,paa,VNQ,0.5719,0.0001,0.0529,0.1156,0.1277
2026-07-10,baa_g12,DBC,-0.1172,-0.0547,-0.0428,0.2165,0.2776
2026-07-10,baa_g12,EEM,1.5009,0.0217,0.1156,0.1829,0.4125
2026-07-10,baa_g12,EWJ,1.5120,0.0463,0.0787,0.1476,0.3468
2026-07-10,baa_g12,GLD,-0.9194,-0.0361,-0.1399,-0.0796,0.2328
2026-07-10,baa_g12,HYG,0.1762,0.0053,0.0074,0.0147,0.0532
2026-07-10,baa_g12,IEF,-0.0077,0.0019,-0.0089,-0.0103,0.0263
2026-07-10,baa_g12,IWM,1.6768,0.0405,0.1321,0.1629,0.3366
2026-07-10,baa_g12,LQD,-0.0634,-0.0049,-0.0071,-0.0055,0.0343
2026-07-10,baa_g12,QQQ,1.7012,0.0254,0.1895,0.1646,0.3096
2026-07-10,baa_g12,SHY,0.0770,0.0023,0.0022,0.0054,0.0296
2026-07-10,baa_g12,SPY,1.1728,0.0255,0.1117,0.0991,0.2215
2026-07-10,baa_g12,TLT,-0.1290,-0.0043,-0.0150,-0.0164,0.0156
2026-07-10,baa_g12,VGK,0.7112,0.0234,0.0366,0.0607,0.1622
2026-07-10,baa_g12,VNQ,0.5699,0.0000,0.0527,0.1155,0.1276
2026-07-10,baa_g4,AGG,0.0232,0.0004,-0.0042,-0.0007,0.0360
2026-07-10,baa_g4,EEM,1.4963,0.0215,0.1153,0.1826,0.4122
2026-07-10,baa_g4,EFA,0.9198,0.0319,0.0415,0.0842,0.2029
2026-07-10,baa_g4,IEF,-0.0078,0.0018,-0.0089,-0.0104,0.0263
2026-07-10,baa_g4,LQD,-0.0634,-0.0049,-0.0071,-0.0055,0.0343
2026-07-10,baa_g4,SHY,0.0764,0.0023,0.0021,0.0054,0.0296
2026-07-10,baa_g4,SPY,1.1736,0.0256,0.1118,0.0992,0.2215
2026-07-10,gem,AGG,0.0361,0.0005,-0.0041,-0.0007,0.0361
2026-07-10,gem,EFA,0.2029,0.0319,0.0415,0.0842,0.2029
2026-07-10,gem,SPY,0.2215,0.0255,0.1117,0.0991,0.2215
2026-07-10,haa,AGG,0.0232,0.0004,-0.0042,-0.0007,0.0360
2026-07-10,haa,EEM,1.4948,0.0214,0.1153,0.1825,0.4121
2026-07-10,haa,EFA,0.9188,0.0318,0.0414,0.0842,0.2028
2026-07-10,haa,IEF,-0.0077,0.0019,-0.0089,-0.0103,0.0263
2026-07-10,haa,LQD,-0.0643,-0.0049,-0.0071,-0.0055,0.0342
2026-07-10,haa,SHY,0.0776,0.0024,0.0022,0.0054,0.0297
2026-07-10,haa,SPY,1.1720,0.0255,0.1117,0.0991,0.2214
2026-07-10,permanent,BIL,0.1502,0.0033,0.0092,0.0179,0.0385
2026-07-10,permanent,GLD,-0.9228,-0.0363,-0.1400,-0.0798,0.2326
2026-07-10,permanent,SPY,1.1717,0.0255,0.1116,0.0991,0.2214
2026-07-10,permanent,TLT,-0.1323,-0.0045,-0.0152,-0.0165,0.0154
2026-07-10,all_weather,DBC,-0.1172,-0.0547,-0.0428,0.2165,0.2776
2026-07-10,all_weather,GLD,-0.9240,-0.0364,-0.1401,-0.0798,0.2325
2026-07-10,all_weather,IEF,-0.0087,0.0018,-0.0089,-0.0104,0.0263
2026-07-10,all_weather,SPY,1.1712,0.0254,0.1116,0.0990,0.2214
2026-07-10,all_weather,TLT,-0.1335,-0.0046,-0.0152,-0.0166,0.0154
2026-07-10,golden_butterfly,GLD,-0.9229,-0.0363,-0.1400,-0.0798,0.2326
2026-07-10,golden_butterfly,SHY,0.0776,0.0024,0.0022,0.0054,0.0297
2026-07-10,golden_butterfly,SPY,1.1712,0.0254,0.1116,0.0990,0.2214
2026-07-10,golden_butterfly,TLT,-0.1335,-0.0046,-0.0152,-0.0166,0.0154
2026-07-10,golden_butterfly,VBR,1.0771,0.0245,0.0764,0.1250,0.2280
2026-07-10,gtaa,DBC,-0.1204,-0.0547,-0.0428,0.2165,0.2743
2026-07-10,gtaa,EFA,0.9169,0.0317,0.0413,0.0841,0.2027
2026-07-10,gtaa,IEF,-0.0087,0.0018,-0.0089,-0.0104,0.0263
2026-07-10,gtaa,SHY,0.0765,0.0023,0.0021,0.0054,0.0296
2026-07-10,gtaa,SPY,1.1731,0.0255,0.1117,0.0991,0.2215
2026-07-10,gtaa,VNQ,0.5618,-0.0004,0.0523,0.1150,0.1271
2026-07-10,ivy,DBC,-0.1172,-0.0547,-0.0428,0.2165,0.2776
2026-07-10,ivy,EFA,0.9198,0.0319,0.0415,0.0842,0.2029
2026-07-10,ivy,IEF,-0.0087,0.0018,-0.0089,-0.0104,0.0263
2026-07-10,ivy,SHY,0.0765,0.0023,0.0021,0.0054,0.0296
2026-07-10,ivy,VNQ,0.5598,-0.0005,0.0522,0.1149,0.1270
2026-07-10,ivy,VTI,1.1992,0.0266,0.1130,0.1014,0.2248
2026-07-10,faa,AGG,0.0056,0.0004,-0.0042,-0.0008,0.0360
2026-07-10,faa,DBC,-0.0293,-0.0547,-0.0428,0.2165,0.2776
2026-07-10,faa,EEM,0.3737,0.0214,0.1153,0.1825,0.4121
2026-07-10,faa,EFA,0.2295,0.0318,0.0414,0.0841,0.2028
2026-07-10,faa,SHY,0.0194,0.0024,0.0022,0.0054,0.0297
2026-07-10,faa,SPY,0.2931,0.0255,0.1117,0.0991,0.2214
2026-07-10,faa,VNQ,0.1402,-0.0004,0.0523,0.1149,0.1271
2026-07-10,eaa,DBC,-0.0293,-0.0547,-0.0428,0.2165,0.2776
2026-07-10,eaa,EEM,0.3745,0.0215,0.1154,0.1827,0.4123
2026-07-10,eaa,EFA,0.2299,0.0319,0.0415,0.0842,0.2029
2026-07-10,eaa,GLD,-0.2292,-0.0360,-0.1398,-0.0795,0.2330
2026-07-10,eaa,IEF,-0.0022,0.0018,-0.0089,-0.0104,0.0263
2026-07-10,eaa,SHY,0.0194,0.0024,0.0022,0.0054,0.0297
2026-07-10,eaa,SPY,0.2932,0.0255,0.1117,0.0991,0.2215
2026-07-10,eaa,VNQ,0.1405,-0.0004,0.0523,0.1150,0.1271
2026-07-10,laa,GLD,-0.9160,-0.0360,-0.1397,-0.0794,0.2331
2026-07-10,laa,IEF,-0.0087,0.0018,-0.0089,-0.0104,0.0263
2026-07-10,laa,IWD,1.4993,0.0390,0.1089,0.1589,0.2775
2026-07-10,laa,QQQ,1.7052,0.0256,0.1897,0.1648,0.3099
2026-07-10,laa,SHY,0.0765,0.0023,0.0021,0.0054,0.0296
2026-07-10,laa,SPY,1.1709,0.0254,0.1116,0.0990,0.2214
2026-07-13,daa,BND,-0.0162,-0.0018,-0.0050,-0.0019,0.0288
2026-07-13,daa,DBC,0.2775,-0.0362,-0.0135,0.2288,0.3079
2026-07-13,daa,EEM,1.0073,0.0054,0.0735,0.1432,0.3619
2026-07-13,daa,EWJ,1.3875,0.0467,0.0605,0.1279,0.3293
2026-07-13,daa,GLD,-0.9091,-0.0206,-0.1608,-0.1085,0.1981
2026-07-13,daa,HYG,0.1833,0.0056,0.0098,0.0123,0.0526
2026-07-13,daa,IEF,-0.0479,-0.0006,-0.0106,-0.0108,0.0234
2026-07-13,daa,IWM,1.6142,0.0427,0.1255,0.1407,0.3187
2026-07-13,daa,LQD,-0.0975,-0.0066,-0.0085,-0.0068,0.0299
2026-07-13,daa,QQQ,1.6140,0.0290,0.1681,0.1519,0.2899
2026-07-13,daa,SHY,0.0600,0.0013,0.0015,0.0048,0.0286
2026-07-13,daa,SPY,1.2600,0.0363,0.1065,0.0933,0.2115
2026-07-13,daa,TLT,-0.1761,-0.0068,-0.0178,-0.0166,0.0096
2026-07-13,daa,VGK,0.6991,0.0288,0.0244,0.0519,0.1526
2026-07-13,daa,VNQ,0.6842,0.0077,0.0586,0.1141,0.1292
2026-07-13,daa,VWO,0.7675,0.0217,0.0392,0.0663,0.2172
2026-07-13,vaa,AGG,-0.0160,-0.0020,-0.0055,-0.0019,0.0332
2026-07-13,vaa,EEM,1.0073,0.0054,0.0735,0.1432,0.3619
2026-07-13,vaa,EFA,0.8571,0.0341,0.0280,0.0725,0.1907
2026-07-13,vaa,IEF,-0.0479,-0.0006,-0.0106,-0.0108,0.0234
2026-07-13,vaa,LQD,-0.0975,-0.0066,-0.0085,-0.0068,0.0299
2026-07-13,vaa,SHY,0.0611,0.0014,0.0016,0.0048,0.0287
2026-07-13,vaa,SPY,1.2573,0.0362,0.1063,0.0932,0.2113
2026-07-13,paa,DBC,0.2808,-0.0362,-0.0135,0.2288,0.3112
2026-07-13,paa,EEM,1.0027,0.0052,0.0732,0.1429,0.3616
2026-07-13,paa,EWJ,1.3864,0.0466,0.0604,0.1279,0.3292
2026-07-13,paa,GLD,-0.9096,-0.0206,-0.1608,-0.1085,0.1981
2026-07-13,paa,HYG,0.1845,0.0056,0.0099,0.0124,0.0526
2026-07-13,paa,IEF,-0.0479,-0.0006,-0.0106,-0.0108,0.0234
2026-07-13,paa,IWM,1.6117,0.0426,0.1253,0.1406,0.3185
2026-07-13,paa,LQD,-0.0975,-0.0066,-0.0085,-0.0068,0.0299
2026-07-13,paa,QQQ,1.6129,0.0289,0.1681,0.1518,0.2898
2026-07-13,paa,SHY,0.0611,0.0014,0.0016,0.0048,0.0287
2026-07-13,paa,SPY,1.2581,0.0362,0.1064,0.0932,0.2114
2026-07-13,paa,TLT,-0.1761,-0.0068,-0.0178,-0.0166,0.0096
2026-07-13,paa,VGK,0.6980,0.0287,0.0243,0.0518,0.1525
2026-07-13,paa,VNQ,0.6832,0.0076,0.0586,0.1141,0.1292
2026-07-13,baa_g12,DBC,0.2740,-0.0363,-0.0137,0.2286,0.3077
2026-07-13,baa_g12,EEM,1.0058,0.0054,0.0734,0.1431,0.3618
2026-07-13,baa_g12,EWJ,1.3842,0.0465,0.0603,0.1277,0.3291
2026-07-13,baa_g12,GLD,-0.9062,-0.0204,-0.1606,-0.1083,0.1983
2026-07-13,baa_g12,HYG,0.1845,0.0056,0.0099,0.0124,0.0526
2026-07-13,baa_g12,IEF,-0.0469,-0.0006,-0.0106,-0.0107,0.0234
2026-07-13,baa_g12,IWM,1.6121,0.0426,0.1254,0.1406,0.3185
2026-07-13,baa_g12,LQD,-0.0975,-0.0066,-0.0085,-0.0068,0.0299
2026-07-13,baa_g12,QQQ,1.6149,0.0290,0.1682,0.1519,0.2899
2026-07-13,baa_g12,SHY,0.0611,0.0014,0.0016,0.0048,0.0287
2026-07-13,baa_g12,SPY,1.2575,0.0362,0.1063,0.0932,0.2113
2026-07-13,baa_g12,TLT,-0.1761,-0.0068,-0.0178,-0.0166,0.0096
2026-07-13,baa_g12,VGK,0.6980,0.0287,0.0243,0.0518,0.1525
2026-07-13,baa_g12,VNQ,0.6852,0.0077,0.0587,0.1142,0.1293
2026-07-13,baa_g4,AGG,-0.0150,-0.0019,-0.0054,-0.0019,0.0333
2026-07-13,baa_g4,EEM,0.9996,0.0050,0.0731,0.1427,0.3613
2026-07-13,baa_g4,EFA,0.8551,0.0340,0.0279,0.0724,0.1906
2026-07-13,baa_g4,IEF,-0.0479,-0.0006,-0.0106,-0.0108,0.0234
2026-07-13,baa_g4,LQD,-0.0975,-0.0066,-0.0085,-0.0068,0.0299
2026-07-13,baa_g4,SHY,0.0611,0.0014,0.0016,0.0048,0.0287
2026-07-13,baa_g4,SPY,1.2608,0.0364,0.1065,0.0933,0.2115
2026-07-13,gem,AGG,0.0332,-0.0020,-0.0055,-0.0019,0.0332
2026-07-13,gem,EFA,0.1906,0.0340,0.0279,0.0724,0.1906
2026-07-13,gem,SPY,0.2115,0.0364,0.1065,0.0933,0.2115
2026-07-13,haa,AGG,-0.0141,-0.0019,-0.0054,-0.0018,0.0334
2026-07-13,haa,EEM,0.9996,0.0050,0.0731,0.1427,0.3613
2026-07-13,haa,EFA,0.8532,0.0339,0.0278,0.0723,0.1905
2026-07-13,haa,IEF,-0.0490,-0.0007,-0.0107,-0.0108,0.0233
2026-07-13,haa,LQD,-0.0984,-0.0067,-0.0086,-0.0068,0.0298
2026-07-13,haa,SHY,0.0611,0.0014,0.0016,0.0048,0.0287
2026-07-13,haa,SPY,1.2562,0.0361,0.1062,0.0931,0.2113
2026-07-13,permanent,BIL,0.1505,0.0033,0.0090,0.0181,0.0385
2026-07-13,permanent,GLD,-0.9104,-0.0207,-0.1608,-0.1085,0.1980
2026-07-13,permanent,SPY,1.2565,0.0362,0.1063,0.0931,0.2113
2026-07-13,permanent,TLT,-0.1773,-0.0068,-0.0179,-0.0167,0.0095
2026-07-13,all_weather,DBC,0.2774,-0.0363,-0.0137,0.2286,0.3110
2026-07-13,all_weather,GLD,-0.9101,-0.0207,-0.1608,-0.1085,0.1980
2026-07-13,all_weather,IEF,-0.0510,-0.0008,-0.0108,-0.0109,0.0232
2026-07-13,all_weather,SPY,1.2591,0.0363,0.1064,0.0933,0.2114
2026-07-13,all_weather,TLT,-0.1761,-0.0068,-0.0178,-0.0166,0.0096
2026-07-13,golden_butterfly,GLD,-0.9114,-0.0207,-0.1609,-0.1086,0.1980
2026-07-13,golden_butterfly,SHY,0.0611,0.0014,0.0016,0.0048,0.0287
2026-07-13,golden_butterfly,SPY,1.2589,0.0363,0.1064,0.0932,0.2114
2026-07-13,golden_butterfly,TLT,-0.1761,-0.0068,-0.0178,-0.0166,0.0096
2026-07-13,golden_butterfly,VBR,1.1798,0.0358,0.0804,0.1070,0.2147
2026-07-13,gtaa,DBC,0.2740,-0.0363,-0.0137,0.2286,0.3077
2026-07-13,gtaa,EFA,0.8561,0.0341,0.0279,0.0724,0.1907
2026-07-13,gtaa,IEF,-0.0500,-0.0007,-0.0107,-0.0109,0.0233
2026-07-13,gtaa,SHY,0.0611,0.0014,0.0016,0.0048,0.0287
2026-07-13,gtaa,SPY,1.2602,0.0364,0.1065,0.0933,0.2115
2026-07-13,gtaa,VNQ,0.6933,0.0081,0.0591,0.1147,0.1297
2026-07-13,ivy,DBC,0.2777,-0.0362,-0.0135,0.2288,0.3079
2026-07-13,ivy,EFA,0.8561,0.0341,0.0279,0.0724,0.1907
2026-07-13,ivy,IEF,-0.0500,-0.0007,-0.0107,-0.0109,0.0233
2026-07-13,ivy,SHY,0.0611,0.0014,0.0016,0.0048,0.0287
2026-07-13,ivy,VNQ,0.6943,0.0082,0.0592,0.1147,0.1298
2026-07-13,ivy,VTI,1.2764,0.0367,0.1079,0.0947,0.2145
2026-07-13,faa,AGG,-0.0040,-0.0020,-0.0055,-0.0019,0.0332
2026-07-13,faa,DBC,0.0703,-0.0362,-0.0135,0.2288,0.3112
2026-07-13,faa,EEM,0.2511,0.0053,0.0733,0.1430,0.3617
2026-07-13,faa,EFA,0.2143,0.0341,0.0280,0.0725,0.1907
2026-07-13,faa,SHY,0.0153,0.0014,0.0016,0.0048,0.0287
2026-07-13,faa,SPY,0.3157,0.0365,0.1066,0.0935,0.2117
2026-07-13,faa,VNQ,0.1736,0.0082,0.0592,0.1147,0.1298
2026-07-13,eaa,DBC,0.0694,-0.0362,-0.0135,0.2288,0.3079
2026-07-13,eaa,EEM,0.2518,0.0054,0.0735,0.1432,0.3619
2026-07-13,eaa,EFA,0.2143,0.0341,0.0280,0.0725,0.1907
2026-07-13,eaa,GLD,-0.2262,-0.0204,-0.1605,-0.1082,0.1984
2026-07-13,eaa,IEF,-0.0125,-0.0007,-0.0107,-0.0109,0.0233
2026-07-13,eaa,SHY,0.0153,0.0014,0.0016,0.0048,0.0287
2026-07-13,eaa,SPY,0.3165,0.0366,0.1068,0.0936,0.2118
2026-07-13,eaa,VNQ,0.1736,0.0082,0.0592,0.1147,0.1298
2026-07-13,laa,GLD,-0.9052,-0.0204,-0.1606,-0.1083,0.1984
2026-07-13,laa,IEF,-0.0500,-0.0007,-0.0107,-0.0109,0.0233
2026-07-13,laa,IWD,1.7394,0.0563,0.1200,0.1540,0.2757
2026-07-13,laa,QQQ,1.6194,0.0293,0.1684,0.1522,0.2902
2026-07-13,laa,SHY,0.0611,0.0014,0.0016,0.0048,0.0287
2026-07-13,laa,SPY,1.2654,0.0366,0.1067,0.0936,0.2118
2026-07-14,daa,BND,-0.0557,-0.0055,-0.0052,-0.0021,0.0351
2026-07-14,daa,DBC,0.6092,-0.0113,-0.0150,0.2456,0.3132
2026-07-14,daa,EEM,0.7719,-0.0213,0.0817,0.1561,0.3885
2026-07-14,daa,EWJ,1.1907,0.0263,0.0708,0.1181,0.3563
2026-07-14,daa,GLD,-0.9967,-0.0354,-0.1440,-0.1009,0.2055
2026-07-14,daa,HYG,0.1235,0.0011,0.0074,0.0129,0.0553
2026-07-14,daa,IEF,-0.0933,-0.0052,-0.0105,-0.0096,0.0305
2026-07-14,daa,IWM,1.2896,0.0176,0.1149,0.1376,0.3436
2026-07-14,daa,LQD,-0.1939,-0.0140,-0.0112,-0.0093,0.0373
2026-07-14,daa,QQQ,1.3531,0.0058,0.1682,0.1524,0.3063
2026-07-14,daa,SHY,0.0580,0.0006,0.0019,0.0063,0.0300
2026-07-14,daa,SPY,1.0475,0.0215,0.0984,0.0887,0.2187
2026-07-14,daa,TLT,-0.3004,-0.0174,-0.0187,-0.0211,0.0258
2026-07-14,daa,VGK,0.4024,0.0028,0.0236,0.0508,0.1726
2026-07-14,daa,VNQ,0.6542,0.0075,0.0537,0.1109,0.1281
2026-07-14,daa,VWO,0.4998,0.0006,0.0342,0.0668,0.2222
2026-07-14,vaa,AGG,-0.0593,-0.0059,-0.0057,-0.0024,0.0394
2026-07-14,vaa,EEM,0.7719,-0.0213,0.0817,0.1561,0.3885
2026-07-14,vaa,EFA,0.6006,0.0107,0.0296,0.0712,0.2116
2026-07-14,vaa,IEF,-0.0923,-0.0052,-0.0105,-0.0096,0.0306
2026-07-14,vaa,LQD,-0.1931,-0.0139,-0.0112,-0.0092,0.0373
2026-07-14,vaa,SHY,0.0579,0.0006,0.0019,0.0063,0.0300
2026-07-14,vaa,SPY,1.0448,0.0213,0.0982,0.0886,0.2185
2026-07-14,paa,DBC,0.6092,-0.0113,-0.0150,0.2456,0.3132
2026-07-14,paa,EEM,0.7704,-0.0214,0.0817,0.1560,0.3884
2026-07-14,paa,EWJ,1.1907,0.0263,0.0708,0.1181,0.3563
2026-07-14,paa,GLD,-0.9974,-0.0354,-0.1441,-0.1009,0.2054
2026-07-14,paa,HYG,0.1211,0.0009,0.0073,0.0128,0.0552
2026-07-14,paa,IEF,-0.0923,-0.0052,-0.0105,-0.0096,0.0306
2026-07-14,paa,IWM,1.2855,0.0174,0.1147,0.1374,0.3434
2026-07-14,paa,LQD,-0.1939,-0.0140,-0.0112,-0.0093,0.0373
2026-07-14,paa,QQQ,1.3458,0.0054,0.1678,0.1520,0.3058
2026-07-14,paa,SHY,0.0570,0.0006,0.0019,0.0062,0.0300
2026-07-14,paa,SPY,1.0424,0.0212,0.0981,0.0885,0.2184
2026-07-14,paa,TLT,-0.3037,-0.0176,-0.0189,-0.0212,0.0256
2026-07-14,paa,VGK,0.4013,0.0027,0.0236,0.0508,0.1726
2026-07-14,paa,VNQ,0.6512,0.0073,0.0535,0.1107,0.1279
2026-07-14,baa_g12,DBC,0.6059,-0.0113,-0.0150,0.2456,0.3099
2026-07-14,baa_g12,EEM,0.7719,-0.0213,0.0817,0.1561,0.3885
2026-07-14,baa_g12,EWJ,1.1885,0.0262,0.0706,0.1180,0.3561
2026-07-14,baa_g12,GLD,-1.0010,-0.0356,-0.1442,-0.1011,0.2052
2026-07-14,baa_g12,HYG,0.1211,0.0009,0.0073,0.0128,0.0552
2026-07-14,baa_g12,IEF,-0.0943,-0.0053,-0.0106,-0.0097,0.0305
2026-07-14,baa_g12,IWM,1.2855,0.0174,0.1147,0.1374,0.3434
2026-07-14,baa_g12,LQD,-0.1957,-0.0141,-0.0113,-0.0094,0.0372
2026-07-14,baa_g12,QQQ,1.3594,0.0061,0.1686,0.1528,0.3067
2026-07-14,baa_g12,SHY,0.0594,0.0007,0.0020,0.0064,0.0301
2026-07-14,baa_g12,SPY,1.0474,0.0215,0.0984,0.0887,0.2187
2026-07-14,baa_g12,TLT,-0.3048,-0.0177,-0.0189,-0.0213,0.0256
2026-07-14,baa_g12,VGK,0.4013,0.0027,0.0236,0.0508,0.1726
2026-07-14,baa_g12,VNQ,0.6461,0.0071,0.0532,0.1104,0.1276
2026-07-14,baa_g4,AGG,-0.0602,-0.0060,-0.0057,-0.0024,0.0394
2026-07-14,baa_g4,EEM,0.7614,-0.0218,0.0812,0.1555,0.3877
2026-07-14,baa_g4,EFA,0.5958,0.0104,0.0293,0.0710,0.2113
2026-07-14,baa_g4,IEF,-0.0943,-0.0053,-0.0106,-0.0097,0.0305
2026-07-14,baa_g4,LQD,-0.1957,-0.0141,-0.0113,-0.0094,0.0372
2026-07-14,baa_g4,SHY,0.0582,0.0006,0.0019,0.0063,0.0300
2026-07-14,baa_g4,SPY,1.0376,0.0210,0.0979,0.0882,0.2181
2026-07-14,gem,AGG,0.0393,-0.0060,-0.0058,-0.0025,0.0393
2026-07-14,gem,EFA,0.2109,0.0102,0.0290,0.0707,0.2109
2026-07-14,gem,SPY,0.2181,0.0210,0.0978,0.0882,0.2181
2026-07-14,haa,AGG,-0.0612,-0.0060,-0.0058,-0.0025,0.0393
2026-07-14,haa,EEM,0.7508,-0.0224,0.0806,0.1549,0.3870
2026-07-14,haa,EFA,0.5902,0.0102,0.0290,0.0707,0.2109
2026-07-14,haa,IEF,-0.0953,-0.0053,-0.0106,-0.0097,0.0304
2026-07-14,haa,LQD,-0.1957,-0.0141,-0.0113,-0.0094,0.0372
2026-07-14,haa,SHY,0.0582,0.0006,0.0019,0.0063,0.0300
2026-07-14,haa,SPY,1.0344,0.0208,0.0977,0.0880,0.2179
2026-07-14,permanent,BIL,0.1485,0.0032,0.0090,0.0179,0.0382
2026-07-14,permanent,GLD,-1.0073,-0.0359,-0.1445,-0.1014,0.2048
2026-07-14,permanent,SPY,1.0341,0.0208,0.0977,0.0880,0.2179
2026-07-14,permanent,TLT,-0.3093,-0.0179,-0.0192,-0.0215,0.0253
2026-07-14,all_weather,DBC,0.6092,-0.0113,-0.0150,0.2456,0.3132
2026-07-14,all_weather,GLD,-1.0102,-0.0361,-0.1447,-0.1016,0.2046
2026-07-14,all_weather,IEF,-0.0964,-0.0054,-0.0107,-0.0098,0.0303
2026-07-14,all_weather,SPY,1.0349,0.0208,0.0977,0.0881,0.2179
2026-07-14,all_weather,TLT,-0.3093,-0.0179,-0.0192,-0.0215,0.0253
2026-07-14,golden_butterfly,GLD,-1.0102,-0.0361,-0.1447,-0.1016,0.2046
2026-07-14,golden_butterfly,SHY,0.0570,0.0006,0.0019,0.0062,0.0300
2026-07-14,golden_butterfly,SPY,1.0343,0.0208,0.0977,0.0880,0.2179
2026-07-14,golden_butterfly,TLT,-0.3070,-0.0178,-0.0191,-0.0214,0.0255
2026-07-14,golden_butterfly,VBR,0.8699,0.0144,0.0687,0.0991,0.2247
2026-07-14,gtaa,DBC,0.6196,-0.0107,-0.0145,0.2463,0.3139
2026-07-14,gtaa,EFA,0.5864,0.0100,0.0288,0.0705,0.2107
2026-07-14,gtaa,IEF,-0.0973,-0.0054,-0.0107,-0.0098,0.0303
2026-07-14,gtaa,SHY,0.0570,0.0006,0.0019,0.0062,0.0300
2026-07-14,gtaa,SPY,1.0355,0.0209,0.0977,0.0881,0.2180
2026-07-14,gtaa,VNQ,0.6421,0.0069,0.0530,0.1102,0.1274
2026-07-14,ivy,DBC,0.6196,-0.0107,-0.0145,0.2463,0.3139
2026-07-14,ivy,EFA,0.5845,0.0099,0.0287,0.0704,0.2106
2026-07-14,ivy,IEF,-0.0973,-0.0054,-0.0107,-0.0098,0.0303
2026-07-14,ivy,SHY,0.0579,0.0006,0.0019,0.0063,0.0300
2026-07-14,ivy,VNQ,0.6431,0.0069,0.0531,0.1103,0.1274
2026-07-14,ivy,VTI,1.0472,0.0210,0.0983,0.0897,0.2222
2026-07-14,faa,AGG,-0.0155,-0.0061,-0.0058,-0.0025,0.0393
2026-07-14,faa,DBC,0.1541,-0.0107,-0.0145,0.2463,0.3106
2026-07-14,faa,EEM,0.1855,-0.0228,0.0801,0.1544,0.3863
2026-07-14,faa,EFA,0.1461,0.0099,0.0287,0.0704,0.2106
2026-07-14,faa,SHY,0.0143,0.0006,0.0019,0.0062,0.0300
2026-07-14,faa,SPY,0.2587,0.0208,0.0977,0.0880,0.2179
2026-07-14,faa,VNQ,0.1595,0.0066,0.0528,0.1100,0.1271
2026-07-14,eaa,DBC,0.1541,-0.0107,-0.0145,0.2463,0.3106
2026-07-14,eaa,EEM,0.1824,-0.0234,0.0794,0.1537,0.3855
2026-07-14,eaa,EFA,0.1457,0.0098,0.0286,0.0703,0.2104
2026-07-14,eaa,GLD,-0.2535,-0.0363,-0.1448,-0.1017,0.2043
2026-07-14,eaa,IEF,-0.0246,-0.0055,-0.0108,-0.0099,0.0302
2026-07-14,eaa,SHY,0.0143,0.0006,0.0019,0.0062,0.0300
2026-07-14,eaa,SPY,0.2575,0.0206,0.0974,0.0878,0.2176
2026-07-14,eaa,VNQ,0.1593,0.0066,0.0528,0.1099,0.1271
2026-07-14,laa,GLD,-1.0136,-0.0363,-0.1448,-0.1017,0.2043
2026-07-14,laa,IEF,-0.0983,-0.0055,-0.0108,-0.0099,0.0302
2026-07-14,laa,IWD,1.3272,0.0299,0.1039,0.1392,0.2746
2026-07-14,laa,QQQ,1.3351,0.0049,0.1672,0.1514,0.3051
2026-07-14,laa,SHY,0.0582,0.0006,0.0019,0.0063,0.0300
2026-07-14,laa,SPY,1.0336,0.0208,0.0976,0.0880,0.2178
2026-07-15,daa,BND,-0.0096,-0.0022,-0.0056,0.0009,0.0374
2026-07-15,daa,DBC,0.7718,0.0012,-0.0088,0.2326,0.3272
2026-07-15,daa,EEM,0.3435,-0.0391,0.0480,0.1258,0.3689
2026-07-15,daa,EWJ,0.8110,0.0082,0.0454,0.0959,0.3392
2026-07-15,daa,GLD,-1.2210,-0.0421,-0.1681,-0.1230,0.2022
2026-07-15,daa,HYG,0.1397,0.0026,0.0060,0.0140,0.0562
2026-07-15,daa,IEF,-0.0313,-0.0008,-0.0110,-0.0057,0.0338
2026-07-15,daa,IWM,1.1168,0.0095,0.1005,0.1329,0.3356
2026-07-15,daa,LQD,-0.1414,-0.0104,-0.0116,-0.0052,0.0406
2026-07-15,daa,QQQ,0.9706,-0.0111,0.1348,0.1388,0.2872
2026-07-15,daa,SHY,0.0802,0.0021,0.0024,0.0075,0.0311
2026-07-15,daa,SPY,0.9200,0.0158,0.0850,0.0869,0.2162
2026-07-15,daa,TLT,-0.2576,-0.0136,-0.0225,-0.0168,0.0294
2026-07-15,daa,VGK,0.3548,0.0020,0.0161,0.0461,0.1744
2026-07-15,daa,VNQ,0.6217,0.0048,0.0506,0.1167,0.1282
2026-07-15,daa,VWO,0.3604,-0.0048,0.0222,0.0529,0.2234
2026-07-15,vaa,AGG,-0.0095,-0.0024,-0.0060,0.0005,0.0420
2026-07-15,vaa,EEM,0.3539,-0.0386,0.0486,0.1264,0.3697
2026-07-15,vaa,EFA,0.4883,0.0062,0.0196,0.0630,0.2095
2026-07-15,vaa,IEF,-0.0313,-0.0008,-0.0110,-0.0057,0.0338
2026-07-15,vaa,LQD,-0.1405,-0.0104,-0.0115,-0.0052,0.0406
2026-07-15,vaa,SHY,0.0806,0.0021,0.0024,0.0075,0.0311
2026-07-15,vaa,SPY,0.9232,0.0160,0.0852,0.0871,0.2164
2026-07-15,paa,DBC,0.7753,0.0014,-0.0087,0.2329,0.3274
2026-07-15,paa,EEM,0.3554,-0.0385,0.0486,0.1265,0.3698
2026-07-15,paa,EWJ,0.8206,0.0087,0.0459,0.0964,0.3398
2026-07-15,paa,GLD,-1.2119,-0.0416,-0.1677,-0.1226,0.2028
2026-07-15,paa,HYG,0.1409,0.0027,0.0060,0.0141,0.0563
2026-07-15,paa,IEF,-0.0313,-0.0008,-0.0110,-0.0057,0.0338
2026-07-15,paa,IWM,1.1270,0.0100,0.1010,0.1335,0.3362
2026-07-15,paa,LQD,-0.1397,-0.0103,-0.0115,-0.0051,0.0407
2026-07-15,paa,QQQ,0.9827,-0.0105,0.1355,0.1395,0.2880
2026-07-15,paa,SHY,0.0814,0.0021,0.0024,0.0075,0.0312
2026-07-15,paa,SPY,0.9240,0.0160,0.0852,0.0871,0.2164
2026-07-15,paa,TLT,-0.2554,-0.0135,-0.0224,-0.0166,0.0296
2026-07-15,paa,VGK,0.3614,0.0023,0.0165,0.0465,0.1748
2026-07-15,paa,VNQ,0.6157,0.0045,0.0503,0.1163,0.1278
2026-07-15,baa_g12,DBC,0.7753,0.0014,-0.0087,0.2329,0.3274
2026-07-15,baa_g12,EEM,0.3569,-0.0384,0.0487,0.1265,0.3699
2026-07-15,baa_g12,EWJ,0.8227,0.0088,0.0460,0.0966,0.3399
2026-07-15,baa_g12,GLD,-1.2184,-0.0419,-0.1680,-0.1229,0.2023
2026-07-15,baa_g12,HYG,0.1409,0.0027,0.0060,0.0141,0.0563
2026-07-15,baa_g12,IEF,-0.0313,-0.0008,-0.0110,-0.0057,0.0338
2026-07-15,baa_g12,IWM,1.1260,0.0099,0.1010,0.1334,0.3362
2026-07-15,baa_g12,LQD,-0.1414,-0.0104,-0.0116,-0.0052,0.0406
2026-07-15,baa_g12,QQQ,0.9748,-0.0109,0.1350,0.1390,0.2875
2026-07-15,baa_g12,SHY,0.0825,0.0022,0.0025,0.0076,0.0312
2026-07-15,baa_g12,SPY,0.9188,0.0158,0.0849,0.0868,0.2161
2026-07-15,baa_g12,TLT,-0.2576,-0.0136,-0.0225,-0.0168,0.0294
2026-07-15,baa_g12,VGK,0.3614,0.0023,0.0165,0.0465,0.1748
2026-07-15,baa_g12,VNQ,0.6133,0.0044,0.0501,0.1162,0.1277
2026-07-15,baa_g4,AGG,-0.0115,-0.0025,-0.0061,0.0004,0.0419
2026-07-15,baa_g4,EEM,0.3539,-0.0386,0.0486,0.1264,0.3697
2026-07-15,baa_g4,EFA,0.4912,0.0063,0.0197,0.0631,0.2097
2026-07-15,baa_g4,IEF,-0.0323,-0.0009,-0.0111,-0.0057,0.0337
2026-07-15,baa_g4,LQD,-0.1432,-0.0105,-0.0117,-0.0053,0.0405
2026-07-15,baa_g4,SHY,0.0814,0.0021,0.0024,0.0075,0.0312
2026-07-15,baa_g4,SPY,0.9219,0.0159,0.0851,0.0870,0.2163
2026-07-15,gem,AGG,0.0418,-0.0025,-0.0061,0.0003,0.0418
2026-07-15,gem,EFA,0.2100,0.0066,0.0200,0.0634,0.2100
2026-07-15,gem,SPY,0.2164,0.0160,0.0852,0.0870,0.2164
2026-07-15,haa,AGG,-0.0124,-0.0025,-0.0061,0.0003,0.0418
2026-07-15,haa,EEM,0.3658,-0.0380,0.0492,0.1271,0.3705
2026-07-15,haa,EFA,0.4968,0.0066,0.0200,0.0634,0.2100
2026-07-15,haa,IEF,-0.0334,-0.0009,-0.0111,-0.0058,0.0336
2026-07-15,haa,LQD,-0.1432,-0.0105,-0.0117,-0.0053,0.0405
2026-07-15,haa,SHY,0.0814,0.0021,0.0024,0.0075,0.0312
2026-07-15,haa,SPY,0.9225,0.0160,0.0851,0.0870,0.2163
2026-07-15,permanent,BIL,0.1460,0.0030,0.0090,0.0179,0.0382
2026-07-15,permanent,GLD,-1.2136,-0.0417,-0.1677,-0.1227,0.2027
2026-07-15,permanent,SPY,0.9224,0.0160,0.0851,0.0870,0.2163
2026-07-15,permanent,TLT,-0.2587,-0.0137,-0.0226,-0.0168,0.0294
2026-07-15,all_weather,DBC,0.7719,0.0014,-0.0087,0.2329,0.3240
2026-07-15,all_weather,GLD,-1.2145,-0.0417,-0.1678,-0.1227,0.2026
2026-07-15,all_weather,IEF,-0.0344,-0.0010,-0.0112,-0.0058,0.0336
2026-07-15,all_weather,SPY,0.9221,0.0159,0.0851,0.0870,0.2163
2026-07-15,all_weather,TLT,-0.2598,-0.0137,-0.0226,-0.0169,0.0293
2026-07-15,golden_butterfly,GLD,-1.2172,-0.0419,-0.1679,-0.1228,0.2024
2026-07-15,golden_butterfly,SHY,0.0814,0.0021,0.0024,0.0075,0.0312
2026-07-15,golden_butterfly,SPY,0.9235,0.0160,0.0852,0.0871,0.2164
2026-07-15,golden_butterfly,TLT,-0.2554,-0.0135,-0.0224,-0.0166,0.0296
2026-07-15,golden_butterfly,VBR,0.8223,0.0094,0.0687,0.1043,0.2260
2026-07-15,gtaa,DBC,0.7753,0.0014,-0.0087,0.2329,0.3274
2026-07-15,gtaa,EFA,0.4986,0.0067,0.0201,0.0635,0.2102
2026-07-15,gtaa,IEF,-0.0323,-0.0009,-0.0111,-0.0057,0.0337
2026-07-15,gtaa,SHY,0.0807,0.0021,0.0024,0.0075,0.0311
2026-07-15,gtaa,SPY,0.9219,0.0159,0.0851,0.0870,0.2163
2026-07-15,gtaa,VNQ,0.5957,0.0035,0.0492,0.1152,0.1267
2026-07-15,ivy,DBC,0.7753,0.0014,-0.0087,0.2329,0.3274
2026-07-15,ivy,EFA,0.4949,0.0065,0.0199,0.0633,0.2099
2026-07-15,ivy,IEF,-0.0334,-0.0009,-0.0111,-0.0058,0.0336
2026-07-15,ivy,SHY,0.0802,0.0021,0.0024,0.0075,0.0311
2026-07-15,ivy,VNQ,0.5957,0.0035,0.0492,0.1152,0.1267
2026-07-15,ivy,VTI,0.9277,0.0157,0.0859,0.0881,0.2198
2026-07-15,faa,AGG,-0.0034,-0.0026,-0.0062,0.0003,0.0418
2026-07-15,faa,DBC,0.1930,0.0014,-0.0087,0.2329,0.3240
2026-07-15,faa,EEM,0.0903,-0.0382,0.0490,0.1268,0.3702
2026-07-15,faa,EFA,0.1230,0.0064,0.0198,0.0632,0.2097
2026-07-15,faa,SHY,0.0203,0.0021,0.0024,0.0075,0.0312
2026-07-15,faa,SPY,0.2303,0.0159,0.0851,0.0869,0.2163
2026-07-15,faa,VNQ,0.1472,0.0031,0.0488,0.1148,0.1263
2026-07-15,eaa,DBC,0.1938,0.0014,-0.0087,0.2329,0.3274
2026-07-15,eaa,EEM,0.0903,-0.0382,0.0490,0.1268,0.3702
2026-07-15,eaa,EFA,0.1219,0.0062,0.0196,0.0629,0.2095
2026-07-15,eaa,GLD,-0.3063,-0.0423,-0.1683,-0.1232,0.2019
2026-07-15,eaa,IEF,-0.0086,-0.0010,-0.0112,-0.0058,0.0336
2026-07-15,eaa,SHY,0.0201,0.0021,0.0024,0.0075,0.0311
2026-07-15,eaa,SPY,0.2291,0.0157,0.0848,0.0867,0.2160
2026-07-15,eaa,VNQ,0.1492,0.0035,0.0492,0.1153,0.1267
2026-07-15,laa,GLD,-1.2258,-0.0423,-0.1683,-0.1233,0.2018
2026-07-15,laa,IEF,-0.0344,-0.0010,-0.0112,-0.0058,0.0336
2026-07-15,laa,IWD,1.2809,0.0248,0.1041,0.1441,0.2786
2026-07-15,laa,QQQ,0.9734,-0.0110,0.1349,0.1390,0.2874
2026-07-15,laa,SHY,0.0802,0.0021,0.0024,0.0075,0.0311
2026-07-15,laa,SPY,0.9184,0.0158,0.0849,0.0868,0.2161
2026-07-16,daa,BND,-0.0333,-0.0041,-0.0053,-0.0010,0.0394
2026-07-16,daa,DBC,0.8506,0.0110,-0.0125,0.2208,0.3270
2026-07-16,daa,EEM,-0.2422,-0.0809,0.0361,0.1206,0.3428
2026-07-16,daa,EWJ,0.4109,-0.0224,0.0380,0.0948,0.3379
2026-07-16,daa,GLD,-1.6661,-0.0768,-0.1688,-0.1317,0.1936
2026-07-16,daa,HYG,0.1286,0.0013,0.0064,0.0140,0.0593
2026-07-16,daa,IEF,-0.0722,-0.0039,-0.0109,-0.0089,0.0357
2026-07-16,daa,IWM,1.0758,0.0033,0.0999,0.1358,0.3650
2026-07-16,daa,LQD,-0.1445,-0.0106,-0.0116,-0.0077,0.0440
2026-07-16,daa,QQQ,0.4082,-0.0481,0.1111,0.1323,0.2768
2026-07-16,daa,SHY,0.0701,0.0013,0.0023,0.0069,0.0319
2026-07-16,daa,SPY,0.6914,-0.0014,0.0769,0.0894,0.2218
2026-07-16,daa,TLT,-0.2976,-0.0166,-0.0218,-0.0220,0.0330
2026-07-16,daa,VGK,0.4012,0.0012,0.0221,0.0537,0.1905
2026-07-16,daa,VNQ,0.9994,0.0269,0.0653,0.1269,0.1620
2026-07-16,daa,VWO,-0.0373,-0.0330,0.0127,0.0513,0.2057
2026-07-16,vaa,AGG,-0.0360,-0.0045,-0.0056,-0.0016,0.0438
2026-07-16,vaa,EEM,-0.2422,-0.0809,0.0361,0.1206,0.3428
2026-07-16,vaa,EFA,0.4036,-0.0027,0.0206,0.0668,0.2196
2026-07-16,vaa,IEF,-0.0722,-0.0039,-0.0109,-0.0089,0.0357
2026-07-16,vaa,LQD,-0.1454,-0.0106,-0.0116,-0.0077,0.0440
2026-07-16,vaa,SHY,0.0701,0.0013,0.0023,0.0069,0.0319
2026-07-16,vaa,SPY,0.6941,-0.0013,0.0770,0.0896,0.2220
2026-07-16,paa,DBC,0.8437,0.0108,-0.0126,0.2206,0.3234
2026-07-16,paa,EEM,-0.2393,-0.0807,0.0362,0.1207,0.3430
2026-07-16,paa,EWJ,0.4162,-0.0221,0.0383,0.0951,0.3383
2026-07-16,paa,GLD,-1.6614,-0.0765,-0.1686,-0.1314,0.1939
2026-07-16,paa,HYG,0.1286,0.0013,0.0064,0.0140,0.0593
2026-07-16,paa,IEF,-0.0722,-0.0039,-0.0109,-0.0089,0.0357
2026-07-16,paa,IWM,1.0819,0.0036,0.1003,0.1361,0.3654
2026-07-16,paa,LQD,-0.1454,-0.0106,-0.0116,-0.0077,0.0440
2026-07-16,paa,QQQ,0.4077,-0.0481,0.1110,0.1323,0.2768
2026-07-16,paa,SHY,0.0701,0.0013,0.0023,0.0069,0.0319
2026-07-16,paa,SPY,0.6943,-0.0013,0.0771,0.0896,0.2220
2026-07-16,paa,TLT,-0.2965,-0.0166,-0.0217,-0.0219,0.0330
2026-07-16,paa,VGK,0.3993,0.0011,0.0220,0.0536,0.1904
2026-07-16,paa,VNQ,1.0054,0.0272,0.0656,0.1272,0.1623
2026-07-16,baa_g12,DBC,0.8437,0.0108,-0.0126,0.2206,0.3234
2026-07-16,baa_g12,EEM,-0.2437,-0.0809,0.0360,0.1205,0.3427
2026-07-16,baa_g12,EWJ,0.4151,-0.0222,0.0382,0.0950,0.3382
2026-07-16,baa_g12,GLD,-1.6626,-0.0766,-0.1686,-0.1315,0.1938
2026-07-16,baa_g12,HYG,0.1286,0.0013,0.0064,0.0140,0.0593
2026-07-16,baa_g12,IEF,-0.0722,-0.0039,-0.0109,-0.0089,0.0357
2026-07-16,baa_g12,IWM,1.0874,0.0039,0.1006,0.1364,0.3657
2026-07-16,baa_g12,LQD,-0.1436,-0.0105,-0.0115,-0.0076,0.0441
2026-07-16,baa_g12,QQQ,0.4165,-0.0477,0.1115,0.1328,0.2774
2026-07-16,baa_g12,SHY,0.0701,0.0013,0.0023,0.0069,0.0319
2026-07-16,baa_g12,SPY,0.6956,-0.0012,0.0771,0.0897,0.2221
2026-07-16,baa_g12,TLT,-0.2965,-0.0166,-0.0217,-0.0219,0.0330
2026-07-16,baa_g12,VGK,0.3993,0.0011,0.0220,0.0536,0.1904
2026-07-16,baa_g12,VNQ,1.0034,0.0271,0.0655,0.1271,0.1622
2026-07-16,baa_g4,AGG,-0.0360,-0.0045,-0.0056,-0.0016,0.0438
2026-07-16,baa_g4,EEM,-0.2334,-0.0804,0.0365,0.1211,0.3434
2026-07-16,baa_g4,EFA,0.4045,-0.0026,0.0207,0.0669,0.2197
2026-07-16,baa_g4,IEF,-0.0715,-0.0038,-0.0108,-0.0089,0.0358
2026-07-16,baa_g4,LQD,-0.1454,-0.0106,-0.0116,-0.0077,0.0440
2026-07-16,baa_g4,SHY,0.0689,0.0012,0.0022,0.0069,0.0318
2026-07-16,baa_g4,SPY,0.6962,-0.0012,0.0772,0.0897,0.2221
2026-07-16,gem,AGG,0.0437,-0.0046,-0.0056,-0.0017,0.0437
2026-07-16,gem,EFA,0.2197,-0.0026,0.0207,0.0669,0.2197
2026-07-16,gem,SPY,0.2221,-0.0012,0.0771,0.0897,0.2221
2026-07-16,haa,AGG,-0.0369,-0.0046,-0.0056,-0.0017,0.0437
2026-07-16,haa,EEM,-0.2364,-0.0806,0.0364,0.1209,0.3432
2026-07-16,haa,EFA,0.4045,-0.0026,0.0207,0.0669,0.2197
2026-07-16,haa,IEF,-0.0715,-0.0038,-0.0108,-0.0089,0.0358
2026-07-16,haa,LQD,-0.1454,-0.0106,-0.0116,-0.0077,0.0440
2026-07-16,haa,SHY,0.0712,0.0013,0.0024,0.0070,0.0319
2026-07-16,haa,SPY,0.6959,-0.0012,0.0771,0.0897,0.2221
2026-07-16,permanent,BIL,0.1482,0.0031,0.0091,0.0179,0.0383
2026-07-16,permanent,GLD,-1.6633,-0.0766,-0.1687,-0.1315,0.1938
2026-07-16,permanent,SPY,0.6962,-0.0012,0.0772,0.0897,0.2221
2026-07-16,permanent,TLT,-0.2953,-0.0165,-0.0217,-0.0219,0.0331
2026-07-16,all_weather,DBC,0.8506,0.0110,-0.0125,0.2208,0.3270
2026-07-16,all_weather,GLD,-1.6661,-0.0768,-0.1688,-0.1317,0.1936
2026-07-16,all_weather,IEF,-0.0715,-0.0038,-0.0108,-0.0089,0.0358
2026-07-16,all_weather,SPY,0.6947,-0.0012,0.0771,0.0896,0.2221
2026-07-16,all_weather,TLT,-0.2953,-0.0165,-0.0217,-0.0219,0.0331
2026-07-16,golden_butterfly,GLD,-1.6659,-0.0767,-0.1688,-0.1317,0.1936
2026-07-16,golden_butterfly,SHY,0.0701,0.0013,0.0023,0.0069,0.0319
2026-07-16,golden_butterfly,SPY,0.6948,-0.0012,0.0771,0.0896,0.2221
2026-07-16,golden_butterfly,TLT,-0.2920,-0.0163,-0.0215,-0.0217,0.0333
2026-07-16,golden_butterfly,VBR,1.0909,0.0215,0.0835,0.1162,0.2661
2026-07-16,gtaa,DBC,0.8472,0.0110,-0.0125,0.2208,0.3236
2026-07-16,gtaa,EFA,0.4054,-0.0026,0.0207,0.0669,0.2198
2026-07-16,gtaa,IEF,-0.0692,-0.0037,-0.0107,-0.0088,0.0359
2026-07-16,gtaa,SHY,0.0701,0.0013,0.0023,0.0069,0.0319
2026-07-16,gtaa,SPY,0.7017,-0.0009,0.0775,0.0900,0.2225
2026-07-16,gtaa,VNQ,1.0024,0.0270,0.0655,0.1271,0.1621
2026-07-16,ivy,DBC,0.8506,0.0110,-0.0125,0.2208,0.3270
2026-07-16,ivy,EFA,0.4084,-0.0024,0.0209,0.0671,0.2200
2026-07-16,ivy,IEF,-0.0692,-0.0037,-0.0107,-0.0088,0.0359
2026-07-16,ivy,SHY,0.0701,0.0013,0.0023,0.0069,0.0319
2026-07-16,ivy,VNQ,1.0004,0.0269,0.0654,0.1269,0.1620
2026-07-16,ivy,VTI,0.7169,-0.0005,0.0785,0.0910,0.2271
2026-07-16,faa,AGG,-0.0084,-0.0044,-0.0055,-0.0015,0.0439
2026-07-16,faa,DBC,0.2118,0.0110,-0.0125,0.2208,0.3236
2026-07-16,faa,EEM,-0.0569,-0.0801,0.0369,0.1214,0.3438
2026-07-16,faa,EFA,0.1018,-0.0025,0.0208,0.0670,0.2199
2026-07-16,faa,SHY,0.0175,0.0013,0.0023,0.0069,0.0319
2026-07-16,faa,SPY,0.1753,-0.0009,0.0774,0.0900,0.2225
2026-07-16,faa,VNQ,0.2506,0.0270,0.0655,0.1271,0.1621
2026-07-16,eaa,DBC,0.2118,0.0110,-0.0125,0.2208,0.3236
2026-07-16,eaa,EEM,-0.0547,-0.0797,0.0374,0.1220,0.3444
2026-07-16,eaa,EFA,0.1026,-0.0023,0.0210,0.0672,0.2201
2026-07-16,eaa,GLD,-0.4129,-0.0760,-0.1681,-0.1310,0.1946
2026-07-16,eaa,IEF,-0.0170,-0.0037,-0.0107,-0.0087,0.0359
2026-07-16,eaa,SHY,0.0178,0.0013,0.0024,0.0070,0.0319
2026-07-16,eaa,SPY,0.1765,-0.0007,0.0777,0.0902,0.2227
2026-07-16,eaa,VNQ,0.2493,0.0268,0.0652,0.1268,0.1618
2026-07-16,laa,GLD,-1.6500,-0.0759,-0.1680,-0.1309,0.1947
2026-07-16,laa,IEF,-0.0681,-0.0037,-0.0107,-0.0087,0.0359
2026-07-16,laa,IWD,1.3442,0.0223,0.1160,0.1538,0.3048
2026-07-16,laa,QQQ,0.4351,-0.0468,0.1126,0.1339,0.2786
2026-07-16,laa,SHY,0.0712,0.0013,0.0024,0.0070,0.0319
2026-07-16,laa,SPY,0.7060,-0.0007,0.0777,0.0903,0.2228
2026-07-17,daa,BND,-0.0227,-0.0041,-0.0023,-0.0015,0.0389
2026-07-17,daa,DBC,1.2673,0.0385,-0.0046,0.2388,0.3459
2026-07-17,daa,EEM,-0.2597,-0.0741,0.0230,0.1062,0.3249
2026-07-17,daa,EWJ,0.0409,-0.0394,0.0167,0.0689,0.3094
2026-07-17,daa,GLD,-1.6116,-0.0737,-0.1630,-0.1352,0.1949
2026-07-17,daa,HYG,0.1304,0.0013,0.0077,0.0138,0.0564
2026-07-17,daa,IEF,-0.0510,-0.0037,-0.0064,-0.0083,0.0357
2026-07-17,daa,IWM,1.0399,0.0069,0.0921,0.1221,0.3445
2026-07-17,daa,LQD,-0.1249,-0.0106,-0.0058,-0.0090,0.0436
2026-07-17,daa,QQQ,0.4088,-0.0407,0.0932,0.1315,0.2610
2026-07-17,daa,SHY,0.0742,0.0014,0.0030,0.0070,0.0308
2026-07-17,daa,SPY,0.6025,-0.0034,0.0657,0.0861,0.2081
2026-07-17,daa,TLT,-0.2220,-0.0153,-0.0088,-0.0210,0.0386
2026-07-17,daa,VGK,0.3513,-0.0020,0.0241,0.0479,0.1833
2026-07-17,daa,VNQ,0.9600,0.0274,0.0588,0.1206,0.1546
2026-07-17,daa,VWO,-0.2297,-0.0378,-0.0055,0.0323,0.1810
2026-07-17,vaa,AGG,-0.0232,-0.0044,-0.0028,-0.0018,0.0437
2026-07-17,vaa,EEM,-0.2671,-0.0744,0.0226,0.1058,0.3244
2026-07-17,vaa,EFA,0.2818,-0.0096,0.0187,0.0568,0.2089
2026-07-17,vaa,IEF,-0.0529,-0.0038,-0.0065,-0.0084,0.0356
2026-07-17,vaa,LQD,-0.1249,-0.0106,-0.0058,-0.0090,0.0436
2026-07-17,vaa,SHY,0.0752,0.0015,0.0031,0.0071,0.0309
2026-07-17,vaa,SPY,0.6065,-0.0032,0.0659,0.0864,0.2084
2026-07-17,paa,DBC,1.2533,0.0380,-0.0052,0.2381,0.3418
2026-07-17,paa,EEM,-0.2641,-0.0743,0.0227,0.1060,0.3246
2026-07-17,paa,EWJ,0.0357,-0.0397,0.0164,0.0686,0.3090
2026-07-17,paa,GLD,-1.6125,-0.0737,-0.1631,-0.1353,0.1948
2026-07-17,paa,HYG,0.1316,0.0014,0.0077,0.0139,0.0565
2026-07-17,paa,IEF,-0.0529,-0.0038,-0.0065,-0.0084,0.0356
2026-07-17,paa,IWM,1.0385,0.0068,0.0920,0.1220,0.3444
2026-07-17,paa,LQD,-0.1240,-0.0106,-0.0057,-0.0090,0.0436
2026-07-17,paa,QQQ,0.3994,-0.0411,0.0927,0.1310,0.2604
2026-07-17,paa,SHY,0.0735,0.0014,0.0030,0.0070,0.0308
2026-07-17,paa,SPY,0.5978,-0.0036,0.0655,0.0859,0.2078
2026-07-17,paa,TLT,-0.2198,-0.0152,-0.0087,-0.0209,0.0387
2026-07-17,paa,VGK,0.3535,-0.0019,0.0243,0.0480,0.1834
2026-07-17,paa,VNQ,0.9540,0.0271,0.0584,0.1202,0.1542
2026-07-17,baa_g12,DBC,1.2568,0.0380,-0.0052,0.2381,0.3452
2026-07-17,baa_g12,EEM,-0.2759,-0.0749,0.0221,0.1053,0.3237
2026-07-17,baa_g12,EWJ,0.0357,-0.0397,0.0164,0.0686,0.3090
2026-07-17,baa_g12,GLD,-1.6158,-0.0739,-0.1632,-0.1354,0.1946
2026-07-17,baa_g12,HYG,0.1292,0.0012,0.0076,0.0138,0.0563
2026-07-17,baa_g12,IEF,-0.0520,-0.0038,-0.0065,-0.0083,0.0356
2026-07-17,baa_g12,IWM,1.0324,0.0065,0.0916,0.1217,0.3440
2026-07-17,baa_g12,LQD,-0.1232,-0.0105,-0.0057,-0.0090,0.0437
2026-07-17,baa_g12,QQQ,0.3999,-0.0411,0.0927,0.1310,0.2605
2026-07-17,baa_g12,SHY,0.0744,0.0014,0.0030,0.0070,0.0308
2026-07-17,baa_g12,SPY,0.6007,-0.0035,0.0656,0.0860,0.2080
2026-07-17,baa_g12,TLT,-0.2220,-0.0153,-0.0088,-0.0210,0.0386
2026-07-17,baa_g12,VGK,0.3480,-0.0022,0.0240,0.0477,0.1831
2026-07-17,baa_g12,VNQ,0.9550,0.0272,0.0585,0.1203,0.1543
2026-07-17,baa_g4,AGG,-0.0213,-0.0043,-0.0027,-0.0017,0.0438
2026-07-17,baa_g4,EEM,-0.2745,-0.0748,0.0222,0.1054,0.3238
2026-07-17,baa_g4,EFA,0.2772,-0.0099,0.0185,0.0565,0.2086
2026-07-17,baa_g4,IEF,-0.0530,-0.0038,-0.0065,-0.0084,0.0356
2026-07-17,baa_g4,LQD,-0.1223,-0.0105,-0.0056,-0.0089,0.0437
2026-07-17,baa_g4,SHY,0.0744,0.0014,0.0030,0.0070,0.0308
2026-07-17,baa_g4,SPY,0.6007,-0.0035,0.0656,0.0860,0.2080
2026-07-17,gem,AGG,0.0438,-0.0043,-0.0027,-0.0016,0.0438
2026-07-17,gem,EFA,0.2086,-0.0099,0.0185,0.0565,0.2086
2026-07-17,gem,SPY,0.2081,-0.0034,0.0657,0.0861,0.2081
2026-07-17,haa,AGG,-0.0213,-0.0043,-0.0027,-0.0016,0.0438
2026-07-17,haa,EEM,-0.2730,-0.0747,0.0223,0.1055,0.3239
2026-07-17,haa,EFA,0.2772,-0.0099,0.0185,0.0565,0.2086
2026-07-17,haa,IEF,-0.0500,-0.0037,-0.0064,-0.0082,0.0357
2026-07-17,haa,LQD,-0.1214,-0.0104,-0.0056,-0.0089,0.0438
2026-07-17,haa,SHY,0.0753,0.0015,0.0031,0.0071,0.0309
2026-07-17,haa,SPY,0.6004,-0.0035,0.0656,0.0860,0.2080
2026-07-17,permanent,BIL,0.1517,0.0033,0.0093,0.0181,0.0384
2026-07-17,permanent,GLD,-1.6120,-0.0737,-0.1630,-0.1353,0.1949
2026-07-17,permanent,SPY,0.6025,-0.0034,0.0657,0.0861,0.2081
2026-07-17,permanent,TLT,-0.2220,-0.0153,-0.0088,-0.0210,0.0386
2026-07-17,all_weather,DBC,1.2568,0.0380,-0.0052,0.2381,0.3452
2026-07-17,all_weather,GLD,-1.6106,-0.0736,-0.1630,-0.1352,0.1950
2026-07-17,all_weather,IEF,-0.0530,-0.0038,-0.0065,-0.0084,0.0356
2026-07-17,all_weather,SPY,0.6041,-0.0033,0.0658,0.0862,0.2082
2026-07-17,all_weather,TLT,-0.2220,-0.0153,-0.0088,-0.0210,0.0386
2026-07-17,golden_butterfly,GLD,-1.6083,-0.0735,-0.1629,-0.1351,0.1951
2026-07-17,golden_butterfly,SHY,0.0744,0.0014,0.0030,0.0070,0.0308
2026-07-17,golden_butterfly,SPY,0.6044,-0.0033,0.0658,0.0862,0.2082
2026-07-17,golden_butterfly,TLT,-0.2220,-0.0153,-0.0088,-0.0210,0.0386
2026-07-17,golden_butterfly,VBR,0.9883,0.0191,0.0738,0.1047,0.2539
2026-07-17,gtaa,DBC,1.2673,0.0387,-0.0045,0.2390,0.3427
2026-07-17,gtaa,EFA,0.2837,-0.0095,0.0188,0.0569,0.2090
2026-07-17,gtaa,IEF,-0.0510,-0.0037,-0.0064,-0.0083,0.0357
2026-07-17,gtaa,SHY,0.0753,0.0015,0.0031,0.0071,0.0309
2026-07-17,gtaa,SPY,0.6060,-0.0032,0.0659,0.0863,0.2083
2026-07-17,gtaa,VNQ,0.9360,0.0262,0.0575,0.1192,0.1532
2026-07-17,ivy,DBC,1.2673,0.0387,-0.0045,0.2390,0.3427
2026-07-17,ivy,EFA,0.2837,-0.0095,0.0188,0.0569,0.2090
2026-07-17,ivy,IEF,-0.0510,-0.0037,-0.0064,-0.0083,0.0357
2026-07-17,ivy,SHY,0.0744,0.0014,0.0030,0.0070,0.0308
2026-07-17,ivy,VNQ,0.9460,0.0267,0.0580,0.1198,0.1537
2026-07-17,ivy,VTI,0.6248,-0.0026,0.0675,0.0867,0.2128
2026-07-17,faa,AGG,-0.0048,-0.0041,-0.0026,-0.0015,0.0439
2026-07-17,faa,DBC,0.3160,0.0385,-0.0046,0.2388,0.3425
2026-07-17,faa,EEM,-0.0668,-0.0744,0.0226,0.1058,0.3244
2026-07-17,faa,EFA,0.0712,-0.0095,0.0189,0.0570,0.2091
2026-07-17,faa,SHY,0.0186,0.0014,0.0030,0.0070,0.0308
2026-07-17,faa,SPY,0.1522,-0.0031,0.0661,0.0865,0.2085
2026-07-17,faa,VNQ,0.2367,0.0268,0.0581,0.1199,0.1538
2026-07-17,eaa,DBC,0.3159,0.0384,-0.0048,0.2386,0.3457
2026-07-17,eaa,EEM,-0.0649,-0.0741,0.0230,0.1062,0.3249
2026-07-17,eaa,EFA,0.0716,-0.0094,0.0190,0.0571,0.2092
2026-07-17,eaa,GLD,-0.4021,-0.0735,-0.1629,-0.1351,0.1951
2026-07-17,eaa,IEF,-0.0125,-0.0037,-0.0064,-0.0082,0.0357
2026-07-17,eaa,SHY,0.0186,0.0014,0.0030,0.0070,0.0308
2026-07-17,eaa,SPY,0.1538,-0.0028,0.0664,0.0868,0.2089
2026-07-17,eaa,VNQ,0.2366,0.0267,0.0580,0.1198,0.1538
2026-07-17,laa,GLD,-1.6064,-0.0734,-0.1628,-0.1350,0.1953
2026-07-17,laa,IEF,-0.0500,-0.0037,-0.0064,-0.0082,0.0357
2026-07-17,laa,IWD,1.2945,0.0228,0.1082,0.1461,0.2963
2026-07-17,laa,QQQ,0.4284,-0.0397,0.0943,0.1327,0.2623
2026-07-17,laa,SHY,0.0755,0.0015,0.0031,0.0071,0.0309
2026-07-17,laa,SPY,0.6154,-0.0027,0.0664,0.0868,0.2089
2026-07-20,daa,BND,-0.0488,-0.0034,-0.0092,-0.0030,0.0355
2026-07-20,daa,DBC,1.5342,0.0485,0.0270,0.2524,0.3388
2026-07-20,daa,EEM,-0.2307,-0.0674,0.0099,0.1064,0.3253
2026-07-20,daa,EWJ,0.0478,-0.0378,0.0131,0.0697,0.3095
2026-07-20,daa,GLD,-1.4112,-0.0536,-0.1753,-0.1312,0.1957
2026-07-20,daa,HYG,0.1476,0.0044,0.0033,0.0132,0.0547
2026-07-20,daa,IEF,-0.0834,-0.0026,-0.0159,-0.0103,0.0317
2026-07-20,daa,IWM,0.9791,0.0134,0.0677,0.1110,0.3255
2026-07-20,daa,LQD,-0.1834,-0.0113,-0.0152,-0.0117,0.0370
2026-07-20,daa,QQQ,0.4999,-0.0285,0.0818,0.1303,0.2541
2026-07-20,daa,SHY,0.0858,0.0035,0.0001,0.0068,0.0302
2026-07-20,daa,SPY,0.6777,0.0086,0.0524,0.0825,0.2000
2026-07-20,daa,TLT,-0.4315,-0.0250,-0.0259,-0.0289,0.0302
2026-07-20,daa,VGK,0.2760,0.0004,0.0022,0.0439,0.1748
2026-07-20,daa,VNQ,1.0860,0.0481,0.0365,0.1068,0.1496
2026-07-20,daa,VWO,-0.1404,-0.0268,-0.0164,0.0332,0.1802
2026-07-20,vaa,AGG,-0.0474,-0.0036,-0.0094,-0.0034,0.0403
2026-07-20,vaa,EEM,-0.2231,-0.0670,0.0103,0.1069,0.3259
2026-07-20,vaa,EFA,0.2284,-0.0077,0.0028,0.0539,0.2020
2026-07-20,vaa,IEF,-0.0824,-0.0025,-0.0159,-0.0103,0.0318
2026-07-20,vaa,LQD,-0.1834,-0.0113,-0.0152,-0.0117,0.0370
2026-07-20,vaa,SHY,0.0858,0.0035,0.0001,0.0068,0.0302
2026-07-20,vaa,SPY,0.6788,0.0087,0.0524,0.0826,0.2001
2026-07-20,paa,DBC,1.5447,0.0491,0.0276,0.2530,0.3395
2026-07-20,paa,EEM,-0.2234,-0.0670,0.0103,0.1069,0.3258
2026-07-20,paa,EWJ,0.0478,-0.0378,0.0131,0.0697,0.3095
2026-07-20,paa,GLD,-1.4093,-0.0535,-0.1752,-0.1312,0.1958
2026-07-20,paa,HYG,0.1464,0.0044,0.0032,0.0131,0.0546
2026-07-20,paa,IEF,-0.0824,-0.0025,-0.0159,-0.0103,0.0318
2026-07-20,paa,IWM,0.9760,0.0132,0.0676,0.1108,0.3253
2026-07-20,paa,LQD,-0.1834,-0.0113,-0.0152,-0.0117,0.0370
2026-07-20,paa,QQQ,0.4964,-0.0287,0.0816,0.1301,0.2538
2026-07-20,paa,SHY,0.0858,0.0035,0.0001,0.0068,0.0302
2026-07-20,paa,SPY,0.6730,0.0084,0.0521,0.0823,0.1997
2026-07-20,paa,TLT,-0.4315,-0.0250,-0.0259,-0.0289,0.0302
2026-07-20,paa,VGK,0.2716,0.0002,0.0020,0.0437,0.1746
2026-07-20,paa,VNQ,1.0779,0.0476,0.0361,0.1064,0.1491
2026-07-20,baa_g12,DBC,1.5447,0.0491,0.0276,0.2530,0.3395
2026-07-20,baa_g12,EEM,-0.2336,-0.0675,0.0098,0.1063,0.3251
2026-07-20,baa_g12,EWJ,0.0373,-0.0383,0.0126,0.0691,0.3088
2026-07-20,baa_g12,GLD,-1.4107,-0.0536,-0.1753,-0.1312,0.1957
2026-07-20,baa_g12,HYG,0.1464,0.0044,0.0032,0.0131,0.0546
2026-07-20,baa_g12,IEF,-0.0824,-0.0025,-0.0159,-0.0103,0.0318
2026-07-20,baa_g12,IWM,0.9716,0.0130,0.0673,0.1106,0.3250
2026-07-20,baa_g12,LQD,-0.1837,-0.0114,-0.0152,-0.0117,0.0370
2026-07-20,baa_g12,QQQ,0.4879,-0.0291,0.0811,0.1296,0.2533
2026-07-20,baa_g12,SHY,0.0858,0.0035,0.0001,0.0068,0.0302
2026-07-20,baa_g12,SPY,0.6685,0.0081,0.0519,0.0820,0.1995
2026-07-20,baa_g12,TLT,-0.4304,-0.0250,-0.0259,-0.0288,0.0303
2026-07-20,baa_g12,VGK,0.2684,-0.0000,0.0018,0.0435,0.1744
2026-07-20,baa_g12,VNQ,1.0779,0.0476,0.0361,0.1064,0.1491
2026-07-20,baa_g4,AGG,-0.0474,-0.0036,-0.0094,-0.0034,0.0403
2026-07-20,baa_g4,EEM,-0.2366,-0.0677,0.0096,0.1061,0.3249
2026-07-20,baa_g4,EFA,0.2190,-0.0082,0.0023,0.0534,0.2014
2026-07-20,baa_g4,IEF,-0.0824,-0.0025,-0.0159,-0.0103,0.0318
2026-07-20,baa_g4,LQD,-0.1843,-0.0114,-0.0153,-0.0118,0.0369
2026-07-20,baa_g4,SHY,0.0858,0.0035,0.0001,0.0068,0.0302
2026-07-20,baa_g4,SPY,0.6661,0.0080,0.0517,0.0819,0.1993
2026-07-20,gem,AGG,0.0403,-0.0036,-0.0094,-0.0034,0.0403
2026-07-20,gem,EFA,0.2013,-0.0082,0.0022,0.0533,0.2013
2026-07-20,gem,SPY,0.1993,0.0080,0.0518,0.0819,0.1993
2026-07-20,haa,AGG,-0.0475,-0.0036,-0.0094,-0.0034,0.0403
2026-07-20,haa,EEM,-0.2454,-0.0681,0.0091,0.1056,0.3243
2026-07-20,haa,EFA,0.2181,-0.0082,0.0022,0.0533,0.2013
2026-07-20,haa,IEF,-0.0830,-0.0025,-0.0159,-0.0103,0.0317
2026-07-20,haa,LQD,-0.1834,-0.0113,-0.0152,-0.0117,0.0370
2026-07-20,haa,SHY,0.0869,0.0035,0.0002,0.0068,0.0302
2026-07-20,haa,SPY,0.6698,0.0082,0.0519,0.0821,0.1996
2026-07-20,permanent,BIL,0.1502,0.0033,0.0090,0.0182,0.0384
2026-07-20,permanent,GLD,-1.4121,-0.0537,-0.1753,-0.1313,0.1956
2026-07-20,permanent,SPY,0.6690,0.0082,0.0519,0.0821,0.1995
2026-07-20,permanent,TLT,-0.4296,-0.0249,-0.0258,-0.0288,0.0303
2026-07-20,all_weather,DBC,1.5413,0.0491,0.0276,0.2530,0.3361
2026-07-20,all_weather,GLD,-1.4126,-0.0537,-0.1753,-0.1313,0.1956
2026-07-20,all_weather,IEF,-0.0834,-0.0026,-0.0159,-0.0103,0.0317
2026-07-20,all_weather,SPY,0.6690,0.0082,0.0519,0.0821,0.1995
2026-07-20,all_weather,TLT,-0.4282,-0.0248,-0.0257,-0.0287,0.0304
2026-07-20,golden_butterfly,GLD,-1.4124,-0.0537,-0.1753,-0.1313,0.1956
2026-07-20,golden_butterfly,SHY,0.0869,0.0035,0.0002,0.0068,0.0302
2026-07-20,golden_butterfly,SPY,0.6688,0.0081,0.0519,0.0820,0.1995
2026-07-20,golden_butterfly,TLT,-0.4304,-0.0250,-0.0259,-0.0288,0.0303
2026-07-20,golden_butterfly,VBR,0.9921,0.0310,0.0518,0.0885,0.2361
2026-07-20,gtaa,DBC,1.5413,0.0491,0.0276,0.2530,0.3361
2026-07-20,gtaa,EFA,0.2190,-0.0082,0.0023,0.0534,0.2014
2026-07-20,gtaa,IEF,-0.0831,-0.0025,-0.0159,-0.0103,0.0317
2026-07-20,gtaa,SHY,0.0858,0.0035,0.0001,0.0068,0.0302
2026-07-20,gtaa,SPY,0.6706,0.0082,0.0520,0.0821,0.1996
2026-07-20,gtaa,VNQ,1.0890,0.0482,0.0366,0.1070,0.1498
2026-07-20,ivy,DBC,1.5413,0.0491,0.0276,0.2530,0.3361
2026-07-20,ivy,EFA,0.2190,-0.0082,0.0023,0.0534,0.2014
2026-07-20,ivy,IEF,-0.0834,-0.0026,-0.0159,-0.0103,0.0317
2026-07-20,ivy,SHY,0.0858,0.0035,0.0001,0.0068,0.0302
2026-07-20,ivy,VNQ,1.0890,0.0482,0.0366,0.1070,0.1498
2026-07-20,ivy,VTI,0.6828,0.0087,0.0526,0.0820,0.2035
2026-07-20,faa,AGG,-0.0119,-0.0036,-0.0094,-0.0034,0.0403
2026-07-20,faa,DBC,0.3862,0.0491,0.0276,0.2530,0.3395
2026-07-20,faa,EEM,-0.0614,-0.0681,0.0091,0.1056,0.3243
2026-07-20,faa,EFA,0.0543,-0.0083,0.0022,0.0533,0.2013
2026-07-20,faa,SHY,0.0214,0.0035,0.0001,0.0068,0.0302
2026-07-20,faa,SPY,0.1663,0.0079,0.0517,0.0818,0.1993
2026-07-20,faa,VNQ,0.2734,0.0485,0.0369,0.1073,0.1500
2026-07-20,eaa,DBC,0.3862,0.0491,0.0276,0.2530,0.3395
2026-07-20,eaa,EEM,-0.0625,-0.0683,0.0089,0.1053,0.3240
2026-07-20,eaa,EFA,0.0538,-0.0084,0.0021,0.0532,0.2011
2026-07-20,eaa,GLD,-0.3526,-0.0536,-0.1752,-0.1312,0.1957
2026-07-20,eaa,IEF,-0.0204,-0.0025,-0.0158,-0.0102,0.0318
2026-07-20,eaa,SHY,0.0214,0.0035,0.0001,0.0068,0.0302
2026-07-20,eaa,SPY,0.1656,0.0078,0.0516,0.0817,0.1991
2026-07-20,eaa,VNQ,0.2730,0.0484,0.0368,0.1072,0.1499
2026-07-20,laa,GLD,-1.4121,-0.0537,-0.1753,-0.1313,0.1956
2026-07-20,laa,IEF,-0.0814,-0.0025,-0.0158,-0.0102,0.0318
2026-07-20,laa,IWD,1.2951,0.0301,0.0936,0.1376,0.2840
2026-07-20,laa,QQQ,0.4767,-0.0297,0.0805,0.1290,0.2526
2026-07-20,laa,SHY,0.0869,0.0035,0.0002,0.0068,0.0302
2026-07-20,laa,SPY,0.6624,0.0078,0.0516,0.0817,0.1991
2026-07-21,daa,BND,-0.1073,-0.0077,-0.0101,-0.0030,0.0322
2026-07-21,daa,DBC,1.8627,0.0694,0.0306,0.2758,0.3556
2026-07-21,daa,EEM,-0.0979,-0.0750,0.0418,0.1374,0.3603
2026-07-21,daa,EWJ,0.3067,-0.0345,0.0461,0.0932,0.3500
2026-07-21,daa,GLD,-1.0494,-0.0347,-0.1547,-0.1130,0.2117
2026-07-21,daa,HYG,0.0954,0.0004,0.0036,0.0120,0.0526
2026-07-21,daa,IEF,-0.1453,-0.0076,-0.0164,-0.0080,0.0274
2026-07-21,daa,IWM,0.8862,0.0018,0.0702,0.1189,0.3458
2026-07-21,daa,LQD,-0.2618,-0.0167,-0.0177,-0.0115,0.0323
2026-07-21,daa,QQQ,0.4635,-0.0408,0.0983,0.1449,0.2704
2026-07-21,daa,SHY,0.0661,0.0018,0.0003,0.0068,0.0290
2026-07-21,daa,SPY,0.6557,0.0029,0.0594,0.0885,0.2065
2026-07-21,daa,TLT,-0.5239,-0.0322,-0.0281,-0.0257,0.0261
2026-07-21,daa,VGK,0.4107,0.0061,0.0132,0.0495,0.1861
2026-07-21,daa,VNQ,1.0989,0.0513,0.0353,0.0962,0.1500
2026-07-21,daa,VWO,-0.0572,-0.0305,0.0013,0.0533,0.1974
2026-07-21,vaa,AGG,-0.1105,-0.0081,-0.0109,-0.0032,0.0367
2026-07-21,vaa,EEM,-0.0936,-0.0748,0.0420,0.1376,0.3606
2026-07-21,vaa,EFA,0.3925,-0.0022,0.0184,0.0632,0.2193
2026-07-21,vaa,IEF,-0.1447,-0.0076,-0.0164,-0.0079,0.0274
2026-07-21,vaa,LQD,-0.2618,-0.0167,-0.0177,-0.0115,0.0323
2026-07-21,vaa,SHY,0.0677,0.0019,0.0004,0.0068,0.0291
2026-07-21,vaa,SPY,0.6560,0.0029,0.0594,0.0885,0.2065
2026-07-21,paa,DBC,1.8571,0.0689,0.0302,0.2753,0.3585
2026-07-21,paa,EEM,-0.0965,-0.0749,0.0419,0.1375,0.3604
2026-07-21,paa,EWJ,0.3067,-0.0345,0.0461,0.0932,0.3500
2026-07-21,paa,GLD,-1.0505,-0.0347,-0.1548,-0.1130,0.2117
2026-07-21,paa,HYG,0.0954,0.0004,0.0036,0.0120,0.0526
2026-07-21,paa,IEF,-0.1447,-0.0076,-0.0164,-0.0079,0.0274
2026-07-21,paa,IWM,0.8906,0.0020,0.0705,0.1191,0.3460
2026-07-21,paa,LQD,-0.2618,-0.0167,-0.0177,-0.0115,0.0323
2026-07-21,paa,QQQ,0.4629,-0.0409,0.0983,0.1449,0.2704
2026-07-21,paa,SHY,0.0653,0.0018,0.0003,0.0067,0.0290
2026-07-21,paa,SPY,0.6562,0.0029,0.0594,0.0885,0.2066
2026-07-21,paa,TLT,-0.5217,-0.0321,-0.0280,-0.0256,0.0262
2026-07-21,paa,VGK,0.4096,0.0060,0.0132,0.0494,0.1860
2026-07-21,paa,VNQ,1.1029,0.0515,0.0355,0.0964,0.1503
2026-07-21,baa_g12,DBC,1.8571,0.0689,0.0302,0.2753,0.3585
2026-07-21,baa_g12,EEM,-0.0936,-0.0748,0.0420,0.1376,0.3606
2026-07-21,baa_g12,EWJ,0.3088,-0.0344,0.0462,0.0933,0.3501
2026-07-21,baa_g12,GLD,-1.0494,-0.0347,-0.1547,-0.1130,0.2117
2026-07-21,baa_g12,HYG,0.0966,0.0004,0.0037,0.0121,0.0527
2026-07-21,baa_g12,IEF,-0.1443,-0.0075,-0.0163,-0.0079,0.0274
2026-07-21,baa_g12,IWM,0.8939,0.0022,0.0706,0.1193,0.3463
2026-07-21,baa_g12,LQD,-0.2592,-0.0165,-0.0176,-0.0114,0.0324
2026-07-21,baa_g12,QQQ,0.4651,-0.0407,0.0984,0.1450,0.2705
2026-07-21,baa_g12,SHY,0.0665,0.0019,0.0004,0.0068,0.0291
2026-07-21,baa_g12,SPY,0.6578,0.0030,0.0595,0.0886,0.2066
2026-07-21,baa_g12,TLT,-0.5206,-0.0320,-0.0280,-0.0255,0.0263
2026-07-21,baa_g12,VGK,0.4140,0.0062,0.0134,0.0497,0.1863
2026-07-21,baa_g12,VNQ,1.1090,0.0518,0.0358,0.0968,0.1506
2026-07-21,baa_g4,AGG,-0.1096,-0.0081,-0.0108,-0.0032,0.0368
2026-07-21,baa_g4,EEM,-0.0979,-0.0750,0.0418,0.1374,0.3603
2026-07-21,baa_g4,EFA,0.3934,-0.0022,0.0185,0.0633,0.2194
2026-07-21,baa_g4,IEF,-0.1443,-0.0075,-0.0163,-0.0079,0.0274
2026-07-21,baa_g4,LQD,-0.2601,-0.0166,-0.0176,-0.0114,0.0324
2026-07-21,baa_g4,SHY,0.0665,0.0019,0.0004,0.0068,0.0291
2026-07-21,baa_g4,SPY,0.6591,0.0031,0.0596,0.0887,0.2067
2026-07-21,gem,AGG,0.0368,-0.0080,-0.0108,-0.0031,0.0368
2026-07-21,gem,EFA,0.2195,-0.0022,0.0185,0.0633,0.2195
2026-07-21,gem,SPY,0.2067,0.0030,0.0596,0.0887,0.2067
2026-07-21,haa,AGG,-0.1086,-0.0080,-0.0108,-0.0031,0.0368
2026-07-21,haa,EEM,-0.0979,-0.0750,0.0418,0.1374,0.3603
2026-07-21,haa,EFA,0.3943,-0.0022,0.0185,0.0633,0.2195
2026-07-21,haa,IEF,-0.1423,-0.0074,-0.0162,-0.0078,0.0275
2026-07-21,haa,LQD,-0.2601,-0.0166,-0.0176,-0.0114,0.0324
2026-07-21,haa,SHY,0.0665,0.0019,0.0004,0.0068,0.0291
2026-07-21,haa,SPY,0.6588,0.0030,0.0596,0.0887,0.2067
2026-07-21,permanent,BIL,0.1436,0.0029,0.0089,0.0178,0.0380
2026-07-21,permanent,GLD,-1.0537,-0.0349,-0.1549,-0.1132,0.2115
2026-07-21,permanent,SPY,0.6559,0.0029,0.0594,0.0885,0.2065
2026-07-21,permanent,TLT,-0.5206,-0.0320,-0.0280,-0.0255,0.0263
2026-07-21,all_weather,DBC,1.8536,0.0689,0.0302,0.2753,0.3551
2026-07-21,all_weather,GLD,-1.0533,-0.0349,-0.1549,-0.1132,0.2115
2026-07-21,all_weather,IEF,-0.1433,-0.0075,-0.0163,-0.0079,0.0275
2026-07-21,all_weather,SPY,0.6562,0.0029,0.0594,0.0885,0.2066
2026-07-21,all_weather,TLT,-0.5206,-0.0320,-0.0280,-0.0255,0.0263
2026-07-21,golden_butterfly,GLD,-1.0554,-0.0350,-0.1550,-0.1133,0.2113
2026-07-21,golden_butterfly,SHY,0.0673,0.0019,0.0004,0.0068,0.0291
2026-07-21,golden_butterfly,SPY,0.6554,0.0029,0.0594,0.0885,0.2065
2026-07-21,golden_butterfly,TLT,-0.5206,-0.0320,-0.0280,-0.0255,0.0263
2026-07-21,golden_butterfly,VBR,0.9294,0.0259,0.0484,0.0931,0.2384
2026-07-21,gtaa,DBC,1.8571,0.0689,0.0302,0.2753,0.3585
2026-07-21,gtaa,EFA,0.3897,-0.0024,0.0183,0.0631,0.2192
2026-07-21,gtaa,IEF,-0.1424,-0.0074,-0.0162,-0.0078,0.0275
2026-07-21,gtaa,SHY,0.0665,0.0019,0.0004,0.0068,0.0291
2026-07-21,gtaa,SPY,0.6549,0.0028,0.0594,0.0885,0.2065
2026-07-21,gtaa,VNQ,1.0979,0.0512,0.0353,0.0962,0.1500
2026-07-21,ivy,DBC,1.8607,0.0693,0.0305,0.2757,0.3555
2026-07-21,ivy,EFA,0.3906,-0.0023,0.0183,0.0631,0.2192
2026-07-21,ivy,IEF,-0.1433,-0.0075,-0.0163,-0.0079,0.0275
2026-07-21,ivy,SHY,0.0665,0.0019,0.0004,0.0068,0.0291
2026-07-21,ivy,VNQ,1.0928,0.0509,0.0350,0.0959,0.1497
2026-07-21,ivy,VTI,0.6491,0.0023,0.0589,0.0882,0.2103
2026-07-21,faa,AGG,-0.0274,-0.0081,-0.0108,-0.0032,0.0368
2026-07-21,faa,DBC,0.4660,0.0693,0.0305,0.2757,0.3590
2026-07-21,faa,EEM,-0.0256,-0.0752,0.0415,0.1371,0.3600
2026-07-21,faa,EFA,0.0977,-0.0023,0.0183,0.0631,0.2192
2026-07-21,faa,SHY,0.0166,0.0019,0.0004,0.0068,0.0291
2026-07-21,faa,SPY,0.1639,0.0029,0.0594,0.0885,0.2065
2026-07-21,faa,VNQ,0.2719,0.0507,0.0348,0.0956,0.1494
2026-07-21,eaa,DBC,0.4652,0.0693,0.0305,0.2757,0.3555
2026-07-21,eaa,EEM,-0.0259,-0.0753,0.0415,0.1370,0.3599
2026-07-21,eaa,EFA,0.0977,-0.0023,0.0183,0.0631,0.2192
2026-07-21,eaa,GLD,-0.2637,-0.0350,-0.1550,-0.1133,0.2114
2026-07-21,eaa,IEF,-0.0361,-0.0075,-0.0163,-0.0079,0.0274
2026-07-21,eaa,SHY,0.0166,0.0019,0.0004,0.0068,0.0291
2026-07-21,eaa,SPY,0.1635,0.0028,0.0593,0.0884,0.2064
2026-07-21,eaa,VNQ,0.2717,0.0506,0.0347,0.0956,0.1494
2026-07-21,laa,GLD,-1.0542,-0.0350,-0.1549,-0.1132,0.2114
2026-07-21,laa,IEF,-0.1443,-0.0075,-0.0163,-0.0079,0.0274
2026-07-21,laa,IWD,1.1991,0.0223,0.0927,0.1384,0.2846
2026-07-21,laa,QQQ,0.4640,-0.0408,0.0983,0.1449,0.2704
2026-07-21,laa,SHY,0.0676,0.0019,0.0004,0.0068,0.0291
2026-07-21,laa,SPY,0.6554,0.0029,0.0594,0.0885,0.2065
